
> frontend@0.0.0 start
> ng serve

❯ Building...
✔ Building...
Initial chunk files | Names                |  Raw size
main.js             | main                 |  11.93 kB | 
styles.css          | styles               |   7.20 kB | 
chunk-NMFHWJDJ.js   | -                    |   3.53 kB | 
chunk-CZJLB7T5.js   | -                    |   1.08 kB | 
chunk-RMQ6JMAT.js   | -                    | 222 bytes | 

                    | Initial total        |  23.95 kB

Lazy chunk files    | Names                |  Raw size
chunk-C2QCUFJF.js   | bcc-role-detail      | 342.50 kB | 
chunk-RA5HEQ6J.js   | bcc-library-detail   | 292.00 kB | 
chunk-G3KGOHXY.js   | bcc-role-view        | 261.45 kB | 
chunk-AYA7SMVD.js   | organization-detail  | 259.09 kB | 
chunk-J7DBRJS6.js   | bcc-control-center   | 232.89 kB | 
chunk-YCE2KLPS.js   | bcc-skill-view       | 231.23 kB | 
chunk-DRJNAO6M.js   | bcc-task-view        | 229.11 kB | 
chunk-P2I22DGU.js   | bcc-child-profile    | 228.97 kB | 
chunk-CDZYAHV6.js   | training-crm-mastery | 175.66 kB | 
chunk-RVDDHINA.js   | opportunity-profile  | 148.89 kB | 
chunk-OSESI4NT.js   | quote-profile        | 144.50 kB | 
chunk-VPNB7HBM.js   | product-detail       | 140.87 kB | 
chunk-UFOVS4LH.js   | settings-products    | 137.28 kB | 
chunk-E6CJHAHI.js   | settings-roles       | 136.52 kB | 
chunk-PTO757KG.js   | quotes               | 135.60 kB | 
...and 39 more lazy chunks files. Use "--verbose" to show all the files.

Application bundle generation complete. [4.100 seconds] - 2026-03-10T03:17:42.180Z

[33m▲ [43;33m[[43;30mWARNING[43;33m][0m [1mNG8107: NG8107: The left side of this optional chain operation does not include 'null' or 'undefined' in its type, therefore the '?.' operator can be replaced with the '.' operator. Find more at https://v21.angular.dev/extended-diagnostics/NG8107[0m [1m[35m[plugin angular-compiler][0m

    src/app/pages/activities/activities.html:112:56:
[37m      112 │                         @if (activity.organization_ids?.[32mlength[37m) {
          ╵                                                         [32m~~~~~~[0m

  Warning occurs in the template of component ActivitiesComponent.

    src/app/pages/activities/activities.ts:12:17:
[37m      12 │     templateUrl: [32m'./activities.html'[37m,
         ╵                  [32m~~~~~~~~~~~~~~~~~~~[0m


[33m▲ [43;33m[[43;30mWARNING[43;33m][0m [1mNG8107: NG8107: The left side of this optional chain operation does not include 'null' or 'undefined' in its type, therefore the '?.' operator can be replaced with the '.' operator. Find more at https://v21.angular.dev/extended-diagnostics/NG8107[0m [1m[35m[plugin angular-compiler][0m

    src/app/pages/activities/activities.html:119:51:
[37m      119 │                         @if (activity.contact_ids?.[32mlength[37m) {
          ╵                                                    [32m~~~~~~[0m

  Warning occurs in the template of component ActivitiesComponent.

    src/app/pages/activities/activities.ts:12:17:
[37m      12 │     templateUrl: [32m'./activities.html'[37m,
         ╵                  [32m~~~~~~~~~~~~~~~~~~~[0m


[33m▲ [43;33m[[43;30mWARNING[43;33m][0m [1mNG8107: NG8107: The left side of this optional chain operation does not include 'null' or 'undefined' in its type, therefore the '?.' operator can be replaced with the '.' operator. Find more at https://v21.angular.dev/extended-diagnostics/NG8107[0m [1m[35m[plugin angular-compiler][0m

    src/app/pages/activities/activities.html:126:55:
[37m      126 │                         @if (activity.opportunity_ids?.[32mlength[37m) {
          ╵                                                        [32m~~~~~~[0m

  Warning occurs in the template of component ActivitiesComponent.

    src/app/pages/activities/activities.ts:12:17:
[37m      12 │     templateUrl: [32m'./activities.html'[37m,
         ╵                  [32m~~~~~~~~~~~~~~~~~~~[0m


[33m▲ [43;33m[[43;30mWARNING[43;33m][0m [1mNG8107: NG8107: The left side of this optional chain operation does not include 'null' or 'undefined' in its type, therefore the '?.' operator can be replaced with the '.' operator. Find more at https://v21.angular.dev/extended-diagnostics/NG8107[0m [1m[35m[plugin angular-compiler][0m

    src/app/pages/activities/activities.html:224:64:
[37m      224 │ ...         [disabled]="isCreating || !newActivity.subject?.[32mtrim[37m()">
          ╵                                                             [32m~~~~[0m

  Warning occurs in the template of component ActivitiesComponent.

    src/app/pages/activities/activities.ts:12:17:
[37m      12 │     templateUrl: [32m'./activities.html'[37m,
         ╵                  [32m~~~~~~~~~~~~~~~~~~~[0m


[33m▲ [43;33m[[43;30mWARNING[43;33m][0m [1mNG8107: NG8107: The left side of this optional chain operation does not include 'null' or 'undefined' in its type, therefore the '?.' operator can be replaced with the '.' operator. Find more at https://v21.angular.dev/extended-diagnostics/NG8107[0m [1m[35m[plugin angular-compiler][0m

    src/app/pages/contact-profile/contact-profile.html:239:53:
[37m      239 │                             @if (a.organization_ids?.[32mlength[37m) {
          ╵                                                      [32m~~~~~~[0m

  Warning occurs in the template of component ContactProfileComponent.

    src/app/pages/contact-profile/contact-profile.ts:15:17:
[37m      15 │     templateUrl: [32m'./contact-profile.html'[37m,
         ╵                  [32m~~~~~~~~~~~~~~~~~~~~~~~~[0m


[33m▲ [43;33m[[43;30mWARNING[43;33m][0m [1mNG8107: NG8107: The left side of this optional chain operation does not include 'null' or 'undefined' in its type, therefore the '?.' operator can be replaced with the '.' operator. Find more at https://v21.angular.dev/extended-diagnostics/NG8107[0m [1m[35m[plugin angular-compiler][0m

    src/app/pages/contact-profile/contact-profile.html:246:48:
[37m      246 │                             @if (a.contact_ids?.[32mlength[37m) {
          ╵                                                 [32m~~~~~~[0m

  Warning occurs in the template of component ContactProfileComponent.

    src/app/pages/contact-profile/contact-profile.ts:15:17:
[37m      15 │     templateUrl: [32m'./contact-profile.html'[37m,
         ╵                  [32m~~~~~~~~~~~~~~~~~~~~~~~~[0m


[33m▲ [43;33m[[43;30mWARNING[43;33m][0m [1mNG8107: NG8107: The left side of this optional chain operation does not include 'null' or 'undefined' in its type, therefore the '?.' operator can be replaced with the '.' operator. Find more at https://v21.angular.dev/extended-diagnostics/NG8107[0m [1m[35m[plugin angular-compiler][0m

    src/app/pages/contact-profile/contact-profile.html:253:52:
[37m      253 │                             @if (a.opportunity_ids?.[32mlength[37m) {
          ╵                                                     [32m~~~~~~[0m

  Warning occurs in the template of component ContactProfileComponent.

    src/app/pages/contact-profile/contact-profile.ts:15:17:
[37m      15 │     templateUrl: [32m'./contact-profile.html'[37m,
         ╵                  [32m~~~~~~~~~~~~~~~~~~~~~~~~[0m


[33m▲ [43;33m[[43;30mWARNING[43;33m][0m [1mNG8113: All imports are unused[0m [1m[35m[plugin angular-compiler][0m

    src/app/pages/dashboard/dashboard.ts:12:4:
[37m      12 │     [32mimports[37m: [RouterLink],
         ╵     [32m~~~~~~~[0m


[33m▲ [43;33m[[43;30mWARNING[43;33m][0m [1mNG8113: DecimalPipe is not used within the template of KBPortalComponent[0m [1m[35m[plugin angular-compiler][0m

    src/app/pages/knowledge-base/kb-portal.ts:11:49:
[37m      11 │     imports: [FormsModule, RouterLink, DatePipe, [32mDecimalPipe[37m],
         ╵                                                  [32m~~~~~~~~~~~[0m


[33m▲ [43;33m[[43;30mWARNING[43;33m][0m [1mNG8107: NG8107: The left side of this optional chain operation does not include 'null' or 'undefined' in its type, therefore the '?.' operator can be replaced with the '.' operator. Find more at https://v21.angular.dev/extended-diagnostics/NG8107[0m [1m[35m[plugin angular-compiler][0m

    src/app/pages/opportunity-profile/opportunity-profile.html:352:49:
[37m      352 │                         @if (a.organization_ids?.[32mlength[37m) {
          ╵                                                  [32m~~~~~~[0m

  Warning occurs in the template of component OpportunityProfileComponent.

    src/app/pages/opportunity-profile/opportunity-profile.ts:29:17:
[37m      29 │     templateUrl: [32m'./opportunity-profile.html'[37m,
         ╵                  [32m~~~~~~~~~~~~~~~~~~~~~~~~~~~~[0m


[33m▲ [43;33m[[43;30mWARNING[43;33m][0m [1mNG8107: NG8107: The left side of this optional chain operation does not include 'null' or 'undefined' in its type, therefore the '?.' operator can be replaced with the '.' operator. Find more at https://v21.angular.dev/extended-diagnostics/NG8107[0m [1m[35m[plugin angular-compiler][0m

    src/app/pages/opportunity-profile/opportunity-profile.html:359:44:
[37m      359 │                         @if (a.contact_ids?.[32mlength[37m) {
          ╵                                             [32m~~~~~~[0m

  Warning occurs in the template of component OpportunityProfileComponent.

    src/app/pages/opportunity-profile/opportunity-profile.ts:29:17:
[37m      29 │     templateUrl: [32m'./opportunity-profile.html'[37m,
         ╵                  [32m~~~~~~~~~~~~~~~~~~~~~~~~~~~~[0m


[33m▲ [43;33m[[43;30mWARNING[43;33m][0m [1mNG8107: NG8107: The left side of this optional chain operation does not include 'null' or 'undefined' in its type, therefore the '?.' operator can be replaced with the '.' operator. Find more at https://v21.angular.dev/extended-diagnostics/NG8107[0m [1m[35m[plugin angular-compiler][0m

    src/app/pages/opportunity-profile/opportunity-profile.html:366:48:
[37m      366 │                         @if (a.opportunity_ids?.[32mlength[37m) {
          ╵                                                 [32m~~~~~~[0m

  Warning occurs in the template of component OpportunityProfileComponent.

    src/app/pages/opportunity-profile/opportunity-profile.ts:29:17:
[37m      29 │     templateUrl: [32m'./opportunity-profile.html'[37m,
         ╵                  [32m~~~~~~~~~~~~~~~~~~~~~~~~~~~~[0m


[33m▲ [43;33m[[43;30mWARNING[43;33m][0m [1mNG8113: UpperCasePipe is not used within the template of OpportunityProfileComponent[0m [1m[35m[plugin angular-compiler][0m

    src/app/pages/opportunity-profile/opportunity-profile.ts:28:26:
[37m      28 │     imports: [RouterLink, [32mUpperCasePipe[37m, DatePipe, FormsModule],
         ╵                           [32m~~~~~~~~~~~~~[0m


[33m▲ [43;33m[[43;30mWARNING[43;33m][0m [1mNG8107: NG8107: The left side of this optional chain operation does not include 'null' or 'undefined' in its type, therefore the '?.' operator can be replaced with the '.' operator. Find more at https://v21.angular.dev/extended-diagnostics/NG8107[0m [1m[35m[plugin angular-compiler][0m

    src/app/pages/organization-detail/organization-detail.html:803:53:
[37m      803 │                             @if (a.organization_ids?.[32mlength[37m) {
          ╵                                                      [32m~~~~~~[0m

  Warning occurs in the template of component OrganizationDetailComponent.

    src/app/pages/organization-detail/organization-detail.ts:20:17:
[37m      20 │     templateUrl: [32m'./organization-detail.html'[37m,
         ╵                  [32m~~~~~~~~~~~~~~~~~~~~~~~~~~~~[0m


[33m▲ [43;33m[[43;30mWARNING[43;33m][0m [1mNG8107: NG8107: The left side of this optional chain operation does not include 'null' or 'undefined' in its type, therefore the '?.' operator can be replaced with the '.' operator. Find more at https://v21.angular.dev/extended-diagnostics/NG8107[0m [1m[35m[plugin angular-compiler][0m

    src/app/pages/organization-detail/organization-detail.html:810:48:
[37m      810 │                             @if (a.contact_ids?.[32mlength[37m) {
          ╵                                                 [32m~~~~~~[0m

  Warning occurs in the template of component OrganizationDetailComponent.

    src/app/pages/organization-detail/organization-detail.ts:20:17:
[37m      20 │     templateUrl: [32m'./organization-detail.html'[37m,
         ╵                  [32m~~~~~~~~~~~~~~~~~~~~~~~~~~~~[0m


[33m▲ [43;33m[[43;30mWARNING[43;33m][0m [1mNG8107: NG8107: The left side of this optional chain operation does not include 'null' or 'undefined' in its type, therefore the '?.' operator can be replaced with the '.' operator. Find more at https://v21.angular.dev/extended-diagnostics/NG8107[0m [1m[35m[plugin angular-compiler][0m

    src/app/pages/organization-detail/organization-detail.html:817:52:
[37m      817 │                             @if (a.opportunity_ids?.[32mlength[37m) {
          ╵                                                     [32m~~~~~~[0m

  Warning occurs in the template of component OrganizationDetailComponent.

    src/app/pages/organization-detail/organization-detail.ts:20:17:
[37m      20 │     templateUrl: [32m'./organization-detail.html'[37m,
         ╵                  [32m~~~~~~~~~~~~~~~~~~~~~~~~~~~~[0m


[33m▲ [43;33m[[43;30mWARNING[43;33m][0m [1mNG8113: All imports are unused[0m [1m[35m[plugin angular-compiler][0m

    src/app/pages/quotes/quotes.ts:9:4:
[37m      9 │     [32mimports[37m: [RouterLink],
        ╵     [32m~~~~~~~[0m


[33m▲ [43;33m[[43;30mWARNING[43;33m][0m [1mNG8107: NG8107: The left side of this optional chain operation does not include 'null' or 'undefined' in its type, therefore the '?.' operator can be replaced with the '.' operator. Find more at https://v21.angular.dev/extended-diagnostics/NG8107[0m [1m[35m[plugin angular-compiler][0m

    src/app/pages/settings/bcc-control-center/bcc-library-detail/bcc-library-detail.html:21:55:
[37m      21 │                 <h2 class="role-header__name">{{ item?.[32mname[37m }}</h2>
         ╵                                                        [32m~~~~[0m

  Warning occurs in the template of component BccLibraryDetailComponent.

    src/app/pages/settings/bcc-control-center/bcc-library-detail/bcc-library-detail.ts:14:17:
[37m      14 │     templateUrl: [32m'./bcc-library-detail.html'[37m,
         ╵                  [32m~~~~~~~~~~~~~~~~~~~~~~~~~~~[0m


[33m▲ [43;33m[[43;30mWARNING[43;33m][0m [1mNG8113: KeyValuePipe is not used within the template of BccLibraryDetailComponent[0m [1m[35m[plugin angular-compiler][0m

    src/app/pages/settings/bcc-control-center/bcc-library-detail/bcc-library-detail.ts:13:26:
[37m      13 │     imports: [RouterLink, [32mKeyValuePipe[37m, UpperCasePipe, JsonPipe, D...
         ╵                           [32m~~~~~~~~~~~~[0m


[33m▲ [43;33m[[43;30mWARNING[43;33m][0m [1mNG8113: JsonPipe is not used within the template of BccLibraryDetailComponent[0m [1m[35m[plugin angular-compiler][0m

    src/app/pages/settings/bcc-control-center/bcc-library-detail/bcc-library-detail.ts:13:55:
[37m      13 │ ..., KeyValuePipe, UpperCasePipe, [32mJsonPipe[37m, DatePipe, LowerCasePipe],
         ╵                                   [32m~~~~~~~~[0m


[33m▲ [43;33m[[43;30mWARNING[43;33m][0m [1mNG8113: KeyValuePipe is not used within the template of BccSkillViewComponent[0m [1m[35m[plugin angular-compiler][0m

    src/app/pages/settings/bcc-control-center/bcc-skill-view/bcc-skill-view.ts:10:41:
[37m      10 │     imports: [RouterLink, UpperCasePipe, [32mKeyValuePipe[37m],
         ╵                                          [32m~~~~~~~~~~~~[0m


Watch mode enabled. Watching for file changes...
NOTE: Raw file sizes do not reflect development server per-request transformations.
  ➜  Local:   http://localhost:4700/
❯ Changes detected. Rebuilding...
✔ Changes detected. Rebuilding...
Initial chunk files | Names                |  Raw size
main.js             | main                 |  11.93 kB | 
chunk-OMFXHHO4.js   | -                    |   3.53 kB | 
chunk-TAFAB7XN.js   | -                    | 222 bytes | 

Lazy chunk files    | Names                |  Raw size
chunk-EROPL5IC.js   | bcc-role-detail      | 342.50 kB | 
chunk-YGVTFXZU.js   | bcc-library-detail   | 292.00 kB | 
chunk-4ZVBLQEL.js   | bcc-role-view        | 261.45 kB | 
chunk-PUI2WNVH.js   | organization-detail  | 259.09 kB | 
chunk-E7UYN47G.js   | bcc-control-center   | 232.89 kB | 
chunk-A2VZ2NDD.js   | bcc-skill-view       | 231.23 kB | 
chunk-DECC2G4D.js   | bcc-task-view        | 229.11 kB | 
chunk-HI54HHLW.js   | bcc-child-profile    | 228.97 kB | 
chunk-ISSR6PHF.js   | training-crm-mastery | 175.66 kB | 
chunk-T4534ELQ.js   | opportunity-profile  | 148.89 kB | 
chunk-QK5O737B.js   | product-detail       | 140.87 kB | 
chunk-LFPAPRA5.js   | settings-products    | 137.28 kB | 
chunk-PDF3QL2L.js   | settings-roles       | 136.52 kB | 
chunk-WKX4SS2I.js   | quotes               | 135.60 kB | 
chunk-65UKG5MD.js   | settings-team        | 135.12 kB | 
...and 31 more lazy chunks files. Use "--verbose" to show all the files.

Application bundle generation complete. [2.071 seconds] - 2026-03-10T03:18:06.083Z

[33m▲ [43;33m[[43;30mWARNING[43;33m][0m [1mNG8107: NG8107: The left side of this optional chain operation does not include 'null' or 'undefined' in its type, therefore the '?.' operator can be replaced with the '.' operator. Find more at https://v21.angular.dev/extended-diagnostics/NG8107[0m [1m[35m[plugin angular-compiler][0m

    src/app/pages/activities/activities.html:112:56:
[37m      112 │                         @if (activity.organization_ids?.[32mlength[37m) {
          ╵                                                         [32m~~~~~~[0m

  Warning occurs in the template of component ActivitiesComponent.

    src/app/pages/activities/activities.ts:12:17:
[37m      12 │     templateUrl: [32m'./activities.html'[37m,
         ╵                  [32m~~~~~~~~~~~~~~~~~~~[0m


[33m▲ [43;33m[[43;30mWARNING[43;33m][0m [1mNG8107: NG8107: The left side of this optional chain operation does not include 'null' or 'undefined' in its type, therefore the '?.' operator can be replaced with the '.' operator. Find more at https://v21.angular.dev/extended-diagnostics/NG8107[0m [1m[35m[plugin angular-compiler][0m

    src/app/pages/activities/activities.html:119:51:
[37m      119 │                         @if (activity.contact_ids?.[32mlength[37m) {
          ╵                                                    [32m~~~~~~[0m

  Warning occurs in the template of component ActivitiesComponent.

    src/app/pages/activities/activities.ts:12:17:
[37m      12 │     templateUrl: [32m'./activities.html'[37m,
         ╵                  [32m~~~~~~~~~~~~~~~~~~~[0m


[33m▲ [43;33m[[43;30mWARNING[43;33m][0m [1mNG8107: NG8107: The left side of this optional chain operation does not include 'null' or 'undefined' in its type, therefore the '?.' operator can be replaced with the '.' operator. Find more at https://v21.angular.dev/extended-diagnostics/NG8107[0m [1m[35m[plugin angular-compiler][0m

    src/app/pages/activities/activities.html:126:55:
[37m      126 │                         @if (activity.opportunity_ids?.[32mlength[37m) {
          ╵                                                        [32m~~~~~~[0m

  Warning occurs in the template of component ActivitiesComponent.

    src/app/pages/activities/activities.ts:12:17:
[37m      12 │     templateUrl: [32m'./activities.html'[37m,
         ╵                  [32m~~~~~~~~~~~~~~~~~~~[0m


[33m▲ [43;33m[[43;30mWARNING[43;33m][0m [1mNG8107: NG8107: The left side of this optional chain operation does not include 'null' or 'undefined' in its type, therefore the '?.' operator can be replaced with the '.' operator. Find more at https://v21.angular.dev/extended-diagnostics/NG8107[0m [1m[35m[plugin angular-compiler][0m

    src/app/pages/activities/activities.html:224:64:
[37m      224 │ ...         [disabled]="isCreating || !newActivity.subject?.[32mtrim[37m()">
          ╵                                                             [32m~~~~[0m

  Warning occurs in the template of component ActivitiesComponent.

    src/app/pages/activities/activities.ts:12:17:
[37m      12 │     templateUrl: [32m'./activities.html'[37m,
         ╵                  [32m~~~~~~~~~~~~~~~~~~~[0m


[33m▲ [43;33m[[43;30mWARNING[43;33m][0m [1mNG8107: NG8107: The left side of this optional chain operation does not include 'null' or 'undefined' in its type, therefore the '?.' operator can be replaced with the '.' operator. Find more at https://v21.angular.dev/extended-diagnostics/NG8107[0m [1m[35m[plugin angular-compiler][0m

    src/app/pages/contact-profile/contact-profile.html:239:53:
[37m      239 │                             @if (a.organization_ids?.[32mlength[37m) {
          ╵                                                      [32m~~~~~~[0m

  Warning occurs in the template of component ContactProfileComponent.

    src/app/pages/contact-profile/contact-profile.ts:15:17:
[37m      15 │     templateUrl: [32m'./contact-profile.html'[37m,
         ╵                  [32m~~~~~~~~~~~~~~~~~~~~~~~~[0m


[33m▲ [43;33m[[43;30mWARNING[43;33m][0m [1mNG8107: NG8107: The left side of this optional chain operation does not include 'null' or 'undefined' in its type, therefore the '?.' operator can be replaced with the '.' operator. Find more at https://v21.angular.dev/extended-diagnostics/NG8107[0m [1m[35m[plugin angular-compiler][0m

    src/app/pages/contact-profile/contact-profile.html:246:48:
[37m      246 │                             @if (a.contact_ids?.[32mlength[37m) {
          ╵                                                 [32m~~~~~~[0m

  Warning occurs in the template of component ContactProfileComponent.

    src/app/pages/contact-profile/contact-profile.ts:15:17:
[37m      15 │     templateUrl: [32m'./contact-profile.html'[37m,
         ╵                  [32m~~~~~~~~~~~~~~~~~~~~~~~~[0m


[33m▲ [43;33m[[43;30mWARNING[43;33m][0m [1mNG8107: NG8107: The left side of this optional chain operation does not include 'null' or 'undefined' in its type, therefore the '?.' operator can be replaced with the '.' operator. Find more at https://v21.angular.dev/extended-diagnostics/NG8107[0m [1m[35m[plugin angular-compiler][0m

    src/app/pages/contact-profile/contact-profile.html:253:52:
[37m      253 │                             @if (a.opportunity_ids?.[32mlength[37m) {
          ╵                                                     [32m~~~~~~[0m

  Warning occurs in the template of component ContactProfileComponent.

    src/app/pages/contact-profile/contact-profile.ts:15:17:
[37m      15 │     templateUrl: [32m'./contact-profile.html'[37m,
         ╵                  [32m~~~~~~~~~~~~~~~~~~~~~~~~[0m


[33m▲ [43;33m[[43;30mWARNING[43;33m][0m [1mNG8113: All imports are unused[0m [1m[35m[plugin angular-compiler][0m

    src/app/pages/dashboard/dashboard.ts:12:4:
[37m      12 │     [32mimports[37m: [RouterLink],
         ╵     [32m~~~~~~~[0m


[33m▲ [43;33m[[43;30mWARNING[43;33m][0m [1mNG8113: DecimalPipe is not used within the template of KBPortalComponent[0m [1m[35m[plugin angular-compiler][0m

    src/app/pages/knowledge-base/kb-portal.ts:11:49:
[37m      11 │     imports: [FormsModule, RouterLink, DatePipe, [32mDecimalPipe[37m],
         ╵                                                  [32m~~~~~~~~~~~[0m


[33m▲ [43;33m[[43;30mWARNING[43;33m][0m [1mNG8107: NG8107: The left side of this optional chain operation does not include 'null' or 'undefined' in its type, therefore the '?.' operator can be replaced with the '.' operator. Find more at https://v21.angular.dev/extended-diagnostics/NG8107[0m [1m[35m[plugin angular-compiler][0m

    src/app/pages/opportunity-profile/opportunity-profile.html:352:49:
[37m      352 │                         @if (a.organization_ids?.[32mlength[37m) {
          ╵                                                  [32m~~~~~~[0m

  Warning occurs in the template of component OpportunityProfileComponent.

    src/app/pages/opportunity-profile/opportunity-profile.ts:29:17:
[37m      29 │     templateUrl: [32m'./opportunity-profile.html'[37m,
         ╵                  [32m~~~~~~~~~~~~~~~~~~~~~~~~~~~~[0m


[33m▲ [43;33m[[43;30mWARNING[43;33m][0m [1mNG8107: NG8107: The left side of this optional chain operation does not include 'null' or 'undefined' in its type, therefore the '?.' operator can be replaced with the '.' operator. Find more at https://v21.angular.dev/extended-diagnostics/NG8107[0m [1m[35m[plugin angular-compiler][0m

    src/app/pages/opportunity-profile/opportunity-profile.html:359:44:
[37m      359 │                         @if (a.contact_ids?.[32mlength[37m) {
          ╵                                             [32m~~~~~~[0m

  Warning occurs in the template of component OpportunityProfileComponent.

    src/app/pages/opportunity-profile/opportunity-profile.ts:29:17:
[37m      29 │     templateUrl: [32m'./opportunity-profile.html'[37m,
         ╵                  [32m~~~~~~~~~~~~~~~~~~~~~~~~~~~~[0m


[33m▲ [43;33m[[43;30mWARNING[43;33m][0m [1mNG8107: NG8107: The left side of this optional chain operation does not include 'null' or 'undefined' in its type, therefore the '?.' operator can be replaced with the '.' operator. Find more at https://v21.angular.dev/extended-diagnostics/NG8107[0m [1m[35m[plugin angular-compiler][0m

    src/app/pages/opportunity-profile/opportunity-profile.html:366:48:
[37m      366 │                         @if (a.opportunity_ids?.[32mlength[37m) {
          ╵                                                 [32m~~~~~~[0m

  Warning occurs in the template of component OpportunityProfileComponent.

    src/app/pages/opportunity-profile/opportunity-profile.ts:29:17:
[37m      29 │     templateUrl: [32m'./opportunity-profile.html'[37m,
         ╵                  [32m~~~~~~~~~~~~~~~~~~~~~~~~~~~~[0m


[33m▲ [43;33m[[43;30mWARNING[43;33m][0m [1mNG8113: UpperCasePipe is not used within the template of OpportunityProfileComponent[0m [1m[35m[plugin angular-compiler][0m

    src/app/pages/opportunity-profile/opportunity-profile.ts:28:26:
[37m      28 │     imports: [RouterLink, [32mUpperCasePipe[37m, DatePipe, FormsModule],
         ╵                           [32m~~~~~~~~~~~~~[0m


[33m▲ [43;33m[[43;30mWARNING[43;33m][0m [1mNG8107: NG8107: The left side of this optional chain operation does not include 'null' or 'undefined' in its type, therefore the '?.' operator can be replaced with the '.' operator. Find more at https://v21.angular.dev/extended-diagnostics/NG8107[0m [1m[35m[plugin angular-compiler][0m

    src/app/pages/organization-detail/organization-detail.html:803:53:
[37m      803 │                             @if (a.organization_ids?.[32mlength[37m) {
          ╵                                                      [32m~~~~~~[0m

  Warning occurs in the template of component OrganizationDetailComponent.

    src/app/pages/organization-detail/organization-detail.ts:20:17:
[37m      20 │     templateUrl: [32m'./organization-detail.html'[37m,
         ╵                  [32m~~~~~~~~~~~~~~~~~~~~~~~~~~~~[0m


[33m▲ [43;33m[[43;30mWARNING[43;33m][0m [1mNG8107: NG8107: The left side of this optional chain operation does not include 'null' or 'undefined' in its type, therefore the '?.' operator can be replaced with the '.' operator. Find more at https://v21.angular.dev/extended-diagnostics/NG8107[0m [1m[35m[plugin angular-compiler][0m

    src/app/pages/organization-detail/organization-detail.html:810:48:
[37m      810 │                             @if (a.contact_ids?.[32mlength[37m) {
          ╵                                                 [32m~~~~~~[0m

  Warning occurs in the template of component OrganizationDetailComponent.

    src/app/pages/organization-detail/organization-detail.ts:20:17:
[37m      20 │     templateUrl: [32m'./organization-detail.html'[37m,
         ╵                  [32m~~~~~~~~~~~~~~~~~~~~~~~~~~~~[0m


[33m▲ [43;33m[[43;30mWARNING[43;33m][0m [1mNG8107: NG8107: The left side of this optional chain operation does not include 'null' or 'undefined' in its type, therefore the '?.' operator can be replaced with the '.' operator. Find more at https://v21.angular.dev/extended-diagnostics/NG8107[0m [1m[35m[plugin angular-compiler][0m

    src/app/pages/organization-detail/organization-detail.html:817:52:
[37m      817 │                             @if (a.opportunity_ids?.[32mlength[37m) {
          ╵                                                     [32m~~~~~~[0m

  Warning occurs in the template of component OrganizationDetailComponent.

    src/app/pages/organization-detail/organization-detail.ts:20:17:
[37m      20 │     templateUrl: [32m'./organization-detail.html'[37m,
         ╵                  [32m~~~~~~~~~~~~~~~~~~~~~~~~~~~~[0m


[33m▲ [43;33m[[43;30mWARNING[43;33m][0m [1mNG8113: All imports are unused[0m [1m[35m[plugin angular-compiler][0m

    src/app/pages/quotes/quotes.ts:9:4:
[37m      9 │     [32mimports[37m: [RouterLink],
        ╵     [32m~~~~~~~[0m


[33m▲ [43;33m[[43;30mWARNING[43;33m][0m [1mNG8107: NG8107: The left side of this optional chain operation does not include 'null' or 'undefined' in its type, therefore the '?.' operator can be replaced with the '.' operator. Find more at https://v21.angular.dev/extended-diagnostics/NG8107[0m [1m[35m[plugin angular-compiler][0m

    src/app/pages/settings/bcc-control-center/bcc-library-detail/bcc-library-detail.html:21:55:
[37m      21 │                 <h2 class="role-header__name">{{ item?.[32mname[37m }}</h2>
         ╵                                                        [32m~~~~[0m

  Warning occurs in the template of component BccLibraryDetailComponent.

    src/app/pages/settings/bcc-control-center/bcc-library-detail/bcc-library-detail.ts:14:17:
[37m      14 │     templateUrl: [32m'./bcc-library-detail.html'[37m,
         ╵                  [32m~~~~~~~~~~~~~~~~~~~~~~~~~~~[0m


[33m▲ [43;33m[[43;30mWARNING[43;33m][0m [1mNG8113: KeyValuePipe is not used within the template of BccLibraryDetailComponent[0m [1m[35m[plugin angular-compiler][0m

    src/app/pages/settings/bcc-control-center/bcc-library-detail/bcc-library-detail.ts:13:26:
[37m      13 │     imports: [RouterLink, [32mKeyValuePipe[37m, UpperCasePipe, JsonPipe, D...
         ╵                           [32m~~~~~~~~~~~~[0m


[33m▲ [43;33m[[43;30mWARNING[43;33m][0m [1mNG8113: JsonPipe is not used within the template of BccLibraryDetailComponent[0m [1m[35m[plugin angular-compiler][0m

    src/app/pages/settings/bcc-control-center/bcc-library-detail/bcc-library-detail.ts:13:55:
[37m      13 │ ..., KeyValuePipe, UpperCasePipe, [32mJsonPipe[37m, DatePipe, LowerCasePipe],
         ╵                                   [32m~~~~~~~~[0m


[33m▲ [43;33m[[43;30mWARNING[43;33m][0m [1mNG8113: KeyValuePipe is not used within the template of BccSkillViewComponent[0m [1m[35m[plugin angular-compiler][0m

    src/app/pages/settings/bcc-control-center/bcc-skill-view/bcc-skill-view.ts:10:41:
[37m      10 │     imports: [RouterLink, UpperCasePipe, [32mKeyValuePipe[37m],
         ╵                                          [32m~~~~~~~~~~~~[0m


Page reload sent to client(s).
❯ Changes detected. Rebuilding...
✔ Changes detected. Rebuilding...

No output file changes.

Application bundle generation complete. [0.015 seconds] - 2026-03-10T03:37:58.907Z

[33m▲ [43;33m[[43;30mWARNING[43;33m][0m [1mNG8107: NG8107: The left side of this optional chain operation does not include 'null' or 'undefined' in its type, therefore the '?.' operator can be replaced with the '.' operator. Find more at https://v21.angular.dev/extended-diagnostics/NG8107[0m [1m[35m[plugin angular-compiler][0m

    src/app/pages/activities/activities.html:112:56:
[37m      112 │                         @if (activity.organization_ids?.[32mlength[37m) {
          ╵                                                         [32m~~~~~~[0m

  Warning occurs in the template of component ActivitiesComponent.

    src/app/pages/activities/activities.ts:12:17:
[37m      12 │     templateUrl: [32m'./activities.html'[37m,
         ╵                  [32m~~~~~~~~~~~~~~~~~~~[0m


[33m▲ [43;33m[[43;30mWARNING[43;33m][0m [1mNG8107: NG8107: The left side of this optional chain operation does not include 'null' or 'undefined' in its type, therefore the '?.' operator can be replaced with the '.' operator. Find more at https://v21.angular.dev/extended-diagnostics/NG8107[0m [1m[35m[plugin angular-compiler][0m

    src/app/pages/activities/activities.html:119:51:
[37m      119 │                         @if (activity.contact_ids?.[32mlength[37m) {
          ╵                                                    [32m~~~~~~[0m

  Warning occurs in the template of component ActivitiesComponent.

    src/app/pages/activities/activities.ts:12:17:
[37m      12 │     templateUrl: [32m'./activities.html'[37m,
         ╵                  [32m~~~~~~~~~~~~~~~~~~~[0m


[33m▲ [43;33m[[43;30mWARNING[43;33m][0m [1mNG8107: NG8107: The left side of this optional chain operation does not include 'null' or 'undefined' in its type, therefore the '?.' operator can be replaced with the '.' operator. Find more at https://v21.angular.dev/extended-diagnostics/NG8107[0m [1m[35m[plugin angular-compiler][0m

    src/app/pages/activities/activities.html:126:55:
[37m      126 │                         @if (activity.opportunity_ids?.[32mlength[37m) {
          ╵                                                        [32m~~~~~~[0m

  Warning occurs in the template of component ActivitiesComponent.

    src/app/pages/activities/activities.ts:12:17:
[37m      12 │     templateUrl: [32m'./activities.html'[37m,
         ╵                  [32m~~~~~~~~~~~~~~~~~~~[0m


[33m▲ [43;33m[[43;30mWARNING[43;33m][0m [1mNG8107: NG8107: The left side of this optional chain operation does not include 'null' or 'undefined' in its type, therefore the '?.' operator can be replaced with the '.' operator. Find more at https://v21.angular.dev/extended-diagnostics/NG8107[0m [1m[35m[plugin angular-compiler][0m

    src/app/pages/activities/activities.html:224:64:
[37m      224 │ ...         [disabled]="isCreating || !newActivity.subject?.[32mtrim[37m()">
          ╵                                                             [32m~~~~[0m

  Warning occurs in the template of component ActivitiesComponent.

    src/app/pages/activities/activities.ts:12:17:
[37m      12 │     templateUrl: [32m'./activities.html'[37m,
         ╵                  [32m~~~~~~~~~~~~~~~~~~~[0m


[33m▲ [43;33m[[43;30mWARNING[43;33m][0m [1mNG8107: NG8107: The left side of this optional chain operation does not include 'null' or 'undefined' in its type, therefore the '?.' operator can be replaced with the '.' operator. Find more at https://v21.angular.dev/extended-diagnostics/NG8107[0m [1m[35m[plugin angular-compiler][0m

    src/app/pages/contact-profile/contact-profile.html:239:53:
[37m      239 │                             @if (a.organization_ids?.[32mlength[37m) {
          ╵                                                      [32m~~~~~~[0m

  Warning occurs in the template of component ContactProfileComponent.

    src/app/pages/contact-profile/contact-profile.ts:15:17:
[37m      15 │     templateUrl: [32m'./contact-profile.html'[37m,
         ╵                  [32m~~~~~~~~~~~~~~~~~~~~~~~~[0m


[33m▲ [43;33m[[43;30mWARNING[43;33m][0m [1mNG8107: NG8107: The left side of this optional chain operation does not include 'null' or 'undefined' in its type, therefore the '?.' operator can be replaced with the '.' operator. Find more at https://v21.angular.dev/extended-diagnostics/NG8107[0m [1m[35m[plugin angular-compiler][0m

    src/app/pages/contact-profile/contact-profile.html:246:48:
[37m      246 │                             @if (a.contact_ids?.[32mlength[37m) {
          ╵                                                 [32m~~~~~~[0m

  Warning occurs in the template of component ContactProfileComponent.

    src/app/pages/contact-profile/contact-profile.ts:15:17:
[37m      15 │     templateUrl: [32m'./contact-profile.html'[37m,
         ╵                  [32m~~~~~~~~~~~~~~~~~~~~~~~~[0m


[33m▲ [43;33m[[43;30mWARNING[43;33m][0m [1mNG8107: NG8107: The left side of this optional chain operation does not include 'null' or 'undefined' in its type, therefore the '?.' operator can be replaced with the '.' operator. Find more at https://v21.angular.dev/extended-diagnostics/NG8107[0m [1m[35m[plugin angular-compiler][0m

    src/app/pages/contact-profile/contact-profile.html:253:52:
[37m      253 │                             @if (a.opportunity_ids?.[32mlength[37m) {
          ╵                                                     [32m~~~~~~[0m

  Warning occurs in the template of component ContactProfileComponent.

    src/app/pages/contact-profile/contact-profile.ts:15:17:
[37m      15 │     templateUrl: [32m'./contact-profile.html'[37m,
         ╵                  [32m~~~~~~~~~~~~~~~~~~~~~~~~[0m


[33m▲ [43;33m[[43;30mWARNING[43;33m][0m [1mNG8113: All imports are unused[0m [1m[35m[plugin angular-compiler][0m

    src/app/pages/dashboard/dashboard.ts:12:4:
[37m      12 │     [32mimports[37m: [RouterLink],
         ╵     [32m~~~~~~~[0m


[33m▲ [43;33m[[43;30mWARNING[43;33m][0m [1mNG8113: DecimalPipe is not used within the template of KBPortalComponent[0m [1m[35m[plugin angular-compiler][0m

    src/app/pages/knowledge-base/kb-portal.ts:11:49:
[37m      11 │     imports: [FormsModule, RouterLink, DatePipe, [32mDecimalPipe[37m],
         ╵                                                  [32m~~~~~~~~~~~[0m


[33m▲ [43;33m[[43;30mWARNING[43;33m][0m [1mNG8107: NG8107: The left side of this optional chain operation does not include 'null' or 'undefined' in its type, therefore the '?.' operator can be replaced with the '.' operator. Find more at https://v21.angular.dev/extended-diagnostics/NG8107[0m [1m[35m[plugin angular-compiler][0m

    src/app/pages/opportunity-profile/opportunity-profile.html:352:49:
[37m      352 │                         @if (a.organization_ids?.[32mlength[37m) {
          ╵                                                  [32m~~~~~~[0m

  Warning occurs in the template of component OpportunityProfileComponent.

    src/app/pages/opportunity-profile/opportunity-profile.ts:29:17:
[37m      29 │     templateUrl: [32m'./opportunity-profile.html'[37m,
         ╵                  [32m~~~~~~~~~~~~~~~~~~~~~~~~~~~~[0m


[33m▲ [43;33m[[43;30mWARNING[43;33m][0m [1mNG8107: NG8107: The left side of this optional chain operation does not include 'null' or 'undefined' in its type, therefore the '?.' operator can be replaced with the '.' operator. Find more at https://v21.angular.dev/extended-diagnostics/NG8107[0m [1m[35m[plugin angular-compiler][0m

    src/app/pages/opportunity-profile/opportunity-profile.html:359:44:
[37m      359 │                         @if (a.contact_ids?.[32mlength[37m) {
          ╵                                             [32m~~~~~~[0m

  Warning occurs in the template of component OpportunityProfileComponent.

    src/app/pages/opportunity-profile/opportunity-profile.ts:29:17:
[37m      29 │     templateUrl: [32m'./opportunity-profile.html'[37m,
         ╵                  [32m~~~~~~~~~~~~~~~~~~~~~~~~~~~~[0m


[33m▲ [43;33m[[43;30mWARNING[43;33m][0m [1mNG8107: NG8107: The left side of this optional chain operation does not include 'null' or 'undefined' in its type, therefore the '?.' operator can be replaced with the '.' operator. Find more at https://v21.angular.dev/extended-diagnostics/NG8107[0m [1m[35m[plugin angular-compiler][0m

    src/app/pages/opportunity-profile/opportunity-profile.html:366:48:
[37m      366 │                         @if (a.opportunity_ids?.[32mlength[37m) {
          ╵                                                 [32m~~~~~~[0m

  Warning occurs in the template of component OpportunityProfileComponent.

    src/app/pages/opportunity-profile/opportunity-profile.ts:29:17:
[37m      29 │     templateUrl: [32m'./opportunity-profile.html'[37m,
         ╵                  [32m~~~~~~~~~~~~~~~~~~~~~~~~~~~~[0m


[33m▲ [43;33m[[43;30mWARNING[43;33m][0m [1mNG8113: UpperCasePipe is not used within the template of OpportunityProfileComponent[0m [1m[35m[plugin angular-compiler][0m

    src/app/pages/opportunity-profile/opportunity-profile.ts:28:26:
[37m      28 │     imports: [RouterLink, [32mUpperCasePipe[37m, DatePipe, FormsModule],
         ╵                           [32m~~~~~~~~~~~~~[0m


[33m▲ [43;33m[[43;30mWARNING[43;33m][0m [1mNG8107: NG8107: The left side of this optional chain operation does not include 'null' or 'undefined' in its type, therefore the '?.' operator can be replaced with the '.' operator. Find more at https://v21.angular.dev/extended-diagnostics/NG8107[0m [1m[35m[plugin angular-compiler][0m

    src/app/pages/organization-detail/organization-detail.html:803:53:
[37m      803 │                             @if (a.organization_ids?.[32mlength[37m) {
          ╵                                                      [32m~~~~~~[0m

  Warning occurs in the template of component OrganizationDetailComponent.

    src/app/pages/organization-detail/organization-detail.ts:20:17:
[37m      20 │     templateUrl: [32m'./organization-detail.html'[37m,
         ╵                  [32m~~~~~~~~~~~~~~~~~~~~~~~~~~~~[0m


[33m▲ [43;33m[[43;30mWARNING[43;33m][0m [1mNG8107: NG8107: The left side of this optional chain operation does not include 'null' or 'undefined' in its type, therefore the '?.' operator can be replaced with the '.' operator. Find more at https://v21.angular.dev/extended-diagnostics/NG8107[0m [1m[35m[plugin angular-compiler][0m

    src/app/pages/organization-detail/organization-detail.html:810:48:
[37m      810 │                             @if (a.contact_ids?.[32mlength[37m) {
          ╵                                                 [32m~~~~~~[0m

  Warning occurs in the template of component OrganizationDetailComponent.

    src/app/pages/organization-detail/organization-detail.ts:20:17:
[37m      20 │     templateUrl: [32m'./organization-detail.html'[37m,
         ╵                  [32m~~~~~~~~~~~~~~~~~~~~~~~~~~~~[0m


[33m▲ [43;33m[[43;30mWARNING[43;33m][0m [1mNG8107: NG8107: The left side of this optional chain operation does not include 'null' or 'undefined' in its type, therefore the '?.' operator can be replaced with the '.' operator. Find more at https://v21.angular.dev/extended-diagnostics/NG8107[0m [1m[35m[plugin angular-compiler][0m

    src/app/pages/organization-detail/organization-detail.html:817:52:
[37m      817 │                             @if (a.opportunity_ids?.[32mlength[37m) {
          ╵                                                     [32m~~~~~~[0m

  Warning occurs in the template of component OrganizationDetailComponent.

    src/app/pages/organization-detail/organization-detail.ts:20:17:
[37m      20 │     templateUrl: [32m'./organization-detail.html'[37m,
         ╵                  [32m~~~~~~~~~~~~~~~~~~~~~~~~~~~~[0m


[33m▲ [43;33m[[43;30mWARNING[43;33m][0m [1mNG8113: All imports are unused[0m [1m[35m[plugin angular-compiler][0m

    src/app/pages/quotes/quotes.ts:9:4:
[37m      9 │     [32mimports[37m: [RouterLink],
        ╵     [32m~~~~~~~[0m


[33m▲ [43;33m[[43;30mWARNING[43;33m][0m [1mNG8107: NG8107: The left side of this optional chain operation does not include 'null' or 'undefined' in its type, therefore the '?.' operator can be replaced with the '.' operator. Find more at https://v21.angular.dev/extended-diagnostics/NG8107[0m [1m[35m[plugin angular-compiler][0m

    src/app/pages/settings/bcc-control-center/bcc-library-detail/bcc-library-detail.html:21:55:
[37m      21 │                 <h2 class="role-header__name">{{ item?.[32mname[37m }}</h2>
         ╵                                                        [32m~~~~[0m

  Warning occurs in the template of component BccLibraryDetailComponent.

    src/app/pages/settings/bcc-control-center/bcc-library-detail/bcc-library-detail.ts:14:17:
[37m      14 │     templateUrl: [32m'./bcc-library-detail.html'[37m,
         ╵                  [32m~~~~~~~~~~~~~~~~~~~~~~~~~~~[0m


[33m▲ [43;33m[[43;30mWARNING[43;33m][0m [1mNG8113: KeyValuePipe is not used within the template of BccLibraryDetailComponent[0m [1m[35m[plugin angular-compiler][0m

    src/app/pages/settings/bcc-control-center/bcc-library-detail/bcc-library-detail.ts:13:26:
[37m      13 │     imports: [RouterLink, [32mKeyValuePipe[37m, UpperCasePipe, JsonPipe, D...
         ╵                           [32m~~~~~~~~~~~~[0m


[33m▲ [43;33m[[43;30mWARNING[43;33m][0m [1mNG8113: JsonPipe is not used within the template of BccLibraryDetailComponent[0m [1m[35m[plugin angular-compiler][0m

    src/app/pages/settings/bcc-control-center/bcc-library-detail/bcc-library-detail.ts:13:55:
[37m      13 │ ..., KeyValuePipe, UpperCasePipe, [32mJsonPipe[37m, DatePipe, LowerCasePipe],
         ╵                                   [32m~~~~~~~~[0m


[33m▲ [43;33m[[43;30mWARNING[43;33m][0m [1mNG8113: KeyValuePipe is not used within the template of BccSkillViewComponent[0m [1m[35m[plugin angular-compiler][0m

    src/app/pages/settings/bcc-control-center/bcc-skill-view/bcc-skill-view.ts:10:41:
[37m      10 │     imports: [RouterLink, UpperCasePipe, [32mKeyValuePipe[37m],
         ╵                                          [32m~~~~~~~~~~~~[0m


Page reload sent to client(s).
❯ Changes detected. Rebuilding...
✔ Changes detected. Rebuilding...
Initial chunk files | Names     | Raw size
main.js             | main      | 11.93 kB | 

Lazy chunk files    | Names     | Raw size
chunk-KJEBKEDO.js   | dashboard | 54.46 kB | 

Application bundle generation complete. [0.404 seconds] - 2026-03-10T03:38:19.956Z

[33m▲ [43;33m[[43;30mWARNING[43;33m][0m [1mNG8107: NG8107: The left side of this optional chain operation does not include 'null' or 'undefined' in its type, therefore the '?.' operator can be replaced with the '.' operator. Find more at https://v21.angular.dev/extended-diagnostics/NG8107[0m [1m[35m[plugin angular-compiler][0m

    src/app/pages/activities/activities.html:112:56:
[37m      112 │                         @if (activity.organization_ids?.[32mlength[37m) {
          ╵                                                         [32m~~~~~~[0m

  Warning occurs in the template of component ActivitiesComponent.

    src/app/pages/activities/activities.ts:12:17:
[37m      12 │     templateUrl: [32m'./activities.html'[37m,
         ╵                  [32m~~~~~~~~~~~~~~~~~~~[0m


[33m▲ [43;33m[[43;30mWARNING[43;33m][0m [1mNG8107: NG8107: The left side of this optional chain operation does not include 'null' or 'undefined' in its type, therefore the '?.' operator can be replaced with the '.' operator. Find more at https://v21.angular.dev/extended-diagnostics/NG8107[0m [1m[35m[plugin angular-compiler][0m

    src/app/pages/activities/activities.html:119:51:
[37m      119 │                         @if (activity.contact_ids?.[32mlength[37m) {
          ╵                                                    [32m~~~~~~[0m

  Warning occurs in the template of component ActivitiesComponent.

    src/app/pages/activities/activities.ts:12:17:
[37m      12 │     templateUrl: [32m'./activities.html'[37m,
         ╵                  [32m~~~~~~~~~~~~~~~~~~~[0m


[33m▲ [43;33m[[43;30mWARNING[43;33m][0m [1mNG8107: NG8107: The left side of this optional chain operation does not include 'null' or 'undefined' in its type, therefore the '?.' operator can be replaced with the '.' operator. Find more at https://v21.angular.dev/extended-diagnostics/NG8107[0m [1m[35m[plugin angular-compiler][0m

    src/app/pages/activities/activities.html:126:55:
[37m      126 │                         @if (activity.opportunity_ids?.[32mlength[37m) {
          ╵                                                        [32m~~~~~~[0m

  Warning occurs in the template of component ActivitiesComponent.

    src/app/pages/activities/activities.ts:12:17:
[37m      12 │     templateUrl: [32m'./activities.html'[37m,
         ╵                  [32m~~~~~~~~~~~~~~~~~~~[0m


[33m▲ [43;33m[[43;30mWARNING[43;33m][0m [1mNG8107: NG8107: The left side of this optional chain operation does not include 'null' or 'undefined' in its type, therefore the '?.' operator can be replaced with the '.' operator. Find more at https://v21.angular.dev/extended-diagnostics/NG8107[0m [1m[35m[plugin angular-compiler][0m

    src/app/pages/activities/activities.html:224:64:
[37m      224 │ ...         [disabled]="isCreating || !newActivity.subject?.[32mtrim[37m()">
          ╵                                                             [32m~~~~[0m

  Warning occurs in the template of component ActivitiesComponent.

    src/app/pages/activities/activities.ts:12:17:
[37m      12 │     templateUrl: [32m'./activities.html'[37m,
         ╵                  [32m~~~~~~~~~~~~~~~~~~~[0m


[33m▲ [43;33m[[43;30mWARNING[43;33m][0m [1mNG8107: NG8107: The left side of this optional chain operation does not include 'null' or 'undefined' in its type, therefore the '?.' operator can be replaced with the '.' operator. Find more at https://v21.angular.dev/extended-diagnostics/NG8107[0m [1m[35m[plugin angular-compiler][0m

    src/app/pages/contact-profile/contact-profile.html:239:53:
[37m      239 │                             @if (a.organization_ids?.[32mlength[37m) {
          ╵                                                      [32m~~~~~~[0m

  Warning occurs in the template of component ContactProfileComponent.

    src/app/pages/contact-profile/contact-profile.ts:15:17:
[37m      15 │     templateUrl: [32m'./contact-profile.html'[37m,
         ╵                  [32m~~~~~~~~~~~~~~~~~~~~~~~~[0m


[33m▲ [43;33m[[43;30mWARNING[43;33m][0m [1mNG8107: NG8107: The left side of this optional chain operation does not include 'null' or 'undefined' in its type, therefore the '?.' operator can be replaced with the '.' operator. Find more at https://v21.angular.dev/extended-diagnostics/NG8107[0m [1m[35m[plugin angular-compiler][0m

    src/app/pages/contact-profile/contact-profile.html:246:48:
[37m      246 │                             @if (a.contact_ids?.[32mlength[37m) {
          ╵                                                 [32m~~~~~~[0m

  Warning occurs in the template of component ContactProfileComponent.

    src/app/pages/contact-profile/contact-profile.ts:15:17:
[37m      15 │     templateUrl: [32m'./contact-profile.html'[37m,
         ╵                  [32m~~~~~~~~~~~~~~~~~~~~~~~~[0m


[33m▲ [43;33m[[43;30mWARNING[43;33m][0m [1mNG8107: NG8107: The left side of this optional chain operation does not include 'null' or 'undefined' in its type, therefore the '?.' operator can be replaced with the '.' operator. Find more at https://v21.angular.dev/extended-diagnostics/NG8107[0m [1m[35m[plugin angular-compiler][0m

    src/app/pages/contact-profile/contact-profile.html:253:52:
[37m      253 │                             @if (a.opportunity_ids?.[32mlength[37m) {
          ╵                                                     [32m~~~~~~[0m

  Warning occurs in the template of component ContactProfileComponent.

    src/app/pages/contact-profile/contact-profile.ts:15:17:
[37m      15 │     templateUrl: [32m'./contact-profile.html'[37m,
         ╵                  [32m~~~~~~~~~~~~~~~~~~~~~~~~[0m


[33m▲ [43;33m[[43;30mWARNING[43;33m][0m [1mNG8113: All imports are unused[0m [1m[35m[plugin angular-compiler][0m

    src/app/pages/dashboard/dashboard.ts:12:4:
[37m      12 │     [32mimports[37m: [RouterLink],
         ╵     [32m~~~~~~~[0m


[33m▲ [43;33m[[43;30mWARNING[43;33m][0m [1mNG8113: DecimalPipe is not used within the template of KBPortalComponent[0m [1m[35m[plugin angular-compiler][0m

    src/app/pages/knowledge-base/kb-portal.ts:11:49:
[37m      11 │     imports: [FormsModule, RouterLink, DatePipe, [32mDecimalPipe[37m],
         ╵                                                  [32m~~~~~~~~~~~[0m


[33m▲ [43;33m[[43;30mWARNING[43;33m][0m [1mNG8107: NG8107: The left side of this optional chain operation does not include 'null' or 'undefined' in its type, therefore the '?.' operator can be replaced with the '.' operator. Find more at https://v21.angular.dev/extended-diagnostics/NG8107[0m [1m[35m[plugin angular-compiler][0m

    src/app/pages/opportunity-profile/opportunity-profile.html:352:49:
[37m      352 │                         @if (a.organization_ids?.[32mlength[37m) {
          ╵                                                  [32m~~~~~~[0m

  Warning occurs in the template of component OpportunityProfileComponent.

    src/app/pages/opportunity-profile/opportunity-profile.ts:29:17:
[37m      29 │     templateUrl: [32m'./opportunity-profile.html'[37m,
         ╵                  [32m~~~~~~~~~~~~~~~~~~~~~~~~~~~~[0m


[33m▲ [43;33m[[43;30mWARNING[43;33m][0m [1mNG8107: NG8107: The left side of this optional chain operation does not include 'null' or 'undefined' in its type, therefore the '?.' operator can be replaced with the '.' operator. Find more at https://v21.angular.dev/extended-diagnostics/NG8107[0m [1m[35m[plugin angular-compiler][0m

    src/app/pages/opportunity-profile/opportunity-profile.html:359:44:
[37m      359 │                         @if (a.contact_ids?.[32mlength[37m) {
          ╵                                             [32m~~~~~~[0m

  Warning occurs in the template of component OpportunityProfileComponent.

    src/app/pages/opportunity-profile/opportunity-profile.ts:29:17:
[37m      29 │     templateUrl: [32m'./opportunity-profile.html'[37m,
         ╵                  [32m~~~~~~~~~~~~~~~~~~~~~~~~~~~~[0m


[33m▲ [43;33m[[43;30mWARNING[43;33m][0m [1mNG8107: NG8107: The left side of this optional chain operation does not include 'null' or 'undefined' in its type, therefore the '?.' operator can be replaced with the '.' operator. Find more at https://v21.angular.dev/extended-diagnostics/NG8107[0m [1m[35m[plugin angular-compiler][0m

    src/app/pages/opportunity-profile/opportunity-profile.html:366:48:
[37m      366 │                         @if (a.opportunity_ids?.[32mlength[37m) {
          ╵                                                 [32m~~~~~~[0m

  Warning occurs in the template of component OpportunityProfileComponent.

    src/app/pages/opportunity-profile/opportunity-profile.ts:29:17:
[37m      29 │     templateUrl: [32m'./opportunity-profile.html'[37m,
         ╵                  [32m~~~~~~~~~~~~~~~~~~~~~~~~~~~~[0m


[33m▲ [43;33m[[43;30mWARNING[43;33m][0m [1mNG8113: UpperCasePipe is not used within the template of OpportunityProfileComponent[0m [1m[35m[plugin angular-compiler][0m

    src/app/pages/opportunity-profile/opportunity-profile.ts:28:26:
[37m      28 │     imports: [RouterLink, [32mUpperCasePipe[37m, DatePipe, FormsModule],
         ╵                           [32m~~~~~~~~~~~~~[0m


[33m▲ [43;33m[[43;30mWARNING[43;33m][0m [1mNG8107: NG8107: The left side of this optional chain operation does not include 'null' or 'undefined' in its type, therefore the '?.' operator can be replaced with the '.' operator. Find more at https://v21.angular.dev/extended-diagnostics/NG8107[0m [1m[35m[plugin angular-compiler][0m

    src/app/pages/organization-detail/organization-detail.html:803:53:
[37m      803 │                             @if (a.organization_ids?.[32mlength[37m) {
          ╵                                                      [32m~~~~~~[0m

  Warning occurs in the template of component OrganizationDetailComponent.

    src/app/pages/organization-detail/organization-detail.ts:20:17:
[37m      20 │     templateUrl: [32m'./organization-detail.html'[37m,
         ╵                  [32m~~~~~~~~~~~~~~~~~~~~~~~~~~~~[0m


[33m▲ [43;33m[[43;30mWARNING[43;33m][0m [1mNG8107: NG8107: The left side of this optional chain operation does not include 'null' or 'undefined' in its type, therefore the '?.' operator can be replaced with the '.' operator. Find more at https://v21.angular.dev/extended-diagnostics/NG8107[0m [1m[35m[plugin angular-compiler][0m

    src/app/pages/organization-detail/organization-detail.html:810:48:
[37m      810 │                             @if (a.contact_ids?.[32mlength[37m) {
          ╵                                                 [32m~~~~~~[0m

  Warning occurs in the template of component OrganizationDetailComponent.

    src/app/pages/organization-detail/organization-detail.ts:20:17:
[37m      20 │     templateUrl: [32m'./organization-detail.html'[37m,
         ╵                  [32m~~~~~~~~~~~~~~~~~~~~~~~~~~~~[0m


[33m▲ [43;33m[[43;30mWARNING[43;33m][0m [1mNG8107: NG8107: The left side of this optional chain operation does not include 'null' or 'undefined' in its type, therefore the '?.' operator can be replaced with the '.' operator. Find more at https://v21.angular.dev/extended-diagnostics/NG8107[0m [1m[35m[plugin angular-compiler][0m

    src/app/pages/organization-detail/organization-detail.html:817:52:
[37m      817 │                             @if (a.opportunity_ids?.[32mlength[37m) {
          ╵                                                     [32m~~~~~~[0m

  Warning occurs in the template of component OrganizationDetailComponent.

    src/app/pages/organization-detail/organization-detail.ts:20:17:
[37m      20 │     templateUrl: [32m'./organization-detail.html'[37m,
         ╵                  [32m~~~~~~~~~~~~~~~~~~~~~~~~~~~~[0m


[33m▲ [43;33m[[43;30mWARNING[43;33m][0m [1mNG8113: All imports are unused[0m [1m[35m[plugin angular-compiler][0m

    src/app/pages/quotes/quotes.ts:9:4:
[37m      9 │     [32mimports[37m: [RouterLink],
        ╵     [32m~~~~~~~[0m


[33m▲ [43;33m[[43;30mWARNING[43;33m][0m [1mNG8107: NG8107: The left side of this optional chain operation does not include 'null' or 'undefined' in its type, therefore the '?.' operator can be replaced with the '.' operator. Find more at https://v21.angular.dev/extended-diagnostics/NG8107[0m [1m[35m[plugin angular-compiler][0m

    src/app/pages/settings/bcc-control-center/bcc-library-detail/bcc-library-detail.html:21:55:
[37m      21 │                 <h2 class="role-header__name">{{ item?.[32mname[37m }}</h2>
         ╵                                                        [32m~~~~[0m

  Warning occurs in the template of component BccLibraryDetailComponent.

    src/app/pages/settings/bcc-control-center/bcc-library-detail/bcc-library-detail.ts:14:17:
[37m      14 │     templateUrl: [32m'./bcc-library-detail.html'[37m,
         ╵                  [32m~~~~~~~~~~~~~~~~~~~~~~~~~~~[0m


[33m▲ [43;33m[[43;30mWARNING[43;33m][0m [1mNG8113: KeyValuePipe is not used within the template of BccLibraryDetailComponent[0m [1m[35m[plugin angular-compiler][0m

    src/app/pages/settings/bcc-control-center/bcc-library-detail/bcc-library-detail.ts:13:26:
[37m      13 │     imports: [RouterLink, [32mKeyValuePipe[37m, UpperCasePipe, JsonPipe, D...
         ╵                           [32m~~~~~~~~~~~~[0m


[33m▲ [43;33m[[43;30mWARNING[43;33m][0m [1mNG8113: JsonPipe is not used within the template of BccLibraryDetailComponent[0m [1m[35m[plugin angular-compiler][0m

    src/app/pages/settings/bcc-control-center/bcc-library-detail/bcc-library-detail.ts:13:55:
[37m      13 │ ..., KeyValuePipe, UpperCasePipe, [32mJsonPipe[37m, DatePipe, LowerCasePipe],
         ╵                                   [32m~~~~~~~~[0m


[33m▲ [43;33m[[43;30mWARNING[43;33m][0m [1mNG8113: KeyValuePipe is not used within the template of BccSkillViewComponent[0m [1m[35m[plugin angular-compiler][0m

    src/app/pages/settings/bcc-control-center/bcc-skill-view/bcc-skill-view.ts:10:41:
[37m      10 │     imports: [RouterLink, UpperCasePipe, [32mKeyValuePipe[37m],
         ╵                                          [32m~~~~~~~~~~~~[0m


Page reload sent to client(s).
❯ Changes detected. Rebuilding...
✔ Changes detected. Rebuilding...
Initial chunk files | Names     | Raw size
main.js             | main      | 11.93 kB | 

Lazy chunk files    | Names     | Raw size
chunk-YN6Y35ML.js   | dashboard | 54.46 kB | 

Application bundle generation complete. [0.367 seconds] - 2026-03-10T03:38:28.875Z

[33m▲ [43;33m[[43;30mWARNING[43;33m][0m [1mNG8107: NG8107: The left side of this optional chain operation does not include 'null' or 'undefined' in its type, therefore the '?.' operator can be replaced with the '.' operator. Find more at https://v21.angular.dev/extended-diagnostics/NG8107[0m [1m[35m[plugin angular-compiler][0m

    src/app/pages/activities/activities.html:112:56:
[37m      112 │                         @if (activity.organization_ids?.[32mlength[37m) {
          ╵                                                         [32m~~~~~~[0m

  Warning occurs in the template of component ActivitiesComponent.

    src/app/pages/activities/activities.ts:12:17:
[37m      12 │     templateUrl: [32m'./activities.html'[37m,
         ╵                  [32m~~~~~~~~~~~~~~~~~~~[0m


[33m▲ [43;33m[[43;30mWARNING[43;33m][0m [1mNG8107: NG8107: The left side of this optional chain operation does not include 'null' or 'undefined' in its type, therefore the '?.' operator can be replaced with the '.' operator. Find more at https://v21.angular.dev/extended-diagnostics/NG8107[0m [1m[35m[plugin angular-compiler][0m

    src/app/pages/activities/activities.html:119:51:
[37m      119 │                         @if (activity.contact_ids?.[32mlength[37m) {
          ╵                                                    [32m~~~~~~[0m

  Warning occurs in the template of component ActivitiesComponent.

    src/app/pages/activities/activities.ts:12:17:
[37m      12 │     templateUrl: [32m'./activities.html'[37m,
         ╵                  [32m~~~~~~~~~~~~~~~~~~~[0m


[33m▲ [43;33m[[43;30mWARNING[43;33m][0m [1mNG8107: NG8107: The left side of this optional chain operation does not include 'null' or 'undefined' in its type, therefore the '?.' operator can be replaced with the '.' operator. Find more at https://v21.angular.dev/extended-diagnostics/NG8107[0m [1m[35m[plugin angular-compiler][0m

    src/app/pages/activities/activities.html:126:55:
[37m      126 │                         @if (activity.opportunity_ids?.[32mlength[37m) {
          ╵                                                        [32m~~~~~~[0m

  Warning occurs in the template of component ActivitiesComponent.

    src/app/pages/activities/activities.ts:12:17:
[37m      12 │     templateUrl: [32m'./activities.html'[37m,
         ╵                  [32m~~~~~~~~~~~~~~~~~~~[0m


[33m▲ [43;33m[[43;30mWARNING[43;33m][0m [1mNG8107: NG8107: The left side of this optional chain operation does not include 'null' or 'undefined' in its type, therefore the '?.' operator can be replaced with the '.' operator. Find more at https://v21.angular.dev/extended-diagnostics/NG8107[0m [1m[35m[plugin angular-compiler][0m

    src/app/pages/activities/activities.html:224:64:
[37m      224 │ ...         [disabled]="isCreating || !newActivity.subject?.[32mtrim[37m()">
          ╵                                                             [32m~~~~[0m

  Warning occurs in the template of component ActivitiesComponent.

    src/app/pages/activities/activities.ts:12:17:
[37m      12 │     templateUrl: [32m'./activities.html'[37m,
         ╵                  [32m~~~~~~~~~~~~~~~~~~~[0m


[33m▲ [43;33m[[43;30mWARNING[43;33m][0m [1mNG8107: NG8107: The left side of this optional chain operation does not include 'null' or 'undefined' in its type, therefore the '?.' operator can be replaced with the '.' operator. Find more at https://v21.angular.dev/extended-diagnostics/NG8107[0m [1m[35m[plugin angular-compiler][0m

    src/app/pages/contact-profile/contact-profile.html:239:53:
[37m      239 │                             @if (a.organization_ids?.[32mlength[37m) {
          ╵                                                      [32m~~~~~~[0m

  Warning occurs in the template of component ContactProfileComponent.

    src/app/pages/contact-profile/contact-profile.ts:15:17:
[37m      15 │     templateUrl: [32m'./contact-profile.html'[37m,
         ╵                  [32m~~~~~~~~~~~~~~~~~~~~~~~~[0m


[33m▲ [43;33m[[43;30mWARNING[43;33m][0m [1mNG8107: NG8107: The left side of this optional chain operation does not include 'null' or 'undefined' in its type, therefore the '?.' operator can be replaced with the '.' operator. Find more at https://v21.angular.dev/extended-diagnostics/NG8107[0m [1m[35m[plugin angular-compiler][0m

    src/app/pages/contact-profile/contact-profile.html:246:48:
[37m      246 │                             @if (a.contact_ids?.[32mlength[37m) {
          ╵                                                 [32m~~~~~~[0m

  Warning occurs in the template of component ContactProfileComponent.

    src/app/pages/contact-profile/contact-profile.ts:15:17:
[37m      15 │     templateUrl: [32m'./contact-profile.html'[37m,
         ╵                  [32m~~~~~~~~~~~~~~~~~~~~~~~~[0m


[33m▲ [43;33m[[43;30mWARNING[43;33m][0m [1mNG8107: NG8107: The left side of this optional chain operation does not include 'null' or 'undefined' in its type, therefore the '?.' operator can be replaced with the '.' operator. Find more at https://v21.angular.dev/extended-diagnostics/NG8107[0m [1m[35m[plugin angular-compiler][0m

    src/app/pages/contact-profile/contact-profile.html:253:52:
[37m      253 │                             @if (a.opportunity_ids?.[32mlength[37m) {
          ╵                                                     [32m~~~~~~[0m

  Warning occurs in the template of component ContactProfileComponent.

    src/app/pages/contact-profile/contact-profile.ts:15:17:
[37m      15 │     templateUrl: [32m'./contact-profile.html'[37m,
         ╵                  [32m~~~~~~~~~~~~~~~~~~~~~~~~[0m


[33m▲ [43;33m[[43;30mWARNING[43;33m][0m [1mNG8113: All imports are unused[0m [1m[35m[plugin angular-compiler][0m

    src/app/pages/dashboard/dashboard.ts:12:4:
[37m      12 │     [32mimports[37m: [RouterLink],
         ╵     [32m~~~~~~~[0m


[33m▲ [43;33m[[43;30mWARNING[43;33m][0m [1mNG8113: DecimalPipe is not used within the template of KBPortalComponent[0m [1m[35m[plugin angular-compiler][0m

    src/app/pages/knowledge-base/kb-portal.ts:11:49:
[37m      11 │     imports: [FormsModule, RouterLink, DatePipe, [32mDecimalPipe[37m],
         ╵                                                  [32m~~~~~~~~~~~[0m


[33m▲ [43;33m[[43;30mWARNING[43;33m][0m [1mNG8107: NG8107: The left side of this optional chain operation does not include 'null' or 'undefined' in its type, therefore the '?.' operator can be replaced with the '.' operator. Find more at https://v21.angular.dev/extended-diagnostics/NG8107[0m [1m[35m[plugin angular-compiler][0m

    src/app/pages/opportunity-profile/opportunity-profile.html:352:49:
[37m      352 │                         @if (a.organization_ids?.[32mlength[37m) {
          ╵                                                  [32m~~~~~~[0m

  Warning occurs in the template of component OpportunityProfileComponent.

    src/app/pages/opportunity-profile/opportunity-profile.ts:29:17:
[37m      29 │     templateUrl: [32m'./opportunity-profile.html'[37m,
         ╵                  [32m~~~~~~~~~~~~~~~~~~~~~~~~~~~~[0m


[33m▲ [43;33m[[43;30mWARNING[43;33m][0m [1mNG8107: NG8107: The left side of this optional chain operation does not include 'null' or 'undefined' in its type, therefore the '?.' operator can be replaced with the '.' operator. Find more at https://v21.angular.dev/extended-diagnostics/NG8107[0m [1m[35m[plugin angular-compiler][0m

    src/app/pages/opportunity-profile/opportunity-profile.html:359:44:
[37m      359 │                         @if (a.contact_ids?.[32mlength[37m) {
          ╵                                             [32m~~~~~~[0m

  Warning occurs in the template of component OpportunityProfileComponent.

    src/app/pages/opportunity-profile/opportunity-profile.ts:29:17:
[37m      29 │     templateUrl: [32m'./opportunity-profile.html'[37m,
         ╵                  [32m~~~~~~~~~~~~~~~~~~~~~~~~~~~~[0m


[33m▲ [43;33m[[43;30mWARNING[43;33m][0m [1mNG8107: NG8107: The left side of this optional chain operation does not include 'null' or 'undefined' in its type, therefore the '?.' operator can be replaced with the '.' operator. Find more at https://v21.angular.dev/extended-diagnostics/NG8107[0m [1m[35m[plugin angular-compiler][0m

    src/app/pages/opportunity-profile/opportunity-profile.html:366:48:
[37m      366 │                         @if (a.opportunity_ids?.[32mlength[37m) {
          ╵                                                 [32m~~~~~~[0m

  Warning occurs in the template of component OpportunityProfileComponent.

    src/app/pages/opportunity-profile/opportunity-profile.ts:29:17:
[37m      29 │     templateUrl: [32m'./opportunity-profile.html'[37m,
         ╵                  [32m~~~~~~~~~~~~~~~~~~~~~~~~~~~~[0m


[33m▲ [43;33m[[43;30mWARNING[43;33m][0m [1mNG8113: UpperCasePipe is not used within the template of OpportunityProfileComponent[0m [1m[35m[plugin angular-compiler][0m

    src/app/pages/opportunity-profile/opportunity-profile.ts:28:26:
[37m      28 │     imports: [RouterLink, [32mUpperCasePipe[37m, DatePipe, FormsModule],
         ╵                           [32m~~~~~~~~~~~~~[0m


[33m▲ [43;33m[[43;30mWARNING[43;33m][0m [1mNG8107: NG8107: The left side of this optional chain operation does not include 'null' or 'undefined' in its type, therefore the '?.' operator can be replaced with the '.' operator. Find more at https://v21.angular.dev/extended-diagnostics/NG8107[0m [1m[35m[plugin angular-compiler][0m

    src/app/pages/organization-detail/organization-detail.html:803:53:
[37m      803 │                             @if (a.organization_ids?.[32mlength[37m) {
          ╵                                                      [32m~~~~~~[0m

  Warning occurs in the template of component OrganizationDetailComponent.

    src/app/pages/organization-detail/organization-detail.ts:20:17:
[37m      20 │     templateUrl: [32m'./organization-detail.html'[37m,
         ╵                  [32m~~~~~~~~~~~~~~~~~~~~~~~~~~~~[0m


[33m▲ [43;33m[[43;30mWARNING[43;33m][0m [1mNG8107: NG8107: The left side of this optional chain operation does not include 'null' or 'undefined' in its type, therefore the '?.' operator can be replaced with the '.' operator. Find more at https://v21.angular.dev/extended-diagnostics/NG8107[0m [1m[35m[plugin angular-compiler][0m

    src/app/pages/organization-detail/organization-detail.html:810:48:
[37m      810 │                             @if (a.contact_ids?.[32mlength[37m) {
          ╵                                                 [32m~~~~~~[0m

  Warning occurs in the template of component OrganizationDetailComponent.

    src/app/pages/organization-detail/organization-detail.ts:20:17:
[37m      20 │     templateUrl: [32m'./organization-detail.html'[37m,
         ╵                  [32m~~~~~~~~~~~~~~~~~~~~~~~~~~~~[0m


[33m▲ [43;33m[[43;30mWARNING[43;33m][0m [1mNG8107: NG8107: The left side of this optional chain operation does not include 'null' or 'undefined' in its type, therefore the '?.' operator can be replaced with the '.' operator. Find more at https://v21.angular.dev/extended-diagnostics/NG8107[0m [1m[35m[plugin angular-compiler][0m

    src/app/pages/organization-detail/organization-detail.html:817:52:
[37m      817 │                             @if (a.opportunity_ids?.[32mlength[37m) {
          ╵                                                     [32m~~~~~~[0m

  Warning occurs in the template of component OrganizationDetailComponent.

    src/app/pages/organization-detail/organization-detail.ts:20:17:
[37m      20 │     templateUrl: [32m'./organization-detail.html'[37m,
         ╵                  [32m~~~~~~~~~~~~~~~~~~~~~~~~~~~~[0m


[33m▲ [43;33m[[43;30mWARNING[43;33m][0m [1mNG8113: All imports are unused[0m [1m[35m[plugin angular-compiler][0m

    src/app/pages/quotes/quotes.ts:9:4:
[37m      9 │     [32mimports[37m: [RouterLink],
        ╵     [32m~~~~~~~[0m


[33m▲ [43;33m[[43;30mWARNING[43;33m][0m [1mNG8107: NG8107: The left side of this optional chain operation does not include 'null' or 'undefined' in its type, therefore the '?.' operator can be replaced with the '.' operator. Find more at https://v21.angular.dev/extended-diagnostics/NG8107[0m [1m[35m[plugin angular-compiler][0m

    src/app/pages/settings/bcc-control-center/bcc-library-detail/bcc-library-detail.html:21:55:
[37m      21 │                 <h2 class="role-header__name">{{ item?.[32mname[37m }}</h2>
         ╵                                                        [32m~~~~[0m

  Warning occurs in the template of component BccLibraryDetailComponent.

    src/app/pages/settings/bcc-control-center/bcc-library-detail/bcc-library-detail.ts:14:17:
[37m      14 │     templateUrl: [32m'./bcc-library-detail.html'[37m,
         ╵                  [32m~~~~~~~~~~~~~~~~~~~~~~~~~~~[0m


[33m▲ [43;33m[[43;30mWARNING[43;33m][0m [1mNG8113: KeyValuePipe is not used within the template of BccLibraryDetailComponent[0m [1m[35m[plugin angular-compiler][0m

    src/app/pages/settings/bcc-control-center/bcc-library-detail/bcc-library-detail.ts:13:26:
[37m      13 │     imports: [RouterLink, [32mKeyValuePipe[37m, UpperCasePipe, JsonPipe, D...
         ╵                           [32m~~~~~~~~~~~~[0m


[33m▲ [43;33m[[43;30mWARNING[43;33m][0m [1mNG8113: JsonPipe is not used within the template of BccLibraryDetailComponent[0m [1m[35m[plugin angular-compiler][0m

    src/app/pages/settings/bcc-control-center/bcc-library-detail/bcc-library-detail.ts:13:55:
[37m      13 │ ..., KeyValuePipe, UpperCasePipe, [32mJsonPipe[37m, DatePipe, LowerCasePipe],
         ╵                                   [32m~~~~~~~~[0m


[33m▲ [43;33m[[43;30mWARNING[43;33m][0m [1mNG8113: KeyValuePipe is not used within the template of BccSkillViewComponent[0m [1m[35m[plugin angular-compiler][0m

    src/app/pages/settings/bcc-control-center/bcc-skill-view/bcc-skill-view.ts:10:41:
[37m      10 │     imports: [RouterLink, UpperCasePipe, [32mKeyValuePipe[37m],
         ╵                                          [32m~~~~~~~~~~~~[0m


Page reload sent to client(s).
❯ Changes detected. Rebuilding...
✔ Changes detected. Rebuilding...
Initial chunk files | Names     | Raw size
main.js             | main      | 11.93 kB | 

Lazy chunk files    | Names     | Raw size
chunk-QU4WKAIJ.js   | dashboard | 54.46 kB | 

Application bundle generation complete. [0.351 seconds] - 2026-03-10T03:38:30.898Z

[33m▲ [43;33m[[43;30mWARNING[43;33m][0m [1mNG8107: NG8107: The left side of this optional chain operation does not include 'null' or 'undefined' in its type, therefore the '?.' operator can be replaced with the '.' operator. Find more at https://v21.angular.dev/extended-diagnostics/NG8107[0m [1m[35m[plugin angular-compiler][0m

    src/app/pages/activities/activities.html:112:56:
[37m      112 │                         @if (activity.organization_ids?.[32mlength[37m) {
          ╵                                                         [32m~~~~~~[0m

  Warning occurs in the template of component ActivitiesComponent.

    src/app/pages/activities/activities.ts:12:17:
[37m      12 │     templateUrl: [32m'./activities.html'[37m,
         ╵                  [32m~~~~~~~~~~~~~~~~~~~[0m


[33m▲ [43;33m[[43;30mWARNING[43;33m][0m [1mNG8107: NG8107: The left side of this optional chain operation does not include 'null' or 'undefined' in its type, therefore the '?.' operator can be replaced with the '.' operator. Find more at https://v21.angular.dev/extended-diagnostics/NG8107[0m [1m[35m[plugin angular-compiler][0m

    src/app/pages/activities/activities.html:119:51:
[37m      119 │                         @if (activity.contact_ids?.[32mlength[37m) {
          ╵                                                    [32m~~~~~~[0m

  Warning occurs in the template of component ActivitiesComponent.

    src/app/pages/activities/activities.ts:12:17:
[37m      12 │     templateUrl: [32m'./activities.html'[37m,
         ╵                  [32m~~~~~~~~~~~~~~~~~~~[0m


[33m▲ [43;33m[[43;30mWARNING[43;33m][0m [1mNG8107: NG8107: The left side of this optional chain operation does not include 'null' or 'undefined' in its type, therefore the '?.' operator can be replaced with the '.' operator. Find more at https://v21.angular.dev/extended-diagnostics/NG8107[0m [1m[35m[plugin angular-compiler][0m

    src/app/pages/activities/activities.html:126:55:
[37m      126 │                         @if (activity.opportunity_ids?.[32mlength[37m) {
          ╵                                                        [32m~~~~~~[0m

  Warning occurs in the template of component ActivitiesComponent.

    src/app/pages/activities/activities.ts:12:17:
[37m      12 │     templateUrl: [32m'./activities.html'[37m,
         ╵                  [32m~~~~~~~~~~~~~~~~~~~[0m


[33m▲ [43;33m[[43;30mWARNING[43;33m][0m [1mNG8107: NG8107: The left side of this optional chain operation does not include 'null' or 'undefined' in its type, therefore the '?.' operator can be replaced with the '.' operator. Find more at https://v21.angular.dev/extended-diagnostics/NG8107[0m [1m[35m[plugin angular-compiler][0m

    src/app/pages/activities/activities.html:224:64:
[37m      224 │ ...         [disabled]="isCreating || !newActivity.subject?.[32mtrim[37m()">
          ╵                                                             [32m~~~~[0m

  Warning occurs in the template of component ActivitiesComponent.

    src/app/pages/activities/activities.ts:12:17:
[37m      12 │     templateUrl: [32m'./activities.html'[37m,
         ╵                  [32m~~~~~~~~~~~~~~~~~~~[0m


[33m▲ [43;33m[[43;30mWARNING[43;33m][0m [1mNG8107: NG8107: The left side of this optional chain operation does not include 'null' or 'undefined' in its type, therefore the '?.' operator can be replaced with the '.' operator. Find more at https://v21.angular.dev/extended-diagnostics/NG8107[0m [1m[35m[plugin angular-compiler][0m

    src/app/pages/contact-profile/contact-profile.html:239:53:
[37m      239 │                             @if (a.organization_ids?.[32mlength[37m) {
          ╵                                                      [32m~~~~~~[0m

  Warning occurs in the template of component ContactProfileComponent.

    src/app/pages/contact-profile/contact-profile.ts:15:17:
[37m      15 │     templateUrl: [32m'./contact-profile.html'[37m,
         ╵                  [32m~~~~~~~~~~~~~~~~~~~~~~~~[0m


[33m▲ [43;33m[[43;30mWARNING[43;33m][0m [1mNG8107: NG8107: The left side of this optional chain operation does not include 'null' or 'undefined' in its type, therefore the '?.' operator can be replaced with the '.' operator. Find more at https://v21.angular.dev/extended-diagnostics/NG8107[0m [1m[35m[plugin angular-compiler][0m

    src/app/pages/contact-profile/contact-profile.html:246:48:
[37m      246 │                             @if (a.contact_ids?.[32mlength[37m) {
          ╵                                                 [32m~~~~~~[0m

  Warning occurs in the template of component ContactProfileComponent.

    src/app/pages/contact-profile/contact-profile.ts:15:17:
[37m      15 │     templateUrl: [32m'./contact-profile.html'[37m,
         ╵                  [32m~~~~~~~~~~~~~~~~~~~~~~~~[0m


[33m▲ [43;33m[[43;30mWARNING[43;33m][0m [1mNG8107: NG8107: The left side of this optional chain operation does not include 'null' or 'undefined' in its type, therefore the '?.' operator can be replaced with the '.' operator. Find more at https://v21.angular.dev/extended-diagnostics/NG8107[0m [1m[35m[plugin angular-compiler][0m

    src/app/pages/contact-profile/contact-profile.html:253:52:
[37m      253 │                             @if (a.opportunity_ids?.[32mlength[37m) {
          ╵                                                     [32m~~~~~~[0m

  Warning occurs in the template of component ContactProfileComponent.

    src/app/pages/contact-profile/contact-profile.ts:15:17:
[37m      15 │     templateUrl: [32m'./contact-profile.html'[37m,
         ╵                  [32m~~~~~~~~~~~~~~~~~~~~~~~~[0m


[33m▲ [43;33m[[43;30mWARNING[43;33m][0m [1mNG8113: All imports are unused[0m [1m[35m[plugin angular-compiler][0m

    src/app/pages/dashboard/dashboard.ts:12:4:
[37m      12 │     [32mimports[37m: [RouterLink],
         ╵     [32m~~~~~~~[0m


[33m▲ [43;33m[[43;30mWARNING[43;33m][0m [1mNG8113: DecimalPipe is not used within the template of KBPortalComponent[0m [1m[35m[plugin angular-compiler][0m

    src/app/pages/knowledge-base/kb-portal.ts:11:49:
[37m      11 │     imports: [FormsModule, RouterLink, DatePipe, [32mDecimalPipe[37m],
         ╵                                                  [32m~~~~~~~~~~~[0m


[33m▲ [43;33m[[43;30mWARNING[43;33m][0m [1mNG8107: NG8107: The left side of this optional chain operation does not include 'null' or 'undefined' in its type, therefore the '?.' operator can be replaced with the '.' operator. Find more at https://v21.angular.dev/extended-diagnostics/NG8107[0m [1m[35m[plugin angular-compiler][0m

    src/app/pages/opportunity-profile/opportunity-profile.html:352:49:
[37m      352 │                         @if (a.organization_ids?.[32mlength[37m) {
          ╵                                                  [32m~~~~~~[0m

  Warning occurs in the template of component OpportunityProfileComponent.

    src/app/pages/opportunity-profile/opportunity-profile.ts:29:17:
[37m      29 │     templateUrl: [32m'./opportunity-profile.html'[37m,
         ╵                  [32m~~~~~~~~~~~~~~~~~~~~~~~~~~~~[0m


[33m▲ [43;33m[[43;30mWARNING[43;33m][0m [1mNG8107: NG8107: The left side of this optional chain operation does not include 'null' or 'undefined' in its type, therefore the '?.' operator can be replaced with the '.' operator. Find more at https://v21.angular.dev/extended-diagnostics/NG8107[0m [1m[35m[plugin angular-compiler][0m

    src/app/pages/opportunity-profile/opportunity-profile.html:359:44:
[37m      359 │                         @if (a.contact_ids?.[32mlength[37m) {
          ╵                                             [32m~~~~~~[0m

  Warning occurs in the template of component OpportunityProfileComponent.

    src/app/pages/opportunity-profile/opportunity-profile.ts:29:17:
[37m      29 │     templateUrl: [32m'./opportunity-profile.html'[37m,
         ╵                  [32m~~~~~~~~~~~~~~~~~~~~~~~~~~~~[0m


[33m▲ [43;33m[[43;30mWARNING[43;33m][0m [1mNG8107: NG8107: The left side of this optional chain operation does not include 'null' or 'undefined' in its type, therefore the '?.' operator can be replaced with the '.' operator. Find more at https://v21.angular.dev/extended-diagnostics/NG8107[0m [1m[35m[plugin angular-compiler][0m

    src/app/pages/opportunity-profile/opportunity-profile.html:366:48:
[37m      366 │                         @if (a.opportunity_ids?.[32mlength[37m) {
          ╵                                                 [32m~~~~~~[0m

  Warning occurs in the template of component OpportunityProfileComponent.

    src/app/pages/opportunity-profile/opportunity-profile.ts:29:17:
[37m      29 │     templateUrl: [32m'./opportunity-profile.html'[37m,
         ╵                  [32m~~~~~~~~~~~~~~~~~~~~~~~~~~~~[0m


[33m▲ [43;33m[[43;30mWARNING[43;33m][0m [1mNG8113: UpperCasePipe is not used within the template of OpportunityProfileComponent[0m [1m[35m[plugin angular-compiler][0m

    src/app/pages/opportunity-profile/opportunity-profile.ts:28:26:
[37m      28 │     imports: [RouterLink, [32mUpperCasePipe[37m, DatePipe, FormsModule],
         ╵                           [32m~~~~~~~~~~~~~[0m


[33m▲ [43;33m[[43;30mWARNING[43;33m][0m [1mNG8107: NG8107: The left side of this optional chain operation does not include 'null' or 'undefined' in its type, therefore the '?.' operator can be replaced with the '.' operator. Find more at https://v21.angular.dev/extended-diagnostics/NG8107[0m [1m[35m[plugin angular-compiler][0m

    src/app/pages/organization-detail/organization-detail.html:803:53:
[37m      803 │                             @if (a.organization_ids?.[32mlength[37m) {
          ╵                                                      [32m~~~~~~[0m

  Warning occurs in the template of component OrganizationDetailComponent.

    src/app/pages/organization-detail/organization-detail.ts:20:17:
[37m      20 │     templateUrl: [32m'./organization-detail.html'[37m,
         ╵                  [32m~~~~~~~~~~~~~~~~~~~~~~~~~~~~[0m


[33m▲ [43;33m[[43;30mWARNING[43;33m][0m [1mNG8107: NG8107: The left side of this optional chain operation does not include 'null' or 'undefined' in its type, therefore the '?.' operator can be replaced with the '.' operator. Find more at https://v21.angular.dev/extended-diagnostics/NG8107[0m [1m[35m[plugin angular-compiler][0m

    src/app/pages/organization-detail/organization-detail.html:810:48:
[37m      810 │                             @if (a.contact_ids?.[32mlength[37m) {
          ╵                                                 [32m~~~~~~[0m

  Warning occurs in the template of component OrganizationDetailComponent.

    src/app/pages/organization-detail/organization-detail.ts:20:17:
[37m      20 │     templateUrl: [32m'./organization-detail.html'[37m,
         ╵                  [32m~~~~~~~~~~~~~~~~~~~~~~~~~~~~[0m


[33m▲ [43;33m[[43;30mWARNING[43;33m][0m [1mNG8107: NG8107: The left side of this optional chain operation does not include 'null' or 'undefined' in its type, therefore the '?.' operator can be replaced with the '.' operator. Find more at https://v21.angular.dev/extended-diagnostics/NG8107[0m [1m[35m[plugin angular-compiler][0m

    src/app/pages/organization-detail/organization-detail.html:817:52:
[37m      817 │                             @if (a.opportunity_ids?.[32mlength[37m) {
          ╵                                                     [32m~~~~~~[0m

  Warning occurs in the template of component OrganizationDetailComponent.

    src/app/pages/organization-detail/organization-detail.ts:20:17:
[37m      20 │     templateUrl: [32m'./organization-detail.html'[37m,
         ╵                  [32m~~~~~~~~~~~~~~~~~~~~~~~~~~~~[0m


[33m▲ [43;33m[[43;30mWARNING[43;33m][0m [1mNG8113: All imports are unused[0m [1m[35m[plugin angular-compiler][0m

    src/app/pages/quotes/quotes.ts:9:4:
[37m      9 │     [32mimports[37m: [RouterLink],
        ╵     [32m~~~~~~~[0m


[33m▲ [43;33m[[43;30mWARNING[43;33m][0m [1mNG8107: NG8107: The left side of this optional chain operation does not include 'null' or 'undefined' in its type, therefore the '?.' operator can be replaced with the '.' operator. Find more at https://v21.angular.dev/extended-diagnostics/NG8107[0m [1m[35m[plugin angular-compiler][0m

    src/app/pages/settings/bcc-control-center/bcc-library-detail/bcc-library-detail.html:21:55:
[37m      21 │                 <h2 class="role-header__name">{{ item?.[32mname[37m }}</h2>
         ╵                                                        [32m~~~~[0m

  Warning occurs in the template of component BccLibraryDetailComponent.

    src/app/pages/settings/bcc-control-center/bcc-library-detail/bcc-library-detail.ts:14:17:
[37m      14 │     templateUrl: [32m'./bcc-library-detail.html'[37m,
         ╵                  [32m~~~~~~~~~~~~~~~~~~~~~~~~~~~[0m


[33m▲ [43;33m[[43;30mWARNING[43;33m][0m [1mNG8113: KeyValuePipe is not used within the template of BccLibraryDetailComponent[0m [1m[35m[plugin angular-compiler][0m

    src/app/pages/settings/bcc-control-center/bcc-library-detail/bcc-library-detail.ts:13:26:
[37m      13 │     imports: [RouterLink, [32mKeyValuePipe[37m, UpperCasePipe, JsonPipe, D...
         ╵                           [32m~~~~~~~~~~~~[0m


[33m▲ [43;33m[[43;30mWARNING[43;33m][0m [1mNG8113: JsonPipe is not used within the template of BccLibraryDetailComponent[0m [1m[35m[plugin angular-compiler][0m

    src/app/pages/settings/bcc-control-center/bcc-library-detail/bcc-library-detail.ts:13:55:
[37m      13 │ ..., KeyValuePipe, UpperCasePipe, [32mJsonPipe[37m, DatePipe, LowerCasePipe],
         ╵                                   [32m~~~~~~~~[0m


[33m▲ [43;33m[[43;30mWARNING[43;33m][0m [1mNG8113: KeyValuePipe is not used within the template of BccSkillViewComponent[0m [1m[35m[plugin angular-compiler][0m

    src/app/pages/settings/bcc-control-center/bcc-skill-view/bcc-skill-view.ts:10:41:
[37m      10 │     imports: [RouterLink, UpperCasePipe, [32mKeyValuePipe[37m],
         ╵                                          [32m~~~~~~~~~~~~[0m


Page reload sent to client(s).
❯ Changes detected. Rebuilding...
✔ Changes detected. Rebuilding...
Initial chunk files | Names     | Raw size
main.js             | main      | 11.93 kB | 

Lazy chunk files    | Names     | Raw size
chunk-BOFV53JQ.js   | dashboard | 59.54 kB | 

Application bundle generation complete. [0.246 seconds] - 2026-03-10T03:39:04.284Z

[33m▲ [43;33m[[43;30mWARNING[43;33m][0m [1mNG8107: NG8107: The left side of this optional chain operation does not include 'null' or 'undefined' in its type, therefore the '?.' operator can be replaced with the '.' operator. Find more at https://v21.angular.dev/extended-diagnostics/NG8107[0m [1m[35m[plugin angular-compiler][0m

    src/app/pages/activities/activities.html:112:56:
[37m      112 │                         @if (activity.organization_ids?.[32mlength[37m) {
          ╵                                                         [32m~~~~~~[0m

  Warning occurs in the template of component ActivitiesComponent.

    src/app/pages/activities/activities.ts:12:17:
[37m      12 │     templateUrl: [32m'./activities.html'[37m,
         ╵                  [32m~~~~~~~~~~~~~~~~~~~[0m


[33m▲ [43;33m[[43;30mWARNING[43;33m][0m [1mNG8107: NG8107: The left side of this optional chain operation does not include 'null' or 'undefined' in its type, therefore the '?.' operator can be replaced with the '.' operator. Find more at https://v21.angular.dev/extended-diagnostics/NG8107[0m [1m[35m[plugin angular-compiler][0m

    src/app/pages/activities/activities.html:119:51:
[37m      119 │                         @if (activity.contact_ids?.[32mlength[37m) {
          ╵                                                    [32m~~~~~~[0m

  Warning occurs in the template of component ActivitiesComponent.

    src/app/pages/activities/activities.ts:12:17:
[37m      12 │     templateUrl: [32m'./activities.html'[37m,
         ╵                  [32m~~~~~~~~~~~~~~~~~~~[0m


[33m▲ [43;33m[[43;30mWARNING[43;33m][0m [1mNG8107: NG8107: The left side of this optional chain operation does not include 'null' or 'undefined' in its type, therefore the '?.' operator can be replaced with the '.' operator. Find more at https://v21.angular.dev/extended-diagnostics/NG8107[0m [1m[35m[plugin angular-compiler][0m

    src/app/pages/activities/activities.html:126:55:
[37m      126 │                         @if (activity.opportunity_ids?.[32mlength[37m) {
          ╵                                                        [32m~~~~~~[0m

  Warning occurs in the template of component ActivitiesComponent.

    src/app/pages/activities/activities.ts:12:17:
[37m      12 │     templateUrl: [32m'./activities.html'[37m,
         ╵                  [32m~~~~~~~~~~~~~~~~~~~[0m


[33m▲ [43;33m[[43;30mWARNING[43;33m][0m [1mNG8107: NG8107: The left side of this optional chain operation does not include 'null' or 'undefined' in its type, therefore the '?.' operator can be replaced with the '.' operator. Find more at https://v21.angular.dev/extended-diagnostics/NG8107[0m [1m[35m[plugin angular-compiler][0m

    src/app/pages/activities/activities.html:224:64:
[37m      224 │ ...         [disabled]="isCreating || !newActivity.subject?.[32mtrim[37m()">
          ╵                                                             [32m~~~~[0m

  Warning occurs in the template of component ActivitiesComponent.

    src/app/pages/activities/activities.ts:12:17:
[37m      12 │     templateUrl: [32m'./activities.html'[37m,
         ╵                  [32m~~~~~~~~~~~~~~~~~~~[0m


[33m▲ [43;33m[[43;30mWARNING[43;33m][0m [1mNG8107: NG8107: The left side of this optional chain operation does not include 'null' or 'undefined' in its type, therefore the '?.' operator can be replaced with the '.' operator. Find more at https://v21.angular.dev/extended-diagnostics/NG8107[0m [1m[35m[plugin angular-compiler][0m

    src/app/pages/contact-profile/contact-profile.html:239:53:
[37m      239 │                             @if (a.organization_ids?.[32mlength[37m) {
          ╵                                                      [32m~~~~~~[0m

  Warning occurs in the template of component ContactProfileComponent.

    src/app/pages/contact-profile/contact-profile.ts:15:17:
[37m      15 │     templateUrl: [32m'./contact-profile.html'[37m,
         ╵                  [32m~~~~~~~~~~~~~~~~~~~~~~~~[0m


[33m▲ [43;33m[[43;30mWARNING[43;33m][0m [1mNG8107: NG8107: The left side of this optional chain operation does not include 'null' or 'undefined' in its type, therefore the '?.' operator can be replaced with the '.' operator. Find more at https://v21.angular.dev/extended-diagnostics/NG8107[0m [1m[35m[plugin angular-compiler][0m

    src/app/pages/contact-profile/contact-profile.html:246:48:
[37m      246 │                             @if (a.contact_ids?.[32mlength[37m) {
          ╵                                                 [32m~~~~~~[0m

  Warning occurs in the template of component ContactProfileComponent.

    src/app/pages/contact-profile/contact-profile.ts:15:17:
[37m      15 │     templateUrl: [32m'./contact-profile.html'[37m,
         ╵                  [32m~~~~~~~~~~~~~~~~~~~~~~~~[0m


[33m▲ [43;33m[[43;30mWARNING[43;33m][0m [1mNG8107: NG8107: The left side of this optional chain operation does not include 'null' or 'undefined' in its type, therefore the '?.' operator can be replaced with the '.' operator. Find more at https://v21.angular.dev/extended-diagnostics/NG8107[0m [1m[35m[plugin angular-compiler][0m

    src/app/pages/contact-profile/contact-profile.html:253:52:
[37m      253 │                             @if (a.opportunity_ids?.[32mlength[37m) {
          ╵                                                     [32m~~~~~~[0m

  Warning occurs in the template of component ContactProfileComponent.

    src/app/pages/contact-profile/contact-profile.ts:15:17:
[37m      15 │     templateUrl: [32m'./contact-profile.html'[37m,
         ╵                  [32m~~~~~~~~~~~~~~~~~~~~~~~~[0m


[33m▲ [43;33m[[43;30mWARNING[43;33m][0m [1mNG8113: All imports are unused[0m [1m[35m[plugin angular-compiler][0m

    src/app/pages/dashboard/dashboard.ts:12:4:
[37m      12 │     [32mimports[37m: [RouterLink],
         ╵     [32m~~~~~~~[0m


[33m▲ [43;33m[[43;30mWARNING[43;33m][0m [1mNG8113: DecimalPipe is not used within the template of KBPortalComponent[0m [1m[35m[plugin angular-compiler][0m

    src/app/pages/knowledge-base/kb-portal.ts:11:49:
[37m      11 │     imports: [FormsModule, RouterLink, DatePipe, [32mDecimalPipe[37m],
         ╵                                                  [32m~~~~~~~~~~~[0m


[33m▲ [43;33m[[43;30mWARNING[43;33m][0m [1mNG8107: NG8107: The left side of this optional chain operation does not include 'null' or 'undefined' in its type, therefore the '?.' operator can be replaced with the '.' operator. Find more at https://v21.angular.dev/extended-diagnostics/NG8107[0m [1m[35m[plugin angular-compiler][0m

    src/app/pages/opportunity-profile/opportunity-profile.html:352:49:
[37m      352 │                         @if (a.organization_ids?.[32mlength[37m) {
          ╵                                                  [32m~~~~~~[0m

  Warning occurs in the template of component OpportunityProfileComponent.

    src/app/pages/opportunity-profile/opportunity-profile.ts:29:17:
[37m      29 │     templateUrl: [32m'./opportunity-profile.html'[37m,
         ╵                  [32m~~~~~~~~~~~~~~~~~~~~~~~~~~~~[0m


[33m▲ [43;33m[[43;30mWARNING[43;33m][0m [1mNG8107: NG8107: The left side of this optional chain operation does not include 'null' or 'undefined' in its type, therefore the '?.' operator can be replaced with the '.' operator. Find more at https://v21.angular.dev/extended-diagnostics/NG8107[0m [1m[35m[plugin angular-compiler][0m

    src/app/pages/opportunity-profile/opportunity-profile.html:359:44:
[37m      359 │                         @if (a.contact_ids?.[32mlength[37m) {
          ╵                                             [32m~~~~~~[0m

  Warning occurs in the template of component OpportunityProfileComponent.

    src/app/pages/opportunity-profile/opportunity-profile.ts:29:17:
[37m      29 │     templateUrl: [32m'./opportunity-profile.html'[37m,
         ╵                  [32m~~~~~~~~~~~~~~~~~~~~~~~~~~~~[0m


[33m▲ [43;33m[[43;30mWARNING[43;33m][0m [1mNG8107: NG8107: The left side of this optional chain operation does not include 'null' or 'undefined' in its type, therefore the '?.' operator can be replaced with the '.' operator. Find more at https://v21.angular.dev/extended-diagnostics/NG8107[0m [1m[35m[plugin angular-compiler][0m

    src/app/pages/opportunity-profile/opportunity-profile.html:366:48:
[37m      366 │                         @if (a.opportunity_ids?.[32mlength[37m) {
          ╵                                                 [32m~~~~~~[0m

  Warning occurs in the template of component OpportunityProfileComponent.

    src/app/pages/opportunity-profile/opportunity-profile.ts:29:17:
[37m      29 │     templateUrl: [32m'./opportunity-profile.html'[37m,
         ╵                  [32m~~~~~~~~~~~~~~~~~~~~~~~~~~~~[0m


[33m▲ [43;33m[[43;30mWARNING[43;33m][0m [1mNG8113: UpperCasePipe is not used within the template of OpportunityProfileComponent[0m [1m[35m[plugin angular-compiler][0m

    src/app/pages/opportunity-profile/opportunity-profile.ts:28:26:
[37m      28 │     imports: [RouterLink, [32mUpperCasePipe[37m, DatePipe, FormsModule],
         ╵                           [32m~~~~~~~~~~~~~[0m


[33m▲ [43;33m[[43;30mWARNING[43;33m][0m [1mNG8107: NG8107: The left side of this optional chain operation does not include 'null' or 'undefined' in its type, therefore the '?.' operator can be replaced with the '.' operator. Find more at https://v21.angular.dev/extended-diagnostics/NG8107[0m [1m[35m[plugin angular-compiler][0m

    src/app/pages/organization-detail/organization-detail.html:803:53:
[37m      803 │                             @if (a.organization_ids?.[32mlength[37m) {
          ╵                                                      [32m~~~~~~[0m

  Warning occurs in the template of component OrganizationDetailComponent.

    src/app/pages/organization-detail/organization-detail.ts:20:17:
[37m      20 │     templateUrl: [32m'./organization-detail.html'[37m,
         ╵                  [32m~~~~~~~~~~~~~~~~~~~~~~~~~~~~[0m


[33m▲ [43;33m[[43;30mWARNING[43;33m][0m [1mNG8107: NG8107: The left side of this optional chain operation does not include 'null' or 'undefined' in its type, therefore the '?.' operator can be replaced with the '.' operator. Find more at https://v21.angular.dev/extended-diagnostics/NG8107[0m [1m[35m[plugin angular-compiler][0m

    src/app/pages/organization-detail/organization-detail.html:810:48:
[37m      810 │                             @if (a.contact_ids?.[32mlength[37m) {
          ╵                                                 [32m~~~~~~[0m

  Warning occurs in the template of component OrganizationDetailComponent.

    src/app/pages/organization-detail/organization-detail.ts:20:17:
[37m      20 │     templateUrl: [32m'./organization-detail.html'[37m,
         ╵                  [32m~~~~~~~~~~~~~~~~~~~~~~~~~~~~[0m


[33m▲ [43;33m[[43;30mWARNING[43;33m][0m [1mNG8107: NG8107: The left side of this optional chain operation does not include 'null' or 'undefined' in its type, therefore the '?.' operator can be replaced with the '.' operator. Find more at https://v21.angular.dev/extended-diagnostics/NG8107[0m [1m[35m[plugin angular-compiler][0m

    src/app/pages/organization-detail/organization-detail.html:817:52:
[37m      817 │                             @if (a.opportunity_ids?.[32mlength[37m) {
          ╵                                                     [32m~~~~~~[0m

  Warning occurs in the template of component OrganizationDetailComponent.

    src/app/pages/organization-detail/organization-detail.ts:20:17:
[37m      20 │     templateUrl: [32m'./organization-detail.html'[37m,
         ╵                  [32m~~~~~~~~~~~~~~~~~~~~~~~~~~~~[0m


[33m▲ [43;33m[[43;30mWARNING[43;33m][0m [1mNG8113: All imports are unused[0m [1m[35m[plugin angular-compiler][0m

    src/app/pages/quotes/quotes.ts:9:4:
[37m      9 │     [32mimports[37m: [RouterLink],
        ╵     [32m~~~~~~~[0m


[33m▲ [43;33m[[43;30mWARNING[43;33m][0m [1mNG8107: NG8107: The left side of this optional chain operation does not include 'null' or 'undefined' in its type, therefore the '?.' operator can be replaced with the '.' operator. Find more at https://v21.angular.dev/extended-diagnostics/NG8107[0m [1m[35m[plugin angular-compiler][0m

    src/app/pages/settings/bcc-control-center/bcc-library-detail/bcc-library-detail.html:21:55:
[37m      21 │                 <h2 class="role-header__name">{{ item?.[32mname[37m }}</h2>
         ╵                                                        [32m~~~~[0m

  Warning occurs in the template of component BccLibraryDetailComponent.

    src/app/pages/settings/bcc-control-center/bcc-library-detail/bcc-library-detail.ts:14:17:
[37m      14 │     templateUrl: [32m'./bcc-library-detail.html'[37m,
         ╵                  [32m~~~~~~~~~~~~~~~~~~~~~~~~~~~[0m


[33m▲ [43;33m[[43;30mWARNING[43;33m][0m [1mNG8113: KeyValuePipe is not used within the template of BccLibraryDetailComponent[0m [1m[35m[plugin angular-compiler][0m

    src/app/pages/settings/bcc-control-center/bcc-library-detail/bcc-library-detail.ts:13:26:
[37m      13 │     imports: [RouterLink, [32mKeyValuePipe[37m, UpperCasePipe, JsonPipe, D...
         ╵                           [32m~~~~~~~~~~~~[0m


[33m▲ [43;33m[[43;30mWARNING[43;33m][0m [1mNG8113: JsonPipe is not used within the template of BccLibraryDetailComponent[0m [1m[35m[plugin angular-compiler][0m

    src/app/pages/settings/bcc-control-center/bcc-library-detail/bcc-library-detail.ts:13:55:
[37m      13 │ ..., KeyValuePipe, UpperCasePipe, [32mJsonPipe[37m, DatePipe, LowerCasePipe],
         ╵                                   [32m~~~~~~~~[0m


[33m▲ [43;33m[[43;30mWARNING[43;33m][0m [1mNG8113: KeyValuePipe is not used within the template of BccSkillViewComponent[0m [1m[35m[plugin angular-compiler][0m

    src/app/pages/settings/bcc-control-center/bcc-skill-view/bcc-skill-view.ts:10:41:
[37m      10 │     imports: [RouterLink, UpperCasePipe, [32mKeyValuePipe[37m],
         ╵                                          [32m~~~~~~~~~~~~[0m


Component update sent to client(s).
❯ Changes detected. Rebuilding...
✔ Changes detected. Rebuilding...
Initial chunk files | Names    | Raw size
main.js             | main     | 11.93 kB | 

Lazy chunk files    | Names    | Raw size
chunk-YLK4JBWY.js   | contacts | 79.34 kB | 

Application bundle generation complete. [0.559 seconds] - 2026-03-10T03:54:27.196Z

[33m▲ [43;33m[[43;30mWARNING[43;33m][0m [1mNG8107: NG8107: The left side of this optional chain operation does not include 'null' or 'undefined' in its type, therefore the '?.' operator can be replaced with the '.' operator. Find more at https://v21.angular.dev/extended-diagnostics/NG8107[0m [1m[35m[plugin angular-compiler][0m

    src/app/pages/activities/activities.html:112:56:
[37m      112 │                         @if (activity.organization_ids?.[32mlength[37m) {
          ╵                                                         [32m~~~~~~[0m

  Warning occurs in the template of component ActivitiesComponent.

    src/app/pages/activities/activities.ts:12:17:
[37m      12 │     templateUrl: [32m'./activities.html'[37m,
         ╵                  [32m~~~~~~~~~~~~~~~~~~~[0m


[33m▲ [43;33m[[43;30mWARNING[43;33m][0m [1mNG8107: NG8107: The left side of this optional chain operation does not include 'null' or 'undefined' in its type, therefore the '?.' operator can be replaced with the '.' operator. Find more at https://v21.angular.dev/extended-diagnostics/NG8107[0m [1m[35m[plugin angular-compiler][0m

    src/app/pages/activities/activities.html:119:51:
[37m      119 │                         @if (activity.contact_ids?.[32mlength[37m) {
          ╵                                                    [32m~~~~~~[0m

  Warning occurs in the template of component ActivitiesComponent.

    src/app/pages/activities/activities.ts:12:17:
[37m      12 │     templateUrl: [32m'./activities.html'[37m,
         ╵                  [32m~~~~~~~~~~~~~~~~~~~[0m


[33m▲ [43;33m[[43;30mWARNING[43;33m][0m [1mNG8107: NG8107: The left side of this optional chain operation does not include 'null' or 'undefined' in its type, therefore the '?.' operator can be replaced with the '.' operator. Find more at https://v21.angular.dev/extended-diagnostics/NG8107[0m [1m[35m[plugin angular-compiler][0m

    src/app/pages/activities/activities.html:126:55:
[37m      126 │                         @if (activity.opportunity_ids?.[32mlength[37m) {
          ╵                                                        [32m~~~~~~[0m

  Warning occurs in the template of component ActivitiesComponent.

    src/app/pages/activities/activities.ts:12:17:
[37m      12 │     templateUrl: [32m'./activities.html'[37m,
         ╵                  [32m~~~~~~~~~~~~~~~~~~~[0m


[33m▲ [43;33m[[43;30mWARNING[43;33m][0m [1mNG8107: NG8107: The left side of this optional chain operation does not include 'null' or 'undefined' in its type, therefore the '?.' operator can be replaced with the '.' operator. Find more at https://v21.angular.dev/extended-diagnostics/NG8107[0m [1m[35m[plugin angular-compiler][0m

    src/app/pages/activities/activities.html:224:64:
[37m      224 │ ...         [disabled]="isCreating || !newActivity.subject?.[32mtrim[37m()">
          ╵                                                             [32m~~~~[0m

  Warning occurs in the template of component ActivitiesComponent.

    src/app/pages/activities/activities.ts:12:17:
[37m      12 │     templateUrl: [32m'./activities.html'[37m,
         ╵                  [32m~~~~~~~~~~~~~~~~~~~[0m


[33m▲ [43;33m[[43;30mWARNING[43;33m][0m [1mNG8107: NG8107: The left side of this optional chain operation does not include 'null' or 'undefined' in its type, therefore the '?.' operator can be replaced with the '.' operator. Find more at https://v21.angular.dev/extended-diagnostics/NG8107[0m [1m[35m[plugin angular-compiler][0m

    src/app/pages/contact-profile/contact-profile.html:239:53:
[37m      239 │                             @if (a.organization_ids?.[32mlength[37m) {
          ╵                                                      [32m~~~~~~[0m

  Warning occurs in the template of component ContactProfileComponent.

    src/app/pages/contact-profile/contact-profile.ts:15:17:
[37m      15 │     templateUrl: [32m'./contact-profile.html'[37m,
         ╵                  [32m~~~~~~~~~~~~~~~~~~~~~~~~[0m


[33m▲ [43;33m[[43;30mWARNING[43;33m][0m [1mNG8107: NG8107: The left side of this optional chain operation does not include 'null' or 'undefined' in its type, therefore the '?.' operator can be replaced with the '.' operator. Find more at https://v21.angular.dev/extended-diagnostics/NG8107[0m [1m[35m[plugin angular-compiler][0m

    src/app/pages/contact-profile/contact-profile.html:246:48:
[37m      246 │                             @if (a.contact_ids?.[32mlength[37m) {
          ╵                                                 [32m~~~~~~[0m

  Warning occurs in the template of component ContactProfileComponent.

    src/app/pages/contact-profile/contact-profile.ts:15:17:
[37m      15 │     templateUrl: [32m'./contact-profile.html'[37m,
         ╵                  [32m~~~~~~~~~~~~~~~~~~~~~~~~[0m


[33m▲ [43;33m[[43;30mWARNING[43;33m][0m [1mNG8107: NG8107: The left side of this optional chain operation does not include 'null' or 'undefined' in its type, therefore the '?.' operator can be replaced with the '.' operator. Find more at https://v21.angular.dev/extended-diagnostics/NG8107[0m [1m[35m[plugin angular-compiler][0m

    src/app/pages/contact-profile/contact-profile.html:253:52:
[37m      253 │                             @if (a.opportunity_ids?.[32mlength[37m) {
          ╵                                                     [32m~~~~~~[0m

  Warning occurs in the template of component ContactProfileComponent.

    src/app/pages/contact-profile/contact-profile.ts:15:17:
[37m      15 │     templateUrl: [32m'./contact-profile.html'[37m,
         ╵                  [32m~~~~~~~~~~~~~~~~~~~~~~~~[0m


[33m▲ [43;33m[[43;30mWARNING[43;33m][0m [1mNG8113: All imports are unused[0m [1m[35m[plugin angular-compiler][0m

    src/app/pages/dashboard/dashboard.ts:12:4:
[37m      12 │     [32mimports[37m: [RouterLink],
         ╵     [32m~~~~~~~[0m


[33m▲ [43;33m[[43;30mWARNING[43;33m][0m [1mNG8113: DecimalPipe is not used within the template of KBPortalComponent[0m [1m[35m[plugin angular-compiler][0m

    src/app/pages/knowledge-base/kb-portal.ts:11:49:
[37m      11 │     imports: [FormsModule, RouterLink, DatePipe, [32mDecimalPipe[37m],
         ╵                                                  [32m~~~~~~~~~~~[0m


[33m▲ [43;33m[[43;30mWARNING[43;33m][0m [1mNG8107: NG8107: The left side of this optional chain operation does not include 'null' or 'undefined' in its type, therefore the '?.' operator can be replaced with the '.' operator. Find more at https://v21.angular.dev/extended-diagnostics/NG8107[0m [1m[35m[plugin angular-compiler][0m

    src/app/pages/opportunity-profile/opportunity-profile.html:352:49:
[37m      352 │                         @if (a.organization_ids?.[32mlength[37m) {
          ╵                                                  [32m~~~~~~[0m

  Warning occurs in the template of component OpportunityProfileComponent.

    src/app/pages/opportunity-profile/opportunity-profile.ts:29:17:
[37m      29 │     templateUrl: [32m'./opportunity-profile.html'[37m,
         ╵                  [32m~~~~~~~~~~~~~~~~~~~~~~~~~~~~[0m


[33m▲ [43;33m[[43;30mWARNING[43;33m][0m [1mNG8107: NG8107: The left side of this optional chain operation does not include 'null' or 'undefined' in its type, therefore the '?.' operator can be replaced with the '.' operator. Find more at https://v21.angular.dev/extended-diagnostics/NG8107[0m [1m[35m[plugin angular-compiler][0m

    src/app/pages/opportunity-profile/opportunity-profile.html:359:44:
[37m      359 │                         @if (a.contact_ids?.[32mlength[37m) {
          ╵                                             [32m~~~~~~[0m

  Warning occurs in the template of component OpportunityProfileComponent.

    src/app/pages/opportunity-profile/opportunity-profile.ts:29:17:
[37m      29 │     templateUrl: [32m'./opportunity-profile.html'[37m,
         ╵                  [32m~~~~~~~~~~~~~~~~~~~~~~~~~~~~[0m


[33m▲ [43;33m[[43;30mWARNING[43;33m][0m [1mNG8107: NG8107: The left side of this optional chain operation does not include 'null' or 'undefined' in its type, therefore the '?.' operator can be replaced with the '.' operator. Find more at https://v21.angular.dev/extended-diagnostics/NG8107[0m [1m[35m[plugin angular-compiler][0m

    src/app/pages/opportunity-profile/opportunity-profile.html:366:48:
[37m      366 │                         @if (a.opportunity_ids?.[32mlength[37m) {
          ╵                                                 [32m~~~~~~[0m

  Warning occurs in the template of component OpportunityProfileComponent.

    src/app/pages/opportunity-profile/opportunity-profile.ts:29:17:
[37m      29 │     templateUrl: [32m'./opportunity-profile.html'[37m,
         ╵                  [32m~~~~~~~~~~~~~~~~~~~~~~~~~~~~[0m


[33m▲ [43;33m[[43;30mWARNING[43;33m][0m [1mNG8113: UpperCasePipe is not used within the template of OpportunityProfileComponent[0m [1m[35m[plugin angular-compiler][0m

    src/app/pages/opportunity-profile/opportunity-profile.ts:28:26:
[37m      28 │     imports: [RouterLink, [32mUpperCasePipe[37m, DatePipe, FormsModule],
         ╵                           [32m~~~~~~~~~~~~~[0m


[33m▲ [43;33m[[43;30mWARNING[43;33m][0m [1mNG8107: NG8107: The left side of this optional chain operation does not include 'null' or 'undefined' in its type, therefore the '?.' operator can be replaced with the '.' operator. Find more at https://v21.angular.dev/extended-diagnostics/NG8107[0m [1m[35m[plugin angular-compiler][0m

    src/app/pages/organization-detail/organization-detail.html:803:53:
[37m      803 │                             @if (a.organization_ids?.[32mlength[37m) {
          ╵                                                      [32m~~~~~~[0m

  Warning occurs in the template of component OrganizationDetailComponent.

    src/app/pages/organization-detail/organization-detail.ts:20:17:
[37m      20 │     templateUrl: [32m'./organization-detail.html'[37m,
         ╵                  [32m~~~~~~~~~~~~~~~~~~~~~~~~~~~~[0m


[33m▲ [43;33m[[43;30mWARNING[43;33m][0m [1mNG8107: NG8107: The left side of this optional chain operation does not include 'null' or 'undefined' in its type, therefore the '?.' operator can be replaced with the '.' operator. Find more at https://v21.angular.dev/extended-diagnostics/NG8107[0m [1m[35m[plugin angular-compiler][0m

    src/app/pages/organization-detail/organization-detail.html:810:48:
[37m      810 │                             @if (a.contact_ids?.[32mlength[37m) {
          ╵                                                 [32m~~~~~~[0m

  Warning occurs in the template of component OrganizationDetailComponent.

    src/app/pages/organization-detail/organization-detail.ts:20:17:
[37m      20 │     templateUrl: [32m'./organization-detail.html'[37m,
         ╵                  [32m~~~~~~~~~~~~~~~~~~~~~~~~~~~~[0m


[33m▲ [43;33m[[43;30mWARNING[43;33m][0m [1mNG8107: NG8107: The left side of this optional chain operation does not include 'null' or 'undefined' in its type, therefore the '?.' operator can be replaced with the '.' operator. Find more at https://v21.angular.dev/extended-diagnostics/NG8107[0m [1m[35m[plugin angular-compiler][0m

    src/app/pages/organization-detail/organization-detail.html:817:52:
[37m      817 │                             @if (a.opportunity_ids?.[32mlength[37m) {
          ╵                                                     [32m~~~~~~[0m

  Warning occurs in the template of component OrganizationDetailComponent.

    src/app/pages/organization-detail/organization-detail.ts:20:17:
[37m      20 │     templateUrl: [32m'./organization-detail.html'[37m,
         ╵                  [32m~~~~~~~~~~~~~~~~~~~~~~~~~~~~[0m


[33m▲ [43;33m[[43;30mWARNING[43;33m][0m [1mNG8113: All imports are unused[0m [1m[35m[plugin angular-compiler][0m

    src/app/pages/quotes/quotes.ts:9:4:
[37m      9 │     [32mimports[37m: [RouterLink],
        ╵     [32m~~~~~~~[0m


[33m▲ [43;33m[[43;30mWARNING[43;33m][0m [1mNG8107: NG8107: The left side of this optional chain operation does not include 'null' or 'undefined' in its type, therefore the '?.' operator can be replaced with the '.' operator. Find more at https://v21.angular.dev/extended-diagnostics/NG8107[0m [1m[35m[plugin angular-compiler][0m

    src/app/pages/settings/bcc-control-center/bcc-library-detail/bcc-library-detail.html:21:55:
[37m      21 │                 <h2 class="role-header__name">{{ item?.[32mname[37m }}</h2>
         ╵                                                        [32m~~~~[0m

  Warning occurs in the template of component BccLibraryDetailComponent.

    src/app/pages/settings/bcc-control-center/bcc-library-detail/bcc-library-detail.ts:14:17:
[37m      14 │     templateUrl: [32m'./bcc-library-detail.html'[37m,
         ╵                  [32m~~~~~~~~~~~~~~~~~~~~~~~~~~~[0m


[33m▲ [43;33m[[43;30mWARNING[43;33m][0m [1mNG8113: KeyValuePipe is not used within the template of BccLibraryDetailComponent[0m [1m[35m[plugin angular-compiler][0m

    src/app/pages/settings/bcc-control-center/bcc-library-detail/bcc-library-detail.ts:13:26:
[37m      13 │     imports: [RouterLink, [32mKeyValuePipe[37m, UpperCasePipe, JsonPipe, D...
         ╵                           [32m~~~~~~~~~~~~[0m


[33m▲ [43;33m[[43;30mWARNING[43;33m][0m [1mNG8113: JsonPipe is not used within the template of BccLibraryDetailComponent[0m [1m[35m[plugin angular-compiler][0m

    src/app/pages/settings/bcc-control-center/bcc-library-detail/bcc-library-detail.ts:13:55:
[37m      13 │ ..., KeyValuePipe, UpperCasePipe, [32mJsonPipe[37m, DatePipe, LowerCasePipe],
         ╵                                   [32m~~~~~~~~[0m


[33m▲ [43;33m[[43;30mWARNING[43;33m][0m [1mNG8113: KeyValuePipe is not used within the template of BccSkillViewComponent[0m [1m[35m[plugin angular-compiler][0m

    src/app/pages/settings/bcc-control-center/bcc-skill-view/bcc-skill-view.ts:10:41:
[37m      10 │     imports: [RouterLink, UpperCasePipe, [32mKeyValuePipe[37m],
         ╵                                          [32m~~~~~~~~~~~~[0m


Component update sent to client(s).
❯ Changes detected. Rebuilding...
✔ Changes detected. Rebuilding...
Initial chunk files | Names    | Raw size
main.js             | main     | 11.93 kB | 

Lazy chunk files    | Names    | Raw size
chunk-TU2SWHJ3.js   | contacts | 79.41 kB | 

Application bundle generation complete. [0.394 seconds] - 2026-03-10T03:57:59.698Z

[33m▲ [43;33m[[43;30mWARNING[43;33m][0m [1mNG8107: NG8107: The left side of this optional chain operation does not include 'null' or 'undefined' in its type, therefore the '?.' operator can be replaced with the '.' operator. Find more at https://v21.angular.dev/extended-diagnostics/NG8107[0m [1m[35m[plugin angular-compiler][0m

    src/app/pages/activities/activities.html:112:56:
[37m      112 │                         @if (activity.organization_ids?.[32mlength[37m) {
          ╵                                                         [32m~~~~~~[0m

  Warning occurs in the template of component ActivitiesComponent.

    src/app/pages/activities/activities.ts:12:17:
[37m      12 │     templateUrl: [32m'./activities.html'[37m,
         ╵                  [32m~~~~~~~~~~~~~~~~~~~[0m


[33m▲ [43;33m[[43;30mWARNING[43;33m][0m [1mNG8107: NG8107: The left side of this optional chain operation does not include 'null' or 'undefined' in its type, therefore the '?.' operator can be replaced with the '.' operator. Find more at https://v21.angular.dev/extended-diagnostics/NG8107[0m [1m[35m[plugin angular-compiler][0m

    src/app/pages/activities/activities.html:119:51:
[37m      119 │                         @if (activity.contact_ids?.[32mlength[37m) {
          ╵                                                    [32m~~~~~~[0m

  Warning occurs in the template of component ActivitiesComponent.

    src/app/pages/activities/activities.ts:12:17:
[37m      12 │     templateUrl: [32m'./activities.html'[37m,
         ╵                  [32m~~~~~~~~~~~~~~~~~~~[0m


[33m▲ [43;33m[[43;30mWARNING[43;33m][0m [1mNG8107: NG8107: The left side of this optional chain operation does not include 'null' or 'undefined' in its type, therefore the '?.' operator can be replaced with the '.' operator. Find more at https://v21.angular.dev/extended-diagnostics/NG8107[0m [1m[35m[plugin angular-compiler][0m

    src/app/pages/activities/activities.html:126:55:
[37m      126 │                         @if (activity.opportunity_ids?.[32mlength[37m) {
          ╵                                                        [32m~~~~~~[0m

  Warning occurs in the template of component ActivitiesComponent.

    src/app/pages/activities/activities.ts:12:17:
[37m      12 │     templateUrl: [32m'./activities.html'[37m,
         ╵                  [32m~~~~~~~~~~~~~~~~~~~[0m


[33m▲ [43;33m[[43;30mWARNING[43;33m][0m [1mNG8107: NG8107: The left side of this optional chain operation does not include 'null' or 'undefined' in its type, therefore the '?.' operator can be replaced with the '.' operator. Find more at https://v21.angular.dev/extended-diagnostics/NG8107[0m [1m[35m[plugin angular-compiler][0m

    src/app/pages/activities/activities.html:224:64:
[37m      224 │ ...         [disabled]="isCreating || !newActivity.subject?.[32mtrim[37m()">
          ╵                                                             [32m~~~~[0m

  Warning occurs in the template of component ActivitiesComponent.

    src/app/pages/activities/activities.ts:12:17:
[37m      12 │     templateUrl: [32m'./activities.html'[37m,
         ╵                  [32m~~~~~~~~~~~~~~~~~~~[0m


[33m▲ [43;33m[[43;30mWARNING[43;33m][0m [1mNG8107: NG8107: The left side of this optional chain operation does not include 'null' or 'undefined' in its type, therefore the '?.' operator can be replaced with the '.' operator. Find more at https://v21.angular.dev/extended-diagnostics/NG8107[0m [1m[35m[plugin angular-compiler][0m

    src/app/pages/contact-profile/contact-profile.html:239:53:
[37m      239 │                             @if (a.organization_ids?.[32mlength[37m) {
          ╵                                                      [32m~~~~~~[0m

  Warning occurs in the template of component ContactProfileComponent.

    src/app/pages/contact-profile/contact-profile.ts:15:17:
[37m      15 │     templateUrl: [32m'./contact-profile.html'[37m,
         ╵                  [32m~~~~~~~~~~~~~~~~~~~~~~~~[0m


[33m▲ [43;33m[[43;30mWARNING[43;33m][0m [1mNG8107: NG8107: The left side of this optional chain operation does not include 'null' or 'undefined' in its type, therefore the '?.' operator can be replaced with the '.' operator. Find more at https://v21.angular.dev/extended-diagnostics/NG8107[0m [1m[35m[plugin angular-compiler][0m

    src/app/pages/contact-profile/contact-profile.html:246:48:
[37m      246 │                             @if (a.contact_ids?.[32mlength[37m) {
          ╵                                                 [32m~~~~~~[0m

  Warning occurs in the template of component ContactProfileComponent.

    src/app/pages/contact-profile/contact-profile.ts:15:17:
[37m      15 │     templateUrl: [32m'./contact-profile.html'[37m,
         ╵                  [32m~~~~~~~~~~~~~~~~~~~~~~~~[0m


[33m▲ [43;33m[[43;30mWARNING[43;33m][0m [1mNG8107: NG8107: The left side of this optional chain operation does not include 'null' or 'undefined' in its type, therefore the '?.' operator can be replaced with the '.' operator. Find more at https://v21.angular.dev/extended-diagnostics/NG8107[0m [1m[35m[plugin angular-compiler][0m

    src/app/pages/contact-profile/contact-profile.html:253:52:
[37m      253 │                             @if (a.opportunity_ids?.[32mlength[37m) {
          ╵                                                     [32m~~~~~~[0m

  Warning occurs in the template of component ContactProfileComponent.

    src/app/pages/contact-profile/contact-profile.ts:15:17:
[37m      15 │     templateUrl: [32m'./contact-profile.html'[37m,
         ╵                  [32m~~~~~~~~~~~~~~~~~~~~~~~~[0m


[33m▲ [43;33m[[43;30mWARNING[43;33m][0m [1mNG8113: All imports are unused[0m [1m[35m[plugin angular-compiler][0m

    src/app/pages/dashboard/dashboard.ts:12:4:
[37m      12 │     [32mimports[37m: [RouterLink],
         ╵     [32m~~~~~~~[0m


[33m▲ [43;33m[[43;30mWARNING[43;33m][0m [1mNG8113: DecimalPipe is not used within the template of KBPortalComponent[0m [1m[35m[plugin angular-compiler][0m

    src/app/pages/knowledge-base/kb-portal.ts:11:49:
[37m      11 │     imports: [FormsModule, RouterLink, DatePipe, [32mDecimalPipe[37m],
         ╵                                                  [32m~~~~~~~~~~~[0m


[33m▲ [43;33m[[43;30mWARNING[43;33m][0m [1mNG8107: NG8107: The left side of this optional chain operation does not include 'null' or 'undefined' in its type, therefore the '?.' operator can be replaced with the '.' operator. Find more at https://v21.angular.dev/extended-diagnostics/NG8107[0m [1m[35m[plugin angular-compiler][0m

    src/app/pages/opportunity-profile/opportunity-profile.html:352:49:
[37m      352 │                         @if (a.organization_ids?.[32mlength[37m) {
          ╵                                                  [32m~~~~~~[0m

  Warning occurs in the template of component OpportunityProfileComponent.

    src/app/pages/opportunity-profile/opportunity-profile.ts:29:17:
[37m      29 │     templateUrl: [32m'./opportunity-profile.html'[37m,
         ╵                  [32m~~~~~~~~~~~~~~~~~~~~~~~~~~~~[0m


[33m▲ [43;33m[[43;30mWARNING[43;33m][0m [1mNG8107: NG8107: The left side of this optional chain operation does not include 'null' or 'undefined' in its type, therefore the '?.' operator can be replaced with the '.' operator. Find more at https://v21.angular.dev/extended-diagnostics/NG8107[0m [1m[35m[plugin angular-compiler][0m

    src/app/pages/opportunity-profile/opportunity-profile.html:359:44:
[37m      359 │                         @if (a.contact_ids?.[32mlength[37m) {
          ╵                                             [32m~~~~~~[0m

  Warning occurs in the template of component OpportunityProfileComponent.

    src/app/pages/opportunity-profile/opportunity-profile.ts:29:17:
[37m      29 │     templateUrl: [32m'./opportunity-profile.html'[37m,
         ╵                  [32m~~~~~~~~~~~~~~~~~~~~~~~~~~~~[0m


[33m▲ [43;33m[[43;30mWARNING[43;33m][0m [1mNG8107: NG8107: The left side of this optional chain operation does not include 'null' or 'undefined' in its type, therefore the '?.' operator can be replaced with the '.' operator. Find more at https://v21.angular.dev/extended-diagnostics/NG8107[0m [1m[35m[plugin angular-compiler][0m

    src/app/pages/opportunity-profile/opportunity-profile.html:366:48:
[37m      366 │                         @if (a.opportunity_ids?.[32mlength[37m) {
          ╵                                                 [32m~~~~~~[0m

  Warning occurs in the template of component OpportunityProfileComponent.

    src/app/pages/opportunity-profile/opportunity-profile.ts:29:17:
[37m      29 │     templateUrl: [32m'./opportunity-profile.html'[37m,
         ╵                  [32m~~~~~~~~~~~~~~~~~~~~~~~~~~~~[0m


[33m▲ [43;33m[[43;30mWARNING[43;33m][0m [1mNG8113: UpperCasePipe is not used within the template of OpportunityProfileComponent[0m [1m[35m[plugin angular-compiler][0m

    src/app/pages/opportunity-profile/opportunity-profile.ts:28:26:
[37m      28 │     imports: [RouterLink, [32mUpperCasePipe[37m, DatePipe, FormsModule],
         ╵                           [32m~~~~~~~~~~~~~[0m


[33m▲ [43;33m[[43;30mWARNING[43;33m][0m [1mNG8107: NG8107: The left side of this optional chain operation does not include 'null' or 'undefined' in its type, therefore the '?.' operator can be replaced with the '.' operator. Find more at https://v21.angular.dev/extended-diagnostics/NG8107[0m [1m[35m[plugin angular-compiler][0m

    src/app/pages/organization-detail/organization-detail.html:803:53:
[37m      803 │                             @if (a.organization_ids?.[32mlength[37m) {
          ╵                                                      [32m~~~~~~[0m

  Warning occurs in the template of component OrganizationDetailComponent.

    src/app/pages/organization-detail/organization-detail.ts:20:17:
[37m      20 │     templateUrl: [32m'./organization-detail.html'[37m,
         ╵                  [32m~~~~~~~~~~~~~~~~~~~~~~~~~~~~[0m


[33m▲ [43;33m[[43;30mWARNING[43;33m][0m [1mNG8107: NG8107: The left side of this optional chain operation does not include 'null' or 'undefined' in its type, therefore the '?.' operator can be replaced with the '.' operator. Find more at https://v21.angular.dev/extended-diagnostics/NG8107[0m [1m[35m[plugin angular-compiler][0m

    src/app/pages/organization-detail/organization-detail.html:810:48:
[37m      810 │                             @if (a.contact_ids?.[32mlength[37m) {
          ╵                                                 [32m~~~~~~[0m

  Warning occurs in the template of component OrganizationDetailComponent.

    src/app/pages/organization-detail/organization-detail.ts:20:17:
[37m      20 │     templateUrl: [32m'./organization-detail.html'[37m,
         ╵                  [32m~~~~~~~~~~~~~~~~~~~~~~~~~~~~[0m


[33m▲ [43;33m[[43;30mWARNING[43;33m][0m [1mNG8107: NG8107: The left side of this optional chain operation does not include 'null' or 'undefined' in its type, therefore the '?.' operator can be replaced with the '.' operator. Find more at https://v21.angular.dev/extended-diagnostics/NG8107[0m [1m[35m[plugin angular-compiler][0m

    src/app/pages/organization-detail/organization-detail.html:817:52:
[37m      817 │                             @if (a.opportunity_ids?.[32mlength[37m) {
          ╵                                                     [32m~~~~~~[0m

  Warning occurs in the template of component OrganizationDetailComponent.

    src/app/pages/organization-detail/organization-detail.ts:20:17:
[37m      20 │     templateUrl: [32m'./organization-detail.html'[37m,
         ╵                  [32m~~~~~~~~~~~~~~~~~~~~~~~~~~~~[0m


[33m▲ [43;33m[[43;30mWARNING[43;33m][0m [1mNG8113: All imports are unused[0m [1m[35m[plugin angular-compiler][0m

    src/app/pages/quotes/quotes.ts:9:4:
[37m      9 │     [32mimports[37m: [RouterLink],
        ╵     [32m~~~~~~~[0m


[33m▲ [43;33m[[43;30mWARNING[43;33m][0m [1mNG8107: NG8107: The left side of this optional chain operation does not include 'null' or 'undefined' in its type, therefore the '?.' operator can be replaced with the '.' operator. Find more at https://v21.angular.dev/extended-diagnostics/NG8107[0m [1m[35m[plugin angular-compiler][0m

    src/app/pages/settings/bcc-control-center/bcc-library-detail/bcc-library-detail.html:21:55:
[37m      21 │                 <h2 class="role-header__name">{{ item?.[32mname[37m }}</h2>
         ╵                                                        [32m~~~~[0m

  Warning occurs in the template of component BccLibraryDetailComponent.

    src/app/pages/settings/bcc-control-center/bcc-library-detail/bcc-library-detail.ts:14:17:
[37m      14 │     templateUrl: [32m'./bcc-library-detail.html'[37m,
         ╵                  [32m~~~~~~~~~~~~~~~~~~~~~~~~~~~[0m


[33m▲ [43;33m[[43;30mWARNING[43;33m][0m [1mNG8113: KeyValuePipe is not used within the template of BccLibraryDetailComponent[0m [1m[35m[plugin angular-compiler][0m

    src/app/pages/settings/bcc-control-center/bcc-library-detail/bcc-library-detail.ts:13:26:
[37m      13 │     imports: [RouterLink, [32mKeyValuePipe[37m, UpperCasePipe, JsonPipe, D...
         ╵                           [32m~~~~~~~~~~~~[0m


[33m▲ [43;33m[[43;30mWARNING[43;33m][0m [1mNG8113: JsonPipe is not used within the template of BccLibraryDetailComponent[0m [1m[35m[plugin angular-compiler][0m

    src/app/pages/settings/bcc-control-center/bcc-library-detail/bcc-library-detail.ts:13:55:
[37m      13 │ ..., KeyValuePipe, UpperCasePipe, [32mJsonPipe[37m, DatePipe, LowerCasePipe],
         ╵                                   [32m~~~~~~~~[0m


[33m▲ [43;33m[[43;30mWARNING[43;33m][0m [1mNG8113: KeyValuePipe is not used within the template of BccSkillViewComponent[0m [1m[35m[plugin angular-compiler][0m

    src/app/pages/settings/bcc-control-center/bcc-skill-view/bcc-skill-view.ts:10:41:
[37m      10 │     imports: [RouterLink, UpperCasePipe, [32mKeyValuePipe[37m],
         ╵                                          [32m~~~~~~~~~~~~[0m


Component update sent to client(s).
❯ Changes detected. Rebuilding...
✔ Changes detected. Rebuilding...
Initial chunk files | Names           |  Raw size
main.js             | main            |  11.93 kB | 

Lazy chunk files    | Names           |  Raw size
chunk-4UOZIAXE.js   | contact-profile | 140.46 kB | 

Application bundle generation complete. [0.457 seconds] - 2026-03-10T04:00:56.103Z

[33m▲ [43;33m[[43;30mWARNING[43;33m][0m [1mNG8107: NG8107: The left side of this optional chain operation does not include 'null' or 'undefined' in its type, therefore the '?.' operator can be replaced with the '.' operator. Find more at https://v21.angular.dev/extended-diagnostics/NG8107[0m [1m[35m[plugin angular-compiler][0m

    src/app/pages/activities/activities.html:112:56:
[37m      112 │                         @if (activity.organization_ids?.[32mlength[37m) {
          ╵                                                         [32m~~~~~~[0m

  Warning occurs in the template of component ActivitiesComponent.

    src/app/pages/activities/activities.ts:12:17:
[37m      12 │     templateUrl: [32m'./activities.html'[37m,
         ╵                  [32m~~~~~~~~~~~~~~~~~~~[0m


[33m▲ [43;33m[[43;30mWARNING[43;33m][0m [1mNG8107: NG8107: The left side of this optional chain operation does not include 'null' or 'undefined' in its type, therefore the '?.' operator can be replaced with the '.' operator. Find more at https://v21.angular.dev/extended-diagnostics/NG8107[0m [1m[35m[plugin angular-compiler][0m

    src/app/pages/activities/activities.html:119:51:
[37m      119 │                         @if (activity.contact_ids?.[32mlength[37m) {
          ╵                                                    [32m~~~~~~[0m

  Warning occurs in the template of component ActivitiesComponent.

    src/app/pages/activities/activities.ts:12:17:
[37m      12 │     templateUrl: [32m'./activities.html'[37m,
         ╵                  [32m~~~~~~~~~~~~~~~~~~~[0m


[33m▲ [43;33m[[43;30mWARNING[43;33m][0m [1mNG8107: NG8107: The left side of this optional chain operation does not include 'null' or 'undefined' in its type, therefore the '?.' operator can be replaced with the '.' operator. Find more at https://v21.angular.dev/extended-diagnostics/NG8107[0m [1m[35m[plugin angular-compiler][0m

    src/app/pages/activities/activities.html:126:55:
[37m      126 │                         @if (activity.opportunity_ids?.[32mlength[37m) {
          ╵                                                        [32m~~~~~~[0m

  Warning occurs in the template of component ActivitiesComponent.

    src/app/pages/activities/activities.ts:12:17:
[37m      12 │     templateUrl: [32m'./activities.html'[37m,
         ╵                  [32m~~~~~~~~~~~~~~~~~~~[0m


[33m▲ [43;33m[[43;30mWARNING[43;33m][0m [1mNG8107: NG8107: The left side of this optional chain operation does not include 'null' or 'undefined' in its type, therefore the '?.' operator can be replaced with the '.' operator. Find more at https://v21.angular.dev/extended-diagnostics/NG8107[0m [1m[35m[plugin angular-compiler][0m

    src/app/pages/activities/activities.html:224:64:
[37m      224 │ ...         [disabled]="isCreating || !newActivity.subject?.[32mtrim[37m()">
          ╵                                                             [32m~~~~[0m

  Warning occurs in the template of component ActivitiesComponent.

    src/app/pages/activities/activities.ts:12:17:
[37m      12 │     templateUrl: [32m'./activities.html'[37m,
         ╵                  [32m~~~~~~~~~~~~~~~~~~~[0m


[33m▲ [43;33m[[43;30mWARNING[43;33m][0m [1mNG8107: NG8107: The left side of this optional chain operation does not include 'null' or 'undefined' in its type, therefore the '?.' operator can be replaced with the '.' operator. Find more at https://v21.angular.dev/extended-diagnostics/NG8107[0m [1m[35m[plugin angular-compiler][0m

    src/app/pages/contact-profile/contact-profile.html:380:53:
[37m      380 │                             @if (a.organization_ids?.[32mlength[37m) {
          ╵                                                      [32m~~~~~~[0m

  Warning occurs in the template of component ContactProfileComponent.

    src/app/pages/contact-profile/contact-profile.ts:15:17:
[37m      15 │     templateUrl: [32m'./contact-profile.html'[37m,
         ╵                  [32m~~~~~~~~~~~~~~~~~~~~~~~~[0m


[33m▲ [43;33m[[43;30mWARNING[43;33m][0m [1mNG8107: NG8107: The left side of this optional chain operation does not include 'null' or 'undefined' in its type, therefore the '?.' operator can be replaced with the '.' operator. Find more at https://v21.angular.dev/extended-diagnostics/NG8107[0m [1m[35m[plugin angular-compiler][0m

    src/app/pages/contact-profile/contact-profile.html:387:48:
[37m      387 │                             @if (a.contact_ids?.[32mlength[37m) {
          ╵                                                 [32m~~~~~~[0m

  Warning occurs in the template of component ContactProfileComponent.

    src/app/pages/contact-profile/contact-profile.ts:15:17:
[37m      15 │     templateUrl: [32m'./contact-profile.html'[37m,
         ╵                  [32m~~~~~~~~~~~~~~~~~~~~~~~~[0m


[33m▲ [43;33m[[43;30mWARNING[43;33m][0m [1mNG8107: NG8107: The left side of this optional chain operation does not include 'null' or 'undefined' in its type, therefore the '?.' operator can be replaced with the '.' operator. Find more at https://v21.angular.dev/extended-diagnostics/NG8107[0m [1m[35m[plugin angular-compiler][0m

    src/app/pages/contact-profile/contact-profile.html:394:52:
[37m      394 │                             @if (a.opportunity_ids?.[32mlength[37m) {
          ╵                                                     [32m~~~~~~[0m

  Warning occurs in the template of component ContactProfileComponent.

    src/app/pages/contact-profile/contact-profile.ts:15:17:
[37m      15 │     templateUrl: [32m'./contact-profile.html'[37m,
         ╵                  [32m~~~~~~~~~~~~~~~~~~~~~~~~[0m


[33m▲ [43;33m[[43;30mWARNING[43;33m][0m [1mNG8113: All imports are unused[0m [1m[35m[plugin angular-compiler][0m

    src/app/pages/dashboard/dashboard.ts:12:4:
[37m      12 │     [32mimports[37m: [RouterLink],
         ╵     [32m~~~~~~~[0m


[33m▲ [43;33m[[43;30mWARNING[43;33m][0m [1mNG8113: DecimalPipe is not used within the template of KBPortalComponent[0m [1m[35m[plugin angular-compiler][0m

    src/app/pages/knowledge-base/kb-portal.ts:11:49:
[37m      11 │     imports: [FormsModule, RouterLink, DatePipe, [32mDecimalPipe[37m],
         ╵                                                  [32m~~~~~~~~~~~[0m


[33m▲ [43;33m[[43;30mWARNING[43;33m][0m [1mNG8107: NG8107: The left side of this optional chain operation does not include 'null' or 'undefined' in its type, therefore the '?.' operator can be replaced with the '.' operator. Find more at https://v21.angular.dev/extended-diagnostics/NG8107[0m [1m[35m[plugin angular-compiler][0m

    src/app/pages/opportunity-profile/opportunity-profile.html:352:49:
[37m      352 │                         @if (a.organization_ids?.[32mlength[37m) {
          ╵                                                  [32m~~~~~~[0m

  Warning occurs in the template of component OpportunityProfileComponent.

    src/app/pages/opportunity-profile/opportunity-profile.ts:29:17:
[37m      29 │     templateUrl: [32m'./opportunity-profile.html'[37m,
         ╵                  [32m~~~~~~~~~~~~~~~~~~~~~~~~~~~~[0m


[33m▲ [43;33m[[43;30mWARNING[43;33m][0m [1mNG8107: NG8107: The left side of this optional chain operation does not include 'null' or 'undefined' in its type, therefore the '?.' operator can be replaced with the '.' operator. Find more at https://v21.angular.dev/extended-diagnostics/NG8107[0m [1m[35m[plugin angular-compiler][0m

    src/app/pages/opportunity-profile/opportunity-profile.html:359:44:
[37m      359 │                         @if (a.contact_ids?.[32mlength[37m) {
          ╵                                             [32m~~~~~~[0m

  Warning occurs in the template of component OpportunityProfileComponent.

    src/app/pages/opportunity-profile/opportunity-profile.ts:29:17:
[37m      29 │     templateUrl: [32m'./opportunity-profile.html'[37m,
         ╵                  [32m~~~~~~~~~~~~~~~~~~~~~~~~~~~~[0m


[33m▲ [43;33m[[43;30mWARNING[43;33m][0m [1mNG8107: NG8107: The left side of this optional chain operation does not include 'null' or 'undefined' in its type, therefore the '?.' operator can be replaced with the '.' operator. Find more at https://v21.angular.dev/extended-diagnostics/NG8107[0m [1m[35m[plugin angular-compiler][0m

    src/app/pages/opportunity-profile/opportunity-profile.html:366:48:
[37m      366 │                         @if (a.opportunity_ids?.[32mlength[37m) {
          ╵                                                 [32m~~~~~~[0m

  Warning occurs in the template of component OpportunityProfileComponent.

    src/app/pages/opportunity-profile/opportunity-profile.ts:29:17:
[37m      29 │     templateUrl: [32m'./opportunity-profile.html'[37m,
         ╵                  [32m~~~~~~~~~~~~~~~~~~~~~~~~~~~~[0m


[33m▲ [43;33m[[43;30mWARNING[43;33m][0m [1mNG8113: UpperCasePipe is not used within the template of OpportunityProfileComponent[0m [1m[35m[plugin angular-compiler][0m

    src/app/pages/opportunity-profile/opportunity-profile.ts:28:26:
[37m      28 │     imports: [RouterLink, [32mUpperCasePipe[37m, DatePipe, FormsModule],
         ╵                           [32m~~~~~~~~~~~~~[0m


[33m▲ [43;33m[[43;30mWARNING[43;33m][0m [1mNG8107: NG8107: The left side of this optional chain operation does not include 'null' or 'undefined' in its type, therefore the '?.' operator can be replaced with the '.' operator. Find more at https://v21.angular.dev/extended-diagnostics/NG8107[0m [1m[35m[plugin angular-compiler][0m

    src/app/pages/organization-detail/organization-detail.html:803:53:
[37m      803 │                             @if (a.organization_ids?.[32mlength[37m) {
          ╵                                                      [32m~~~~~~[0m

  Warning occurs in the template of component OrganizationDetailComponent.

    src/app/pages/organization-detail/organization-detail.ts:20:17:
[37m      20 │     templateUrl: [32m'./organization-detail.html'[37m,
         ╵                  [32m~~~~~~~~~~~~~~~~~~~~~~~~~~~~[0m


[33m▲ [43;33m[[43;30mWARNING[43;33m][0m [1mNG8107: NG8107: The left side of this optional chain operation does not include 'null' or 'undefined' in its type, therefore the '?.' operator can be replaced with the '.' operator. Find more at https://v21.angular.dev/extended-diagnostics/NG8107[0m [1m[35m[plugin angular-compiler][0m

    src/app/pages/organization-detail/organization-detail.html:810:48:
[37m      810 │                             @if (a.contact_ids?.[32mlength[37m) {
          ╵                                                 [32m~~~~~~[0m

  Warning occurs in the template of component OrganizationDetailComponent.

    src/app/pages/organization-detail/organization-detail.ts:20:17:
[37m      20 │     templateUrl: [32m'./organization-detail.html'[37m,
         ╵                  [32m~~~~~~~~~~~~~~~~~~~~~~~~~~~~[0m


[33m▲ [43;33m[[43;30mWARNING[43;33m][0m [1mNG8107: NG8107: The left side of this optional chain operation does not include 'null' or 'undefined' in its type, therefore the '?.' operator can be replaced with the '.' operator. Find more at https://v21.angular.dev/extended-diagnostics/NG8107[0m [1m[35m[plugin angular-compiler][0m

    src/app/pages/organization-detail/organization-detail.html:817:52:
[37m      817 │                             @if (a.opportunity_ids?.[32mlength[37m) {
          ╵                                                     [32m~~~~~~[0m

  Warning occurs in the template of component OrganizationDetailComponent.

    src/app/pages/organization-detail/organization-detail.ts:20:17:
[37m      20 │     templateUrl: [32m'./organization-detail.html'[37m,
         ╵                  [32m~~~~~~~~~~~~~~~~~~~~~~~~~~~~[0m


[33m▲ [43;33m[[43;30mWARNING[43;33m][0m [1mNG8113: All imports are unused[0m [1m[35m[plugin angular-compiler][0m

    src/app/pages/quotes/quotes.ts:9:4:
[37m      9 │     [32mimports[37m: [RouterLink],
        ╵     [32m~~~~~~~[0m


[33m▲ [43;33m[[43;30mWARNING[43;33m][0m [1mNG8107: NG8107: The left side of this optional chain operation does not include 'null' or 'undefined' in its type, therefore the '?.' operator can be replaced with the '.' operator. Find more at https://v21.angular.dev/extended-diagnostics/NG8107[0m [1m[35m[plugin angular-compiler][0m

    src/app/pages/settings/bcc-control-center/bcc-library-detail/bcc-library-detail.html:21:55:
[37m      21 │                 <h2 class="role-header__name">{{ item?.[32mname[37m }}</h2>
         ╵                                                        [32m~~~~[0m

  Warning occurs in the template of component BccLibraryDetailComponent.

    src/app/pages/settings/bcc-control-center/bcc-library-detail/bcc-library-detail.ts:14:17:
[37m      14 │     templateUrl: [32m'./bcc-library-detail.html'[37m,
         ╵                  [32m~~~~~~~~~~~~~~~~~~~~~~~~~~~[0m


[33m▲ [43;33m[[43;30mWARNING[43;33m][0m [1mNG8113: KeyValuePipe is not used within the template of BccLibraryDetailComponent[0m [1m[35m[plugin angular-compiler][0m

    src/app/pages/settings/bcc-control-center/bcc-library-detail/bcc-library-detail.ts:13:26:
[37m      13 │     imports: [RouterLink, [32mKeyValuePipe[37m, UpperCasePipe, JsonPipe, D...
         ╵                           [32m~~~~~~~~~~~~[0m


[33m▲ [43;33m[[43;30mWARNING[43;33m][0m [1mNG8113: JsonPipe is not used within the template of BccLibraryDetailComponent[0m [1m[35m[plugin angular-compiler][0m

    src/app/pages/settings/bcc-control-center/bcc-library-detail/bcc-library-detail.ts:13:55:
[37m      13 │ ..., KeyValuePipe, UpperCasePipe, [32mJsonPipe[37m, DatePipe, LowerCasePipe],
         ╵                                   [32m~~~~~~~~[0m


[33m▲ [43;33m[[43;30mWARNING[43;33m][0m [1mNG8113: KeyValuePipe is not used within the template of BccSkillViewComponent[0m [1m[35m[plugin angular-compiler][0m

    src/app/pages/settings/bcc-control-center/bcc-skill-view/bcc-skill-view.ts:10:41:
[37m      10 │     imports: [RouterLink, UpperCasePipe, [32mKeyValuePipe[37m],
         ╵                                          [32m~~~~~~~~~~~~[0m


Component update sent to client(s).
❯ Changes detected. Rebuilding...
✔ Changes detected. Rebuilding...
Initial chunk files | Names           |  Raw size
main.js             | main            |  11.93 kB | 

Lazy chunk files    | Names           |  Raw size
chunk-B36WYI6B.js   | contact-profile | 145.88 kB | 

Application bundle generation complete. [0.434 seconds] - 2026-03-10T04:01:49.591Z

[33m▲ [43;33m[[43;30mWARNING[43;33m][0m [1mNG8107: NG8107: The left side of this optional chain operation does not include 'null' or 'undefined' in its type, therefore the '?.' operator can be replaced with the '.' operator. Find more at https://v21.angular.dev/extended-diagnostics/NG8107[0m [1m[35m[plugin angular-compiler][0m

    src/app/pages/activities/activities.html:112:56:
[37m      112 │                         @if (activity.organization_ids?.[32mlength[37m) {
          ╵                                                         [32m~~~~~~[0m

  Warning occurs in the template of component ActivitiesComponent.

    src/app/pages/activities/activities.ts:12:17:
[37m      12 │     templateUrl: [32m'./activities.html'[37m,
         ╵                  [32m~~~~~~~~~~~~~~~~~~~[0m


[33m▲ [43;33m[[43;30mWARNING[43;33m][0m [1mNG8107: NG8107: The left side of this optional chain operation does not include 'null' or 'undefined' in its type, therefore the '?.' operator can be replaced with the '.' operator. Find more at https://v21.angular.dev/extended-diagnostics/NG8107[0m [1m[35m[plugin angular-compiler][0m

    src/app/pages/activities/activities.html:119:51:
[37m      119 │                         @if (activity.contact_ids?.[32mlength[37m) {
          ╵                                                    [32m~~~~~~[0m

  Warning occurs in the template of component ActivitiesComponent.

    src/app/pages/activities/activities.ts:12:17:
[37m      12 │     templateUrl: [32m'./activities.html'[37m,
         ╵                  [32m~~~~~~~~~~~~~~~~~~~[0m


[33m▲ [43;33m[[43;30mWARNING[43;33m][0m [1mNG8107: NG8107: The left side of this optional chain operation does not include 'null' or 'undefined' in its type, therefore the '?.' operator can be replaced with the '.' operator. Find more at https://v21.angular.dev/extended-diagnostics/NG8107[0m [1m[35m[plugin angular-compiler][0m

    src/app/pages/activities/activities.html:126:55:
[37m      126 │                         @if (activity.opportunity_ids?.[32mlength[37m) {
          ╵                                                        [32m~~~~~~[0m

  Warning occurs in the template of component ActivitiesComponent.

    src/app/pages/activities/activities.ts:12:17:
[37m      12 │     templateUrl: [32m'./activities.html'[37m,
         ╵                  [32m~~~~~~~~~~~~~~~~~~~[0m


[33m▲ [43;33m[[43;30mWARNING[43;33m][0m [1mNG8107: NG8107: The left side of this optional chain operation does not include 'null' or 'undefined' in its type, therefore the '?.' operator can be replaced with the '.' operator. Find more at https://v21.angular.dev/extended-diagnostics/NG8107[0m [1m[35m[plugin angular-compiler][0m

    src/app/pages/activities/activities.html:224:64:
[37m      224 │ ...         [disabled]="isCreating || !newActivity.subject?.[32mtrim[37m()">
          ╵                                                             [32m~~~~[0m

  Warning occurs in the template of component ActivitiesComponent.

    src/app/pages/activities/activities.ts:12:17:
[37m      12 │     templateUrl: [32m'./activities.html'[37m,
         ╵                  [32m~~~~~~~~~~~~~~~~~~~[0m


[33m▲ [43;33m[[43;30mWARNING[43;33m][0m [1mNG8107: NG8107: The left side of this optional chain operation does not include 'null' or 'undefined' in its type, therefore the '?.' operator can be replaced with the '.' operator. Find more at https://v21.angular.dev/extended-diagnostics/NG8107[0m [1m[35m[plugin angular-compiler][0m

    src/app/pages/contact-profile/contact-profile.html:380:53:
[37m      380 │                             @if (a.organization_ids?.[32mlength[37m) {
          ╵                                                      [32m~~~~~~[0m

  Warning occurs in the template of component ContactProfileComponent.

    src/app/pages/contact-profile/contact-profile.ts:15:17:
[37m      15 │     templateUrl: [32m'./contact-profile.html'[37m,
         ╵                  [32m~~~~~~~~~~~~~~~~~~~~~~~~[0m


[33m▲ [43;33m[[43;30mWARNING[43;33m][0m [1mNG8107: NG8107: The left side of this optional chain operation does not include 'null' or 'undefined' in its type, therefore the '?.' operator can be replaced with the '.' operator. Find more at https://v21.angular.dev/extended-diagnostics/NG8107[0m [1m[35m[plugin angular-compiler][0m

    src/app/pages/contact-profile/contact-profile.html:387:48:
[37m      387 │                             @if (a.contact_ids?.[32mlength[37m) {
          ╵                                                 [32m~~~~~~[0m

  Warning occurs in the template of component ContactProfileComponent.

    src/app/pages/contact-profile/contact-profile.ts:15:17:
[37m      15 │     templateUrl: [32m'./contact-profile.html'[37m,
         ╵                  [32m~~~~~~~~~~~~~~~~~~~~~~~~[0m


[33m▲ [43;33m[[43;30mWARNING[43;33m][0m [1mNG8107: NG8107: The left side of this optional chain operation does not include 'null' or 'undefined' in its type, therefore the '?.' operator can be replaced with the '.' operator. Find more at https://v21.angular.dev/extended-diagnostics/NG8107[0m [1m[35m[plugin angular-compiler][0m

    src/app/pages/contact-profile/contact-profile.html:394:52:
[37m      394 │                             @if (a.opportunity_ids?.[32mlength[37m) {
          ╵                                                     [32m~~~~~~[0m

  Warning occurs in the template of component ContactProfileComponent.

    src/app/pages/contact-profile/contact-profile.ts:15:17:
[37m      15 │     templateUrl: [32m'./contact-profile.html'[37m,
         ╵                  [32m~~~~~~~~~~~~~~~~~~~~~~~~[0m


[33m▲ [43;33m[[43;30mWARNING[43;33m][0m [1mNG8113: All imports are unused[0m [1m[35m[plugin angular-compiler][0m

    src/app/pages/dashboard/dashboard.ts:12:4:
[37m      12 │     [32mimports[37m: [RouterLink],
         ╵     [32m~~~~~~~[0m


[33m▲ [43;33m[[43;30mWARNING[43;33m][0m [1mNG8113: DecimalPipe is not used within the template of KBPortalComponent[0m [1m[35m[plugin angular-compiler][0m

    src/app/pages/knowledge-base/kb-portal.ts:11:49:
[37m      11 │     imports: [FormsModule, RouterLink, DatePipe, [32mDecimalPipe[37m],
         ╵                                                  [32m~~~~~~~~~~~[0m


[33m▲ [43;33m[[43;30mWARNING[43;33m][0m [1mNG8107: NG8107: The left side of this optional chain operation does not include 'null' or 'undefined' in its type, therefore the '?.' operator can be replaced with the '.' operator. Find more at https://v21.angular.dev/extended-diagnostics/NG8107[0m [1m[35m[plugin angular-compiler][0m

    src/app/pages/opportunity-profile/opportunity-profile.html:352:49:
[37m      352 │                         @if (a.organization_ids?.[32mlength[37m) {
          ╵                                                  [32m~~~~~~[0m

  Warning occurs in the template of component OpportunityProfileComponent.

    src/app/pages/opportunity-profile/opportunity-profile.ts:29:17:
[37m      29 │     templateUrl: [32m'./opportunity-profile.html'[37m,
         ╵                  [32m~~~~~~~~~~~~~~~~~~~~~~~~~~~~[0m


[33m▲ [43;33m[[43;30mWARNING[43;33m][0m [1mNG8107: NG8107: The left side of this optional chain operation does not include 'null' or 'undefined' in its type, therefore the '?.' operator can be replaced with the '.' operator. Find more at https://v21.angular.dev/extended-diagnostics/NG8107[0m [1m[35m[plugin angular-compiler][0m

    src/app/pages/opportunity-profile/opportunity-profile.html:359:44:
[37m      359 │                         @if (a.contact_ids?.[32mlength[37m) {
          ╵                                             [32m~~~~~~[0m

  Warning occurs in the template of component OpportunityProfileComponent.

    src/app/pages/opportunity-profile/opportunity-profile.ts:29:17:
[37m      29 │     templateUrl: [32m'./opportunity-profile.html'[37m,
         ╵                  [32m~~~~~~~~~~~~~~~~~~~~~~~~~~~~[0m


[33m▲ [43;33m[[43;30mWARNING[43;33m][0m [1mNG8107: NG8107: The left side of this optional chain operation does not include 'null' or 'undefined' in its type, therefore the '?.' operator can be replaced with the '.' operator. Find more at https://v21.angular.dev/extended-diagnostics/NG8107[0m [1m[35m[plugin angular-compiler][0m

    src/app/pages/opportunity-profile/opportunity-profile.html:366:48:
[37m      366 │                         @if (a.opportunity_ids?.[32mlength[37m) {
          ╵                                                 [32m~~~~~~[0m

  Warning occurs in the template of component OpportunityProfileComponent.

    src/app/pages/opportunity-profile/opportunity-profile.ts:29:17:
[37m      29 │     templateUrl: [32m'./opportunity-profile.html'[37m,
         ╵                  [32m~~~~~~~~~~~~~~~~~~~~~~~~~~~~[0m


[33m▲ [43;33m[[43;30mWARNING[43;33m][0m [1mNG8113: UpperCasePipe is not used within the template of OpportunityProfileComponent[0m [1m[35m[plugin angular-compiler][0m

    src/app/pages/opportunity-profile/opportunity-profile.ts:28:26:
[37m      28 │     imports: [RouterLink, [32mUpperCasePipe[37m, DatePipe, FormsModule],
         ╵                           [32m~~~~~~~~~~~~~[0m


[33m▲ [43;33m[[43;30mWARNING[43;33m][0m [1mNG8107: NG8107: The left side of this optional chain operation does not include 'null' or 'undefined' in its type, therefore the '?.' operator can be replaced with the '.' operator. Find more at https://v21.angular.dev/extended-diagnostics/NG8107[0m [1m[35m[plugin angular-compiler][0m

    src/app/pages/organization-detail/organization-detail.html:803:53:
[37m      803 │                             @if (a.organization_ids?.[32mlength[37m) {
          ╵                                                      [32m~~~~~~[0m

  Warning occurs in the template of component OrganizationDetailComponent.

    src/app/pages/organization-detail/organization-detail.ts:20:17:
[37m      20 │     templateUrl: [32m'./organization-detail.html'[37m,
         ╵                  [32m~~~~~~~~~~~~~~~~~~~~~~~~~~~~[0m


[33m▲ [43;33m[[43;30mWARNING[43;33m][0m [1mNG8107: NG8107: The left side of this optional chain operation does not include 'null' or 'undefined' in its type, therefore the '?.' operator can be replaced with the '.' operator. Find more at https://v21.angular.dev/extended-diagnostics/NG8107[0m [1m[35m[plugin angular-compiler][0m

    src/app/pages/organization-detail/organization-detail.html:810:48:
[37m      810 │                             @if (a.contact_ids?.[32mlength[37m) {
          ╵                                                 [32m~~~~~~[0m

  Warning occurs in the template of component OrganizationDetailComponent.

    src/app/pages/organization-detail/organization-detail.ts:20:17:
[37m      20 │     templateUrl: [32m'./organization-detail.html'[37m,
         ╵                  [32m~~~~~~~~~~~~~~~~~~~~~~~~~~~~[0m


[33m▲ [43;33m[[43;30mWARNING[43;33m][0m [1mNG8107: NG8107: The left side of this optional chain operation does not include 'null' or 'undefined' in its type, therefore the '?.' operator can be replaced with the '.' operator. Find more at https://v21.angular.dev/extended-diagnostics/NG8107[0m [1m[35m[plugin angular-compiler][0m

    src/app/pages/organization-detail/organization-detail.html:817:52:
[37m      817 │                             @if (a.opportunity_ids?.[32mlength[37m) {
          ╵                                                     [32m~~~~~~[0m

  Warning occurs in the template of component OrganizationDetailComponent.

    src/app/pages/organization-detail/organization-detail.ts:20:17:
[37m      20 │     templateUrl: [32m'./organization-detail.html'[37m,
         ╵                  [32m~~~~~~~~~~~~~~~~~~~~~~~~~~~~[0m


[33m▲ [43;33m[[43;30mWARNING[43;33m][0m [1mNG8113: All imports are unused[0m [1m[35m[plugin angular-compiler][0m

    src/app/pages/quotes/quotes.ts:9:4:
[37m      9 │     [32mimports[37m: [RouterLink],
        ╵     [32m~~~~~~~[0m


[33m▲ [43;33m[[43;30mWARNING[43;33m][0m [1mNG8107: NG8107: The left side of this optional chain operation does not include 'null' or 'undefined' in its type, therefore the '?.' operator can be replaced with the '.' operator. Find more at https://v21.angular.dev/extended-diagnostics/NG8107[0m [1m[35m[plugin angular-compiler][0m

    src/app/pages/settings/bcc-control-center/bcc-library-detail/bcc-library-detail.html:21:55:
[37m      21 │                 <h2 class="role-header__name">{{ item?.[32mname[37m }}</h2>
         ╵                                                        [32m~~~~[0m

  Warning occurs in the template of component BccLibraryDetailComponent.

    src/app/pages/settings/bcc-control-center/bcc-library-detail/bcc-library-detail.ts:14:17:
[37m      14 │     templateUrl: [32m'./bcc-library-detail.html'[37m,
         ╵                  [32m~~~~~~~~~~~~~~~~~~~~~~~~~~~[0m


[33m▲ [43;33m[[43;30mWARNING[43;33m][0m [1mNG8113: KeyValuePipe is not used within the template of BccLibraryDetailComponent[0m [1m[35m[plugin angular-compiler][0m

    src/app/pages/settings/bcc-control-center/bcc-library-detail/bcc-library-detail.ts:13:26:
[37m      13 │     imports: [RouterLink, [32mKeyValuePipe[37m, UpperCasePipe, JsonPipe, D...
         ╵                           [32m~~~~~~~~~~~~[0m


[33m▲ [43;33m[[43;30mWARNING[43;33m][0m [1mNG8113: JsonPipe is not used within the template of BccLibraryDetailComponent[0m [1m[35m[plugin angular-compiler][0m

    src/app/pages/settings/bcc-control-center/bcc-library-detail/bcc-library-detail.ts:13:55:
[37m      13 │ ..., KeyValuePipe, UpperCasePipe, [32mJsonPipe[37m, DatePipe, LowerCasePipe],
         ╵                                   [32m~~~~~~~~[0m


[33m▲ [43;33m[[43;30mWARNING[43;33m][0m [1mNG8113: KeyValuePipe is not used within the template of BccSkillViewComponent[0m [1m[35m[plugin angular-compiler][0m

    src/app/pages/settings/bcc-control-center/bcc-skill-view/bcc-skill-view.ts:10:41:
[37m      10 │     imports: [RouterLink, UpperCasePipe, [32mKeyValuePipe[37m],
         ╵                                          [32m~~~~~~~~~~~~[0m


Component update sent to client(s).
