INFO:     Will watch for changes in these directories: ['/home/alexandre/Dev/Croo Digital Experience/croo-digital-experience-v.2.0/backend']
INFO:     Uvicorn running on http://[::]:4500 (Press CTRL+C to quit)
INFO:     Started reloader process [384521] using WatchFiles
INFO:     Started server process [384523]
INFO:     Waiting for application startup.
2026-03-09 23:16:16 [info     ] database_tables_created
2026-03-09 23:16:16 [info     ] admin_exists                   email=admin@croo.digital
2026-03-09 23:16:16 [info     ] capabilities_already_seeded    count=45
2026-03-09 23:16:16 [info     ] workflows_already_seeded       tenant=default
2026-03-09 23:16:16 [info     ] workflows_already_seeded       tenant=default
2026-03-09 23:16:16 [info     ] bcc_seed_already_exists        org='The Croo Group'
2026-03-09 23:16:16 [info     ] bcc_cognitive_already_seeded   domain_count=9
2026-03-09 23:16:16 [info     ] permissions_seeded             count=35
2026-03-09 23:16:16 [info     ] roles_seeded                   tenant_id=default
2026-03-09 23:16:16 [info     ] bcc_cognitive_already_seeded   domain_count=9
2026-03-09 23:16:16 [info     ] bcc_cognitive_already_seeded   domain_count=8
2026-03-09 23:16:16 [info     ] bcc_cognitive_already_seeded   domain_count=8
2026-03-09 23:16:16 [info     ] rate_cards_cleared             old_count=10
2026-03-09 23:16:16 [info     ] rate_cards_seeded              count=10
2026-03-09 23:16:16 [info     ] api_started                    environment=development
INFO:     Application startup complete.
INFO:     ::1:46040 - "OPTIONS /api/v1/auth/login HTTP/1.1" 200 OK
INFO:     ::1:46054 - "POST /api/v1/auth/login HTTP/1.1" 200 OK
INFO:     ::1:46054 - "OPTIONS /api/v1/auth/me HTTP/1.1" 200 OK
INFO:     ::1:46040 - "GET /api/v1/auth/me HTTP/1.1" 200 OK
INFO:     ::1:46054 - "OPTIONS /api/v1/bcc/organizations HTTP/1.1" 200 OK
INFO:     ::1:46054 - "OPTIONS /api/v1/organizations?skip=0&limit=1 HTTP/1.1" 200 OK
INFO:     ::1:46074 - "OPTIONS /api/v1/contacts?skip=0&limit=1 HTTP/1.1" 200 OK
INFO:     ::1:46086 - "OPTIONS /api/v1/opportunities?skip=0&limit=1 HTTP/1.1" 200 OK
INFO:     ::1:46054 - "OPTIONS /api/v1/activities?skip=0&limit=1 HTTP/1.1" 200 OK
INFO:     ::1:46100 - "OPTIONS /api/v1/quotes?skip=0&limit=1 HTTP/1.1" 200 OK
INFO:     ::1:46040 - "GET /api/v1/auth/me HTTP/1.1" 200 OK
INFO:     ::1:46066 - "GET /api/v1/bcc/organizations HTTP/1.1" 200 OK
INFO:     ::1:46040 - "GET /api/v1/quotes?skip=0&limit=1 HTTP/1.1" 200 OK
INFO:     ::1:46074 - "GET /api/v1/organizations?skip=0&limit=1 HTTP/1.1" 500 Internal Server Error
ERROR:    Exception in ASGI application
Traceback (most recent call last):
  File "/home/alexandre/Dev/Croo Digital Experience/croo-digital-experience-v.2.0/backend/venv/lib/python3.13/site-packages/sqlalchemy/engine/base.py", line 1967, in _exec_single_context
    self.dialect.do_execute(
    ~~~~~~~~~~~~~~~~~~~~~~~^
        cursor, str_statement, effective_parameters, context
        ^^^^^^^^^^^^^^^^^^^^^^^^^^^^^^^^^^^^^^^^^^^^^^^^^^^^
    )
    ^
  File "/home/alexandre/Dev/Croo Digital Experience/croo-digital-experience-v.2.0/backend/venv/lib/python3.13/site-packages/sqlalchemy/engine/default.py", line 952, in do_execute
    cursor.execute(statement, parameters)
    ~~~~~~~~~~~~~~^^^^^^^^^^^^^^^^^^^^^^^
psycopg2.errors.UndefinedColumn: column activities.organization_id does not exist
LINE 1: ...tivities.completed_at AS activities_completed_at, activities...
                                                             ^


The above exception was the direct cause of the following exception:

Traceback (most recent call last):
  File "/home/alexandre/Dev/Croo Digital Experience/croo-digital-experience-v.2.0/backend/venv/lib/python3.13/site-packages/uvicorn/protocols/http/httptools_impl.py", line 416, in run_asgi
    result = await app(  # type: ignore[func-returns-value]
             ^^^^^^^^^^^^^^^^^^^^^^^^^^^^^^^^^^^^^^^^^^^^^^
        self.scope, self.receive, self.send
        ^^^^^^^^^^^^^^^^^^^^^^^^^^^^^^^^^^^
    )
    ^
  File "/home/alexandre/Dev/Croo Digital Experience/croo-digital-experience-v.2.0/backend/venv/lib/python3.13/site-packages/uvicorn/middleware/proxy_headers.py", line 60, in __call__
    return await self.app(scope, receive, send)
           ^^^^^^^^^^^^^^^^^^^^^^^^^^^^^^^^^^^^
  File "/home/alexandre/Dev/Croo Digital Experience/croo-digital-experience-v.2.0/backend/venv/lib/python3.13/site-packages/fastapi/applications.py", line 1135, in __call__
    await super().__call__(scope, receive, send)
  File "/home/alexandre/Dev/Croo Digital Experience/croo-digital-experience-v.2.0/backend/venv/lib/python3.13/site-packages/starlette/applications.py", line 107, in __call__
    await self.middleware_stack(scope, receive, send)
  File "/home/alexandre/Dev/Croo Digital Experience/croo-digital-experience-v.2.0/backend/venv/lib/python3.13/site-packages/starlette/middleware/errors.py", line 186, in __call__
    raise exc
  File "/home/alexandre/Dev/Croo Digital Experience/croo-digital-experience-v.2.0/backend/venv/lib/python3.13/site-packages/starlette/middleware/errors.py", line 164, in __call__
    await self.app(scope, receive, _send)
  File "/home/alexandre/Dev/Croo Digital Experience/croo-digital-experience-v.2.0/backend/venv/lib/python3.13/site-packages/starlette/middleware/cors.py", line 93, in __call__
    await self.simple_response(scope, receive, send, request_headers=headers)
  File "/home/alexandre/Dev/Croo Digital Experience/croo-digital-experience-v.2.0/backend/venv/lib/python3.13/site-packages/starlette/middleware/cors.py", line 144, in simple_response
    await self.app(scope, receive, send)
  File "/home/alexandre/Dev/Croo Digital Experience/croo-digital-experience-v.2.0/backend/venv/lib/python3.13/site-packages/starlette/middleware/exceptions.py", line 63, in __call__
    await wrap_app_handling_exceptions(self.app, conn)(scope, receive, send)
  File "/home/alexandre/Dev/Croo Digital Experience/croo-digital-experience-v.2.0/backend/venv/lib/python3.13/site-packages/starlette/_exception_handler.py", line 53, in wrapped_app
    raise exc
  File "/home/alexandre/Dev/Croo Digital Experience/croo-digital-experience-v.2.0/backend/venv/lib/python3.13/site-packages/starlette/_exception_handler.py", line 42, in wrapped_app
    await app(scope, receive, sender)
  File "/home/alexandre/Dev/Croo Digital Experience/croo-digital-experience-v.2.0/backend/venv/lib/python3.13/site-packages/fastapi/middleware/asyncexitstack.py", line 18, in __call__
    await self.app(scope, receive, send)
  File "/home/alexandre/Dev/Croo Digital Experience/croo-digital-experience-v.2.0/backend/venv/lib/python3.13/site-packages/starlette/routing.py", line 716, in __call__
    await self.middleware_stack(scope, receive, send)
  File "/home/alexandre/Dev/Croo Digital Experience/croo-digital-experience-v.2.0/backend/venv/lib/python3.13/site-packages/starlette/routing.py", line 736, in app
    await route.handle(scope, receive, send)
  File "/home/alexandre/Dev/Croo Digital Experience/croo-digital-experience-v.2.0/backend/venv/lib/python3.13/site-packages/starlette/routing.py", line 290, in handle
    await self.app(scope, receive, send)
  File "/home/alexandre/Dev/Croo Digital Experience/croo-digital-experience-v.2.0/backend/venv/lib/python3.13/site-packages/fastapi/routing.py", line 120, in app
    await wrap_app_handling_exceptions(app, request)(scope, receive, send)
  File "/home/alexandre/Dev/Croo Digital Experience/croo-digital-experience-v.2.0/backend/venv/lib/python3.13/site-packages/starlette/_exception_handler.py", line 53, in wrapped_app
    raise exc
  File "/home/alexandre/Dev/Croo Digital Experience/croo-digital-experience-v.2.0/backend/venv/lib/python3.13/site-packages/starlette/_exception_handler.py", line 42, in wrapped_app
    await app(scope, receive, sender)
  File "/home/alexandre/Dev/Croo Digital Experience/croo-digital-experience-v.2.0/backend/venv/lib/python3.13/site-packages/fastapi/routing.py", line 106, in app
    response = await f(request)
               ^^^^^^^^^^^^^^^^
  File "/home/alexandre/Dev/Croo Digital Experience/croo-digital-experience-v.2.0/backend/venv/lib/python3.13/site-packages/fastapi/routing.py", line 427, in app
    raw_response = await run_endpoint_function(
                   ^^^^^^^^^^^^^^^^^^^^^^^^^^^^
    ...<3 lines>...
    )
    ^
  File "/home/alexandre/Dev/Croo Digital Experience/croo-digital-experience-v.2.0/backend/venv/lib/python3.13/site-packages/fastapi/routing.py", line 313, in run_endpoint_function
    return await dependant.call(**values)
           ^^^^^^^^^^^^^^^^^^^^^^^^^^^^^^
  File "/home/alexandre/Dev/Croo Digital Experience/croo-digital-experience-v.2.0/backend/app/presentation/routes/organization_routes.py", line 38, in list_organizations
    result = use_case.execute(
        tenant_id=current_user["tenant_id"],
    ...<2 lines>...
        search=search,
    )
  File "/home/alexandre/Dev/Croo Digital Experience/croo-digital-experience-v.2.0/backend/app/application/use_cases/organization_use_cases.py", line 40, in execute
    items = self.repo.list_all(tenant_id, skip, limit, search)
  File "/home/alexandre/Dev/Croo Digital Experience/croo-digital-experience-v.2.0/backend/app/infrastructure/persistence/organization_repository.py", line 44, in list_all
    return query.order_by(Organization.name).offset(skip).limit(limit).all()
           ~~~~~~~~~~~~~~~~~~~~~~~~~~~~~~~~~~~~~~~~~~~~~~~~~~~~~~~~~~~~~~~^^
  File "/home/alexandre/Dev/Croo Digital Experience/croo-digital-experience-v.2.0/backend/venv/lib/python3.13/site-packages/sqlalchemy/orm/query.py", line 2704, in all
    return self._iter().all()  # type: ignore
           ~~~~~~~~~~~~~~~~^^
  File "/home/alexandre/Dev/Croo Digital Experience/croo-digital-experience-v.2.0/backend/venv/lib/python3.13/site-packages/sqlalchemy/engine/result.py", line 1786, in all
    return self._allrows()
           ~~~~~~~~~~~~~^^
  File "/home/alexandre/Dev/Croo Digital Experience/croo-digital-experience-v.2.0/backend/venv/lib/python3.13/site-packages/sqlalchemy/engine/result.py", line 560, in _allrows
    rows = self._fetchall_impl()
  File "/home/alexandre/Dev/Croo Digital Experience/croo-digital-experience-v.2.0/backend/venv/lib/python3.13/site-packages/sqlalchemy/engine/result.py", line 1693, in _fetchall_impl
    return self._real_result._fetchall_impl()
           ~~~~~~~~~~~~~~~~~~~~~~~~~~~~~~~~^^
  File "/home/alexandre/Dev/Croo Digital Experience/croo-digital-experience-v.2.0/backend/venv/lib/python3.13/site-packages/sqlalchemy/engine/result.py", line 2287, in _fetchall_impl
    return list(self.iterator)
  File "/home/alexandre/Dev/Croo Digital Experience/croo-digital-experience-v.2.0/backend/venv/lib/python3.13/site-packages/sqlalchemy/orm/loading.py", line 247, in chunks
    post_load.invoke(context, path)
    ~~~~~~~~~~~~~~~~^^^^^^^^^^^^^^^
  File "/home/alexandre/Dev/Croo Digital Experience/croo-digital-experience-v.2.0/backend/venv/lib/python3.13/site-packages/sqlalchemy/orm/loading.py", line 1564, in invoke
    loader(
    ~~~~~~^
        effective_context, path, states, self.load_keys, *arg, **kw
        ^^^^^^^^^^^^^^^^^^^^^^^^^^^^^^^^^^^^^^^^^^^^^^^^^^^^^^^^^^^
    )
    ^
  File "/home/alexandre/Dev/Croo Digital Experience/croo-digital-experience-v.2.0/backend/venv/lib/python3.13/site-packages/sqlalchemy/orm/strategies.py", line 3338, in _load_for_path
    self._load_via_parent(
    ~~~~~~~~~~~~~~~~~~~~~^
        our_states, query_info, q, context, execution_options
        ^^^^^^^^^^^^^^^^^^^^^^^^^^^^^^^^^^^^^^^^^^^^^^^^^^^^^
    )
    ^
  File "/home/alexandre/Dev/Croo Digital Experience/croo-digital-experience-v.2.0/backend/venv/lib/python3.13/site-packages/sqlalchemy/orm/strategies.py", line 3414, in _load_via_parent
    context.session.execute(
    ~~~~~~~~~~~~~~~~~~~~~~~^
        q,
        ^^
        params={"primary_keys": primary_keys},
        ^^^^^^^^^^^^^^^^^^^^^^^^^^^^^^^^^^^^^^
        execution_options=execution_options,
        ^^^^^^^^^^^^^^^^^^^^^^^^^^^^^^^^^^^^
    ).unique(),
    ^
  File "/home/alexandre/Dev/Croo Digital Experience/croo-digital-experience-v.2.0/backend/venv/lib/python3.13/site-packages/sqlalchemy/orm/session.py", line 2351, in execute
    return self._execute_internal(
           ~~~~~~~~~~~~~~~~~~~~~~^
        statement,
        ^^^^^^^^^^
    ...<4 lines>...
        _add_event=_add_event,
        ^^^^^^^^^^^^^^^^^^^^^^
    )
    ^
  File "/home/alexandre/Dev/Croo Digital Experience/croo-digital-experience-v.2.0/backend/venv/lib/python3.13/site-packages/sqlalchemy/orm/session.py", line 2249, in _execute_internal
    result: Result[Any] = compile_state_cls.orm_execute_statement(
                          ~~~~~~~~~~~~~~~~~~~~~~~~~~~~~~~~~~~~~~~^
        self,
        ^^^^^
    ...<4 lines>...
        conn,
        ^^^^^
    )
    ^
  File "/home/alexandre/Dev/Croo Digital Experience/croo-digital-experience-v.2.0/backend/venv/lib/python3.13/site-packages/sqlalchemy/orm/context.py", line 306, in orm_execute_statement
    result = conn.execute(
        statement, params or {}, execution_options=execution_options
    )
  File "/home/alexandre/Dev/Croo Digital Experience/croo-digital-experience-v.2.0/backend/venv/lib/python3.13/site-packages/sqlalchemy/engine/base.py", line 1419, in execute
    return meth(
        self,
        distilled_parameters,
        execution_options or NO_OPTIONS,
    )
  File "/home/alexandre/Dev/Croo Digital Experience/croo-digital-experience-v.2.0/backend/venv/lib/python3.13/site-packages/sqlalchemy/sql/elements.py", line 527, in _execute_on_connection
    return connection._execute_clauseelement(
           ~~~~~~~~~~~~~~~~~~~~~~~~~~~~~~~~~^
        self, distilled_params, execution_options
        ^^^^^^^^^^^^^^^^^^^^^^^^^^^^^^^^^^^^^^^^^
    )
    ^
  File "/home/alexandre/Dev/Croo Digital Experience/croo-digital-experience-v.2.0/backend/venv/lib/python3.13/site-packages/sqlalchemy/engine/base.py", line 1641, in _execute_clauseelement
    ret = self._execute_context(
        dialect,
    ...<8 lines>...
        cache_hit=cache_hit,
    )
  File "/home/alexandre/Dev/Croo Digital Experience/croo-digital-experience-v.2.0/backend/venv/lib/python3.13/site-packages/sqlalchemy/engine/base.py", line 1846, in _execute_context
    return self._exec_single_context(
           ~~~~~~~~~~~~~~~~~~~~~~~~~^
        dialect, context, statement, parameters
        ^^^^^^^^^^^^^^^^^^^^^^^^^^^^^^^^^^^^^^^
    )
    ^
  File "/home/alexandre/Dev/Croo Digital Experience/croo-digital-experience-v.2.0/backend/venv/lib/python3.13/site-packages/sqlalchemy/engine/base.py", line 1986, in _exec_single_context
    self._handle_dbapi_exception(
    ~~~~~~~~~~~~~~~~~~~~~~~~~~~~^
        e, str_statement, effective_parameters, cursor, context
        ^^^^^^^^^^^^^^^^^^^^^^^^^^^^^^^^^^^^^^^^^^^^^^^^^^^^^^^
    )
    ^
  File "/home/alexandre/Dev/Croo Digital Experience/croo-digital-experience-v.2.0/backend/venv/lib/python3.13/site-packages/sqlalchemy/engine/base.py", line 2363, in _handle_dbapi_exception
    raise sqlalchemy_exception.with_traceback(exc_info[2]) from e
  File "/home/alexandre/Dev/Croo Digital Experience/croo-digital-experience-v.2.0/backend/venv/lib/python3.13/site-packages/sqlalchemy/engine/base.py", line 1967, in _exec_single_context
    self.dialect.do_execute(
    ~~~~~~~~~~~~~~~~~~~~~~~^
        cursor, str_statement, effective_parameters, context
        ^^^^^^^^^^^^^^^^^^^^^^^^^^^^^^^^^^^^^^^^^^^^^^^^^^^^
    )
    ^
  File "/home/alexandre/Dev/Croo Digital Experience/croo-digital-experience-v.2.0/backend/venv/lib/python3.13/site-packages/sqlalchemy/engine/default.py", line 952, in do_execute
    cursor.execute(statement, parameters)
    ~~~~~~~~~~~~~~^^^^^^^^^^^^^^^^^^^^^^^
sqlalchemy.exc.ProgrammingError: (psycopg2.errors.UndefinedColumn) column activities.organization_id does not exist
LINE 1: ...tivities.completed_at AS activities_completed_at, activities...
                                                             ^

[SQL: SELECT organizations_1.id AS organizations_1_id, activities.id AS activities_id, activities.subject AS activities_subject, activities.description AS activities_description, activities.activity_type AS activities_activity_type, activities.priority AS activities_priority, activities.status AS activities_status, activities.due_date AS activities_due_date, activities.completed_at AS activities_completed_at, activities.organization_id AS activities_organization_id, activities.contact_id AS activities_contact_id, activities.opportunity_id AS activities_opportunity_id, activities.assigned_to AS activities_assigned_to, activities.owner_id AS activities_owner_id, activities.tenant_id AS activities_tenant_id, activities.created_at AS activities_created_at, activities.updated_at AS activities_updated_at, activities.created_by AS activities_created_by, activities.updated_by AS activities_updated_by, activities.version AS activities_version, activities.is_deleted AS activities_is_deleted, activities.deleted_at AS activities_deleted_at, activities.deleted_by AS activities_deleted_by, activities.deleted_reason AS activities_deleted_reason 
FROM organizations AS organizations_1 JOIN activity_organizations AS activity_organizations_1 ON organizations_1.id = activity_organizations_1.organization_id JOIN activities ON activities.id = activity_organizations_1.activity_id 
WHERE organizations_1.id IN (%(primary_keys_1)s)]
[parameters: {'primary_keys_1': '542c4734-3cf1-4f3b-9ef9-aa4df25fe277'}]
(Background on this error at: https://sqlalche.me/e/20/f405)
INFO:     ::1:46086 - "GET /api/v1/contacts?skip=0&limit=1 HTTP/1.1" 500 Internal Server Error
ERROR:    Exception in ASGI application
Traceback (most recent call last):
  File "/home/alexandre/Dev/Croo Digital Experience/croo-digital-experience-v.2.0/backend/venv/lib/python3.13/site-packages/sqlalchemy/engine/base.py", line 1967, in _exec_single_context
    self.dialect.do_execute(
    ~~~~~~~~~~~~~~~~~~~~~~~^
        cursor, str_statement, effective_parameters, context
        ^^^^^^^^^^^^^^^^^^^^^^^^^^^^^^^^^^^^^^^^^^^^^^^^^^^^
    )
    ^
  File "/home/alexandre/Dev/Croo Digital Experience/croo-digital-experience-v.2.0/backend/venv/lib/python3.13/site-packages/sqlalchemy/engine/default.py", line 952, in do_execute
    cursor.execute(statement, parameters)
    ~~~~~~~~~~~~~~^^^^^^^^^^^^^^^^^^^^^^^
psycopg2.errors.UndefinedColumn: column activities.organization_id does not exist
LINE 1: ...tivities.completed_at AS activities_completed_at, activities...
                                                             ^


The above exception was the direct cause of the following exception:

Traceback (most recent call last):
  File "/home/alexandre/Dev/Croo Digital Experience/croo-digital-experience-v.2.0/backend/venv/lib/python3.13/site-packages/uvicorn/protocols/http/httptools_impl.py", line 416, in run_asgi
    result = await app(  # type: ignore[func-returns-value]
             ^^^^^^^^^^^^^^^^^^^^^^^^^^^^^^^^^^^^^^^^^^^^^^
        self.scope, self.receive, self.send
        ^^^^^^^^^^^^^^^^^^^^^^^^^^^^^^^^^^^
    )
    ^
  File "/home/alexandre/Dev/Croo Digital Experience/croo-digital-experience-v.2.0/backend/venv/lib/python3.13/site-packages/uvicorn/middleware/proxy_headers.py", line 60, in __call__
    return await self.app(scope, receive, send)
           ^^^^^^^^^^^^^^^^^^^^^^^^^^^^^^^^^^^^
  File "/home/alexandre/Dev/Croo Digital Experience/croo-digital-experience-v.2.0/backend/venv/lib/python3.13/site-packages/fastapi/applications.py", line 1135, in __call__
    await super().__call__(scope, receive, send)
  File "/home/alexandre/Dev/Croo Digital Experience/croo-digital-experience-v.2.0/backend/venv/lib/python3.13/site-packages/starlette/applications.py", line 107, in __call__
    await self.middleware_stack(scope, receive, send)
  File "/home/alexandre/Dev/Croo Digital Experience/croo-digital-experience-v.2.0/backend/venv/lib/python3.13/site-packages/starlette/middleware/errors.py", line 186, in __call__
    raise exc
  File "/home/alexandre/Dev/Croo Digital Experience/croo-digital-experience-v.2.0/backend/venv/lib/python3.13/site-packages/starlette/middleware/errors.py", line 164, in __call__
    await self.app(scope, receive, _send)
  File "/home/alexandre/Dev/Croo Digital Experience/croo-digital-experience-v.2.0/backend/venv/lib/python3.13/site-packages/starlette/middleware/cors.py", line 93, in __call__
    await self.simple_response(scope, receive, send, request_headers=headers)
  File "/home/alexandre/Dev/Croo Digital Experience/croo-digital-experience-v.2.0/backend/venv/lib/python3.13/site-packages/starlette/middleware/cors.py", line 144, in simple_response
    await self.app(scope, receive, send)
  File "/home/alexandre/Dev/Croo Digital Experience/croo-digital-experience-v.2.0/backend/venv/lib/python3.13/site-packages/starlette/middleware/exceptions.py", line 63, in __call__
    await wrap_app_handling_exceptions(self.app, conn)(scope, receive, send)
  File "/home/alexandre/Dev/Croo Digital Experience/croo-digital-experience-v.2.0/backend/venv/lib/python3.13/site-packages/starlette/_exception_handler.py", line 53, in wrapped_app
    raise exc
  File "/home/alexandre/Dev/Croo Digital Experience/croo-digital-experience-v.2.0/backend/venv/lib/python3.13/site-packages/starlette/_exception_handler.py", line 42, in wrapped_app
    await app(scope, receive, sender)
  File "/home/alexandre/Dev/Croo Digital Experience/croo-digital-experience-v.2.0/backend/venv/lib/python3.13/site-packages/fastapi/middleware/asyncexitstack.py", line 18, in __call__
    await self.app(scope, receive, send)
  File "/home/alexandre/Dev/Croo Digital Experience/croo-digital-experience-v.2.0/backend/venv/lib/python3.13/site-packages/starlette/routing.py", line 716, in __call__
    await self.middleware_stack(scope, receive, send)
  File "/home/alexandre/Dev/Croo Digital Experience/croo-digital-experience-v.2.0/backend/venv/lib/python3.13/site-packages/starlette/routing.py", line 736, in app
    await route.handle(scope, receive, send)
  File "/home/alexandre/Dev/Croo Digital Experience/croo-digital-experience-v.2.0/backend/venv/lib/python3.13/site-packages/starlette/routing.py", line 290, in handle
    await self.app(scope, receive, send)
  File "/home/alexandre/Dev/Croo Digital Experience/croo-digital-experience-v.2.0/backend/venv/lib/python3.13/site-packages/fastapi/routing.py", line 120, in app
    await wrap_app_handling_exceptions(app, request)(scope, receive, send)
  File "/home/alexandre/Dev/Croo Digital Experience/croo-digital-experience-v.2.0/backend/venv/lib/python3.13/site-packages/starlette/_exception_handler.py", line 53, in wrapped_app
    raise exc
  File "/home/alexandre/Dev/Croo Digital Experience/croo-digital-experience-v.2.0/backend/venv/lib/python3.13/site-packages/starlette/_exception_handler.py", line 42, in wrapped_app
    await app(scope, receive, sender)
  File "/home/alexandre/Dev/Croo Digital Experience/croo-digital-experience-v.2.0/backend/venv/lib/python3.13/site-packages/fastapi/routing.py", line 106, in app
    response = await f(request)
               ^^^^^^^^^^^^^^^^
  File "/home/alexandre/Dev/Croo Digital Experience/croo-digital-experience-v.2.0/backend/venv/lib/python3.13/site-packages/fastapi/routing.py", line 427, in app
    raw_response = await run_endpoint_function(
                   ^^^^^^^^^^^^^^^^^^^^^^^^^^^^
    ...<3 lines>...
    )
    ^
  File "/home/alexandre/Dev/Croo Digital Experience/croo-digital-experience-v.2.0/backend/venv/lib/python3.13/site-packages/fastapi/routing.py", line 313, in run_endpoint_function
    return await dependant.call(**values)
           ^^^^^^^^^^^^^^^^^^^^^^^^^^^^^^
  File "/home/alexandre/Dev/Croo Digital Experience/croo-digital-experience-v.2.0/backend/app/presentation/routes/contact_routes.py", line 30, in list_contacts
    items = repo.list_all(current_user["tenant_id"], skip, limit, search, organization_id)
  File "/home/alexandre/Dev/Croo Digital Experience/croo-digital-experience-v.2.0/backend/app/infrastructure/persistence/contact_repository.py", line 34, in list_all
    return query.order_by(Contact.last_name, Contact.first_name).offset(skip).limit(limit).all()
           ~~~~~~~~~~~~~~~~~~~~~~~~~~~~~~~~~~~~~~~~~~~~~~~~~~~~~~~~~~~~~~~~~~~~~~~~~~~~~~~~~~~^^
  File "/home/alexandre/Dev/Croo Digital Experience/croo-digital-experience-v.2.0/backend/venv/lib/python3.13/site-packages/sqlalchemy/orm/query.py", line 2704, in all
    return self._iter().all()  # type: ignore
           ~~~~~~~~~~~~~~~~^^
  File "/home/alexandre/Dev/Croo Digital Experience/croo-digital-experience-v.2.0/backend/venv/lib/python3.13/site-packages/sqlalchemy/engine/result.py", line 1786, in all
    return self._allrows()
           ~~~~~~~~~~~~~^^
  File "/home/alexandre/Dev/Croo Digital Experience/croo-digital-experience-v.2.0/backend/venv/lib/python3.13/site-packages/sqlalchemy/engine/result.py", line 560, in _allrows
    rows = self._fetchall_impl()
  File "/home/alexandre/Dev/Croo Digital Experience/croo-digital-experience-v.2.0/backend/venv/lib/python3.13/site-packages/sqlalchemy/engine/result.py", line 1693, in _fetchall_impl
    return self._real_result._fetchall_impl()
           ~~~~~~~~~~~~~~~~~~~~~~~~~~~~~~~~^^
  File "/home/alexandre/Dev/Croo Digital Experience/croo-digital-experience-v.2.0/backend/venv/lib/python3.13/site-packages/sqlalchemy/engine/result.py", line 2287, in _fetchall_impl
    return list(self.iterator)
  File "/home/alexandre/Dev/Croo Digital Experience/croo-digital-experience-v.2.0/backend/venv/lib/python3.13/site-packages/sqlalchemy/orm/loading.py", line 247, in chunks
    post_load.invoke(context, path)
    ~~~~~~~~~~~~~~~~^^^^^^^^^^^^^^^
  File "/home/alexandre/Dev/Croo Digital Experience/croo-digital-experience-v.2.0/backend/venv/lib/python3.13/site-packages/sqlalchemy/orm/loading.py", line 1564, in invoke
    loader(
    ~~~~~~^
        effective_context, path, states, self.load_keys, *arg, **kw
        ^^^^^^^^^^^^^^^^^^^^^^^^^^^^^^^^^^^^^^^^^^^^^^^^^^^^^^^^^^^
    )
    ^
  File "/home/alexandre/Dev/Croo Digital Experience/croo-digital-experience-v.2.0/backend/venv/lib/python3.13/site-packages/sqlalchemy/orm/strategies.py", line 3338, in _load_for_path
    self._load_via_parent(
    ~~~~~~~~~~~~~~~~~~~~~^
        our_states, query_info, q, context, execution_options
        ^^^^^^^^^^^^^^^^^^^^^^^^^^^^^^^^^^^^^^^^^^^^^^^^^^^^^
    )
    ^
  File "/home/alexandre/Dev/Croo Digital Experience/croo-digital-experience-v.2.0/backend/venv/lib/python3.13/site-packages/sqlalchemy/orm/strategies.py", line 3414, in _load_via_parent
    context.session.execute(
    ~~~~~~~~~~~~~~~~~~~~~~~^
        q,
        ^^
        params={"primary_keys": primary_keys},
        ^^^^^^^^^^^^^^^^^^^^^^^^^^^^^^^^^^^^^^
        execution_options=execution_options,
        ^^^^^^^^^^^^^^^^^^^^^^^^^^^^^^^^^^^^
    ).unique(),
    ^
  File "/home/alexandre/Dev/Croo Digital Experience/croo-digital-experience-v.2.0/backend/venv/lib/python3.13/site-packages/sqlalchemy/orm/session.py", line 2351, in execute
    return self._execute_internal(
           ~~~~~~~~~~~~~~~~~~~~~~^
        statement,
        ^^^^^^^^^^
    ...<4 lines>...
        _add_event=_add_event,
        ^^^^^^^^^^^^^^^^^^^^^^
    )
    ^
  File "/home/alexandre/Dev/Croo Digital Experience/croo-digital-experience-v.2.0/backend/venv/lib/python3.13/site-packages/sqlalchemy/orm/session.py", line 2249, in _execute_internal
    result: Result[Any] = compile_state_cls.orm_execute_statement(
                          ~~~~~~~~~~~~~~~~~~~~~~~~~~~~~~~~~~~~~~~^
        self,
        ^^^^^
    ...<4 lines>...
        conn,
        ^^^^^
    )
    ^
  File "/home/alexandre/Dev/Croo Digital Experience/croo-digital-experience-v.2.0/backend/venv/lib/python3.13/site-packages/sqlalchemy/orm/context.py", line 306, in orm_execute_statement
    result = conn.execute(
        statement, params or {}, execution_options=execution_options
    )
  File "/home/alexandre/Dev/Croo Digital Experience/croo-digital-experience-v.2.0/backend/venv/lib/python3.13/site-packages/sqlalchemy/engine/base.py", line 1419, in execute
    return meth(
        self,
        distilled_parameters,
        execution_options or NO_OPTIONS,
    )
  File "/home/alexandre/Dev/Croo Digital Experience/croo-digital-experience-v.2.0/backend/venv/lib/python3.13/site-packages/sqlalchemy/sql/elements.py", line 527, in _execute_on_connection
    return connection._execute_clauseelement(
           ~~~~~~~~~~~~~~~~~~~~~~~~~~~~~~~~~^
        self, distilled_params, execution_options
        ^^^^^^^^^^^^^^^^^^^^^^^^^^^^^^^^^^^^^^^^^
    )
    ^
  File "/home/alexandre/Dev/Croo Digital Experience/croo-digital-experience-v.2.0/backend/venv/lib/python3.13/site-packages/sqlalchemy/engine/base.py", line 1641, in _execute_clauseelement
    ret = self._execute_context(
        dialect,
    ...<8 lines>...
        cache_hit=cache_hit,
    )
  File "/home/alexandre/Dev/Croo Digital Experience/croo-digital-experience-v.2.0/backend/venv/lib/python3.13/site-packages/sqlalchemy/engine/base.py", line 1846, in _execute_context
    return self._exec_single_context(
           ~~~~~~~~~~~~~~~~~~~~~~~~~^
        dialect, context, statement, parameters
        ^^^^^^^^^^^^^^^^^^^^^^^^^^^^^^^^^^^^^^^
    )
    ^
  File "/home/alexandre/Dev/Croo Digital Experience/croo-digital-experience-v.2.0/backend/venv/lib/python3.13/site-packages/sqlalchemy/engine/base.py", line 1986, in _exec_single_context
    self._handle_dbapi_exception(
    ~~~~~~~~~~~~~~~~~~~~~~~~~~~~^
        e, str_statement, effective_parameters, cursor, context
        ^^^^^^^^^^^^^^^^^^^^^^^^^^^^^^^^^^^^^^^^^^^^^^^^^^^^^^^
    )
    ^
  File "/home/alexandre/Dev/Croo Digital Experience/croo-digital-experience-v.2.0/backend/venv/lib/python3.13/site-packages/sqlalchemy/engine/base.py", line 2363, in _handle_dbapi_exception
    raise sqlalchemy_exception.with_traceback(exc_info[2]) from e
  File "/home/alexandre/Dev/Croo Digital Experience/croo-digital-experience-v.2.0/backend/venv/lib/python3.13/site-packages/sqlalchemy/engine/base.py", line 1967, in _exec_single_context
    self.dialect.do_execute(
    ~~~~~~~~~~~~~~~~~~~~~~~^
        cursor, str_statement, effective_parameters, context
        ^^^^^^^^^^^^^^^^^^^^^^^^^^^^^^^^^^^^^^^^^^^^^^^^^^^^
    )
    ^
  File "/home/alexandre/Dev/Croo Digital Experience/croo-digital-experience-v.2.0/backend/venv/lib/python3.13/site-packages/sqlalchemy/engine/default.py", line 952, in do_execute
    cursor.execute(statement, parameters)
    ~~~~~~~~~~~~~~^^^^^^^^^^^^^^^^^^^^^^^
sqlalchemy.exc.ProgrammingError: (psycopg2.errors.UndefinedColumn) column activities.organization_id does not exist
LINE 1: ...tivities.completed_at AS activities_completed_at, activities...
                                                             ^

[SQL: SELECT contacts_1.id AS contacts_1_id, activities.id AS activities_id, activities.subject AS activities_subject, activities.description AS activities_description, activities.activity_type AS activities_activity_type, activities.priority AS activities_priority, activities.status AS activities_status, activities.due_date AS activities_due_date, activities.completed_at AS activities_completed_at, activities.organization_id AS activities_organization_id, activities.contact_id AS activities_contact_id, activities.opportunity_id AS activities_opportunity_id, activities.assigned_to AS activities_assigned_to, activities.owner_id AS activities_owner_id, activities.tenant_id AS activities_tenant_id, activities.created_at AS activities_created_at, activities.updated_at AS activities_updated_at, activities.created_by AS activities_created_by, activities.updated_by AS activities_updated_by, activities.version AS activities_version, activities.is_deleted AS activities_is_deleted, activities.deleted_at AS activities_deleted_at, activities.deleted_by AS activities_deleted_by, activities.deleted_reason AS activities_deleted_reason 
FROM contacts AS contacts_1 JOIN activity_contacts AS activity_contacts_1 ON contacts_1.id = activity_contacts_1.contact_id JOIN activities ON activities.id = activity_contacts_1.activity_id 
WHERE contacts_1.id IN (%(primary_keys_1)s)]
[parameters: {'primary_keys_1': '64e3484a-14ec-48a0-8e88-3706edb3cfef'}]
(Background on this error at: https://sqlalche.me/e/20/f405)
INFO:     ::1:46054 - "GET /api/v1/opportunities?skip=0&limit=1 HTTP/1.1" 500 Internal Server Error
ERROR:    Exception in ASGI application
Traceback (most recent call last):
  File "/home/alexandre/Dev/Croo Digital Experience/croo-digital-experience-v.2.0/backend/venv/lib/python3.13/site-packages/sqlalchemy/engine/base.py", line 1967, in _exec_single_context
    self.dialect.do_execute(
    ~~~~~~~~~~~~~~~~~~~~~~~^
        cursor, str_statement, effective_parameters, context
        ^^^^^^^^^^^^^^^^^^^^^^^^^^^^^^^^^^^^^^^^^^^^^^^^^^^^
    )
    ^
  File "/home/alexandre/Dev/Croo Digital Experience/croo-digital-experience-v.2.0/backend/venv/lib/python3.13/site-packages/sqlalchemy/engine/default.py", line 952, in do_execute
    cursor.execute(statement, parameters)
    ~~~~~~~~~~~~~~^^^^^^^^^^^^^^^^^^^^^^^
psycopg2.errors.UndefinedColumn: column activities.organization_id does not exist
LINE 1: ...tivities.completed_at AS activities_completed_at, activities...
                                                             ^


The above exception was the direct cause of the following exception:

Traceback (most recent call last):
  File "/home/alexandre/Dev/Croo Digital Experience/croo-digital-experience-v.2.0/backend/venv/lib/python3.13/site-packages/uvicorn/protocols/http/httptools_impl.py", line 416, in run_asgi
    result = await app(  # type: ignore[func-returns-value]
             ^^^^^^^^^^^^^^^^^^^^^^^^^^^^^^^^^^^^^^^^^^^^^^
        self.scope, self.receive, self.send
        ^^^^^^^^^^^^^^^^^^^^^^^^^^^^^^^^^^^
    )
    ^
  File "/home/alexandre/Dev/Croo Digital Experience/croo-digital-experience-v.2.0/backend/venv/lib/python3.13/site-packages/uvicorn/middleware/proxy_headers.py", line 60, in __call__
    return await self.app(scope, receive, send)
           ^^^^^^^^^^^^^^^^^^^^^^^^^^^^^^^^^^^^
  File "/home/alexandre/Dev/Croo Digital Experience/croo-digital-experience-v.2.0/backend/venv/lib/python3.13/site-packages/fastapi/applications.py", line 1135, in __call__
    await super().__call__(scope, receive, send)
  File "/home/alexandre/Dev/Croo Digital Experience/croo-digital-experience-v.2.0/backend/venv/lib/python3.13/site-packages/starlette/applications.py", line 107, in __call__
    await self.middleware_stack(scope, receive, send)
  File "/home/alexandre/Dev/Croo Digital Experience/croo-digital-experience-v.2.0/backend/venv/lib/python3.13/site-packages/starlette/middleware/errors.py", line 186, in __call__
    raise exc
  File "/home/alexandre/Dev/Croo Digital Experience/croo-digital-experience-v.2.0/backend/venv/lib/python3.13/site-packages/starlette/middleware/errors.py", line 164, in __call__
    await self.app(scope, receive, _send)
  File "/home/alexandre/Dev/Croo Digital Experience/croo-digital-experience-v.2.0/backend/venv/lib/python3.13/site-packages/starlette/middleware/cors.py", line 93, in __call__
    await self.simple_response(scope, receive, send, request_headers=headers)
  File "/home/alexandre/Dev/Croo Digital Experience/croo-digital-experience-v.2.0/backend/venv/lib/python3.13/site-packages/starlette/middleware/cors.py", line 144, in simple_response
    await self.app(scope, receive, send)
  File "/home/alexandre/Dev/Croo Digital Experience/croo-digital-experience-v.2.0/backend/venv/lib/python3.13/site-packages/starlette/middleware/exceptions.py", line 63, in __call__
    await wrap_app_handling_exceptions(self.app, conn)(scope, receive, send)
  File "/home/alexandre/Dev/Croo Digital Experience/croo-digital-experience-v.2.0/backend/venv/lib/python3.13/site-packages/starlette/_exception_handler.py", line 53, in wrapped_app
    raise exc
  File "/home/alexandre/Dev/Croo Digital Experience/croo-digital-experience-v.2.0/backend/venv/lib/python3.13/site-packages/starlette/_exception_handler.py", line 42, in wrapped_app
    await app(scope, receive, sender)
  File "/home/alexandre/Dev/Croo Digital Experience/croo-digital-experience-v.2.0/backend/venv/lib/python3.13/site-packages/fastapi/middleware/asyncexitstack.py", line 18, in __call__
    await self.app(scope, receive, send)
  File "/home/alexandre/Dev/Croo Digital Experience/croo-digital-experience-v.2.0/backend/venv/lib/python3.13/site-packages/starlette/routing.py", line 716, in __call__
    await self.middleware_stack(scope, receive, send)
  File "/home/alexandre/Dev/Croo Digital Experience/croo-digital-experience-v.2.0/backend/venv/lib/python3.13/site-packages/starlette/routing.py", line 736, in app
    await route.handle(scope, receive, send)
  File "/home/alexandre/Dev/Croo Digital Experience/croo-digital-experience-v.2.0/backend/venv/lib/python3.13/site-packages/starlette/routing.py", line 290, in handle
    await self.app(scope, receive, send)
  File "/home/alexandre/Dev/Croo Digital Experience/croo-digital-experience-v.2.0/backend/venv/lib/python3.13/site-packages/fastapi/routing.py", line 120, in app
    await wrap_app_handling_exceptions(app, request)(scope, receive, send)
  File "/home/alexandre/Dev/Croo Digital Experience/croo-digital-experience-v.2.0/backend/venv/lib/python3.13/site-packages/starlette/_exception_handler.py", line 53, in wrapped_app
    raise exc
  File "/home/alexandre/Dev/Croo Digital Experience/croo-digital-experience-v.2.0/backend/venv/lib/python3.13/site-packages/starlette/_exception_handler.py", line 42, in wrapped_app
    await app(scope, receive, sender)
  File "/home/alexandre/Dev/Croo Digital Experience/croo-digital-experience-v.2.0/backend/venv/lib/python3.13/site-packages/fastapi/routing.py", line 106, in app
    response = await f(request)
               ^^^^^^^^^^^^^^^^
  File "/home/alexandre/Dev/Croo Digital Experience/croo-digital-experience-v.2.0/backend/venv/lib/python3.13/site-packages/fastapi/routing.py", line 427, in app
    raw_response = await run_endpoint_function(
                   ^^^^^^^^^^^^^^^^^^^^^^^^^^^^
    ...<3 lines>...
    )
    ^
  File "/home/alexandre/Dev/Croo Digital Experience/croo-digital-experience-v.2.0/backend/venv/lib/python3.13/site-packages/fastapi/routing.py", line 313, in run_endpoint_function
    return await dependant.call(**values)
           ^^^^^^^^^^^^^^^^^^^^^^^^^^^^^^
  File "/home/alexandre/Dev/Croo Digital Experience/croo-digital-experience-v.2.0/backend/app/presentation/routes/opportunity_routes.py", line 34, in list_opportunities
    items = repo.list_all(current_user["tenant_id"], skip, limit, organization_id, stage)
  File "/home/alexandre/Dev/Croo Digital Experience/croo-digital-experience-v.2.0/backend/app/infrastructure/persistence/opportunity_repository.py", line 34, in list_all
    return query.order_by(Opportunity.created_at.desc()).offset(skip).limit(limit).all()
           ~~~~~~~~~~~~~~~~~~~~~~~~~~~~~~~~~~~~~~~~~~~~~~~~~~~~~~~~~~~~~~~~~~~~~~~~~~~^^
  File "/home/alexandre/Dev/Croo Digital Experience/croo-digital-experience-v.2.0/backend/venv/lib/python3.13/site-packages/sqlalchemy/orm/query.py", line 2704, in all
    return self._iter().all()  # type: ignore
           ~~~~~~~~~~~~~~~~^^
  File "/home/alexandre/Dev/Croo Digital Experience/croo-digital-experience-v.2.0/backend/venv/lib/python3.13/site-packages/sqlalchemy/engine/result.py", line 1786, in all
    return self._allrows()
           ~~~~~~~~~~~~~^^
  File "/home/alexandre/Dev/Croo Digital Experience/croo-digital-experience-v.2.0/backend/venv/lib/python3.13/site-packages/sqlalchemy/engine/result.py", line 560, in _allrows
    rows = self._fetchall_impl()
  File "/home/alexandre/Dev/Croo Digital Experience/croo-digital-experience-v.2.0/backend/venv/lib/python3.13/site-packages/sqlalchemy/engine/result.py", line 1693, in _fetchall_impl
    return self._real_result._fetchall_impl()
           ~~~~~~~~~~~~~~~~~~~~~~~~~~~~~~~~^^
  File "/home/alexandre/Dev/Croo Digital Experience/croo-digital-experience-v.2.0/backend/venv/lib/python3.13/site-packages/sqlalchemy/engine/result.py", line 2287, in _fetchall_impl
    return list(self.iterator)
  File "/home/alexandre/Dev/Croo Digital Experience/croo-digital-experience-v.2.0/backend/venv/lib/python3.13/site-packages/sqlalchemy/orm/loading.py", line 247, in chunks
    post_load.invoke(context, path)
    ~~~~~~~~~~~~~~~~^^^^^^^^^^^^^^^
  File "/home/alexandre/Dev/Croo Digital Experience/croo-digital-experience-v.2.0/backend/venv/lib/python3.13/site-packages/sqlalchemy/orm/loading.py", line 1564, in invoke
    loader(
    ~~~~~~^
        effective_context, path, states, self.load_keys, *arg, **kw
        ^^^^^^^^^^^^^^^^^^^^^^^^^^^^^^^^^^^^^^^^^^^^^^^^^^^^^^^^^^^
    )
    ^
  File "/home/alexandre/Dev/Croo Digital Experience/croo-digital-experience-v.2.0/backend/venv/lib/python3.13/site-packages/sqlalchemy/orm/strategies.py", line 3338, in _load_for_path
    self._load_via_parent(
    ~~~~~~~~~~~~~~~~~~~~~^
        our_states, query_info, q, context, execution_options
        ^^^^^^^^^^^^^^^^^^^^^^^^^^^^^^^^^^^^^^^^^^^^^^^^^^^^^
    )
    ^
  File "/home/alexandre/Dev/Croo Digital Experience/croo-digital-experience-v.2.0/backend/venv/lib/python3.13/site-packages/sqlalchemy/orm/strategies.py", line 3414, in _load_via_parent
    context.session.execute(
    ~~~~~~~~~~~~~~~~~~~~~~~^
        q,
        ^^
        params={"primary_keys": primary_keys},
        ^^^^^^^^^^^^^^^^^^^^^^^^^^^^^^^^^^^^^^
        execution_options=execution_options,
        ^^^^^^^^^^^^^^^^^^^^^^^^^^^^^^^^^^^^
    ).unique(),
    ^
  File "/home/alexandre/Dev/Croo Digital Experience/croo-digital-experience-v.2.0/backend/venv/lib/python3.13/site-packages/sqlalchemy/orm/session.py", line 2351, in execute
    return self._execute_internal(
           ~~~~~~~~~~~~~~~~~~~~~~^
        statement,
        ^^^^^^^^^^
    ...<4 lines>...
        _add_event=_add_event,
        ^^^^^^^^^^^^^^^^^^^^^^
    )
    ^
  File "/home/alexandre/Dev/Croo Digital Experience/croo-digital-experience-v.2.0/backend/venv/lib/python3.13/site-packages/sqlalchemy/orm/session.py", line 2249, in _execute_internal
    result: Result[Any] = compile_state_cls.orm_execute_statement(
                          ~~~~~~~~~~~~~~~~~~~~~~~~~~~~~~~~~~~~~~~^
        self,
        ^^^^^
    ...<4 lines>...
        conn,
        ^^^^^
    )
    ^
  File "/home/alexandre/Dev/Croo Digital Experience/croo-digital-experience-v.2.0/backend/venv/lib/python3.13/site-packages/sqlalchemy/orm/context.py", line 306, in orm_execute_statement
    result = conn.execute(
        statement, params or {}, execution_options=execution_options
    )
  File "/home/alexandre/Dev/Croo Digital Experience/croo-digital-experience-v.2.0/backend/venv/lib/python3.13/site-packages/sqlalchemy/engine/base.py", line 1419, in execute
    return meth(
        self,
        distilled_parameters,
        execution_options or NO_OPTIONS,
    )
  File "/home/alexandre/Dev/Croo Digital Experience/croo-digital-experience-v.2.0/backend/venv/lib/python3.13/site-packages/sqlalchemy/sql/elements.py", line 527, in _execute_on_connection
    return connection._execute_clauseelement(
           ~~~~~~~~~~~~~~~~~~~~~~~~~~~~~~~~~^
        self, distilled_params, execution_options
        ^^^^^^^^^^^^^^^^^^^^^^^^^^^^^^^^^^^^^^^^^
    )
    ^
  File "/home/alexandre/Dev/Croo Digital Experience/croo-digital-experience-v.2.0/backend/venv/lib/python3.13/site-packages/sqlalchemy/engine/base.py", line 1641, in _execute_clauseelement
    ret = self._execute_context(
        dialect,
    ...<8 lines>...
        cache_hit=cache_hit,
    )
  File "/home/alexandre/Dev/Croo Digital Experience/croo-digital-experience-v.2.0/backend/venv/lib/python3.13/site-packages/sqlalchemy/engine/base.py", line 1846, in _execute_context
    return self._exec_single_context(
           ~~~~~~~~~~~~~~~~~~~~~~~~~^
        dialect, context, statement, parameters
        ^^^^^^^^^^^^^^^^^^^^^^^^^^^^^^^^^^^^^^^
    )
    ^
  File "/home/alexandre/Dev/Croo Digital Experience/croo-digital-experience-v.2.0/backend/venv/lib/python3.13/site-packages/sqlalchemy/engine/base.py", line 1986, in _exec_single_context
    self._handle_dbapi_exception(
    ~~~~~~~~~~~~~~~~~~~~~~~~~~~~^
        e, str_statement, effective_parameters, cursor, context
        ^^^^^^^^^^^^^^^^^^^^^^^^^^^^^^^^^^^^^^^^^^^^^^^^^^^^^^^
    )
    ^
  File "/home/alexandre/Dev/Croo Digital Experience/croo-digital-experience-v.2.0/backend/venv/lib/python3.13/site-packages/sqlalchemy/engine/base.py", line 2363, in _handle_dbapi_exception
    raise sqlalchemy_exception.with_traceback(exc_info[2]) from e
  File "/home/alexandre/Dev/Croo Digital Experience/croo-digital-experience-v.2.0/backend/venv/lib/python3.13/site-packages/sqlalchemy/engine/base.py", line 1967, in _exec_single_context
    self.dialect.do_execute(
    ~~~~~~~~~~~~~~~~~~~~~~~^
        cursor, str_statement, effective_parameters, context
        ^^^^^^^^^^^^^^^^^^^^^^^^^^^^^^^^^^^^^^^^^^^^^^^^^^^^
    )
    ^
  File "/home/alexandre/Dev/Croo Digital Experience/croo-digital-experience-v.2.0/backend/venv/lib/python3.13/site-packages/sqlalchemy/engine/default.py", line 952, in do_execute
    cursor.execute(statement, parameters)
    ~~~~~~~~~~~~~~^^^^^^^^^^^^^^^^^^^^^^^
sqlalchemy.exc.ProgrammingError: (psycopg2.errors.UndefinedColumn) column activities.organization_id does not exist
LINE 1: ...tivities.completed_at AS activities_completed_at, activities...
                                                             ^

[SQL: SELECT opportunities_1.id AS opportunities_1_id, activities.id AS activities_id, activities.subject AS activities_subject, activities.description AS activities_description, activities.activity_type AS activities_activity_type, activities.priority AS activities_priority, activities.status AS activities_status, activities.due_date AS activities_due_date, activities.completed_at AS activities_completed_at, activities.organization_id AS activities_organization_id, activities.contact_id AS activities_contact_id, activities.opportunity_id AS activities_opportunity_id, activities.assigned_to AS activities_assigned_to, activities.owner_id AS activities_owner_id, activities.tenant_id AS activities_tenant_id, activities.created_at AS activities_created_at, activities.updated_at AS activities_updated_at, activities.created_by AS activities_created_by, activities.updated_by AS activities_updated_by, activities.version AS activities_version, activities.is_deleted AS activities_is_deleted, activities.deleted_at AS activities_deleted_at, activities.deleted_by AS activities_deleted_by, activities.deleted_reason AS activities_deleted_reason 
FROM opportunities AS opportunities_1 JOIN activity_opportunities AS activity_opportunities_1 ON opportunities_1.id = activity_opportunities_1.opportunity_id JOIN activities ON activities.id = activity_opportunities_1.activity_id 
WHERE opportunities_1.id IN (%(primary_keys_1)s)]
[parameters: {'primary_keys_1': '2de21cff-e976-48cc-890c-fa6aad03bd7c'}]
(Background on this error at: https://sqlalche.me/e/20/f405)
INFO:     ::1:46100 - "GET /api/v1/activities?skip=0&limit=1 HTTP/1.1" 500 Internal Server Error
ERROR:    Exception in ASGI application
Traceback (most recent call last):
  File "/home/alexandre/Dev/Croo Digital Experience/croo-digital-experience-v.2.0/backend/venv/lib/python3.13/site-packages/sqlalchemy/engine/base.py", line 1967, in _exec_single_context
    self.dialect.do_execute(
    ~~~~~~~~~~~~~~~~~~~~~~~^
        cursor, str_statement, effective_parameters, context
        ^^^^^^^^^^^^^^^^^^^^^^^^^^^^^^^^^^^^^^^^^^^^^^^^^^^^
    )
    ^
  File "/home/alexandre/Dev/Croo Digital Experience/croo-digital-experience-v.2.0/backend/venv/lib/python3.13/site-packages/sqlalchemy/engine/default.py", line 952, in do_execute
    cursor.execute(statement, parameters)
    ~~~~~~~~~~~~~~^^^^^^^^^^^^^^^^^^^^^^^
psycopg2.errors.UndefinedColumn: column activities.organization_id does not exist
LINE 1: ...tivities.completed_at AS activities_completed_at, activities...
                                                             ^


The above exception was the direct cause of the following exception:

Traceback (most recent call last):
  File "/home/alexandre/Dev/Croo Digital Experience/croo-digital-experience-v.2.0/backend/venv/lib/python3.13/site-packages/uvicorn/protocols/http/httptools_impl.py", line 416, in run_asgi
    result = await app(  # type: ignore[func-returns-value]
             ^^^^^^^^^^^^^^^^^^^^^^^^^^^^^^^^^^^^^^^^^^^^^^
        self.scope, self.receive, self.send
        ^^^^^^^^^^^^^^^^^^^^^^^^^^^^^^^^^^^
    )
    ^
  File "/home/alexandre/Dev/Croo Digital Experience/croo-digital-experience-v.2.0/backend/venv/lib/python3.13/site-packages/uvicorn/middleware/proxy_headers.py", line 60, in __call__
    return await self.app(scope, receive, send)
           ^^^^^^^^^^^^^^^^^^^^^^^^^^^^^^^^^^^^
  File "/home/alexandre/Dev/Croo Digital Experience/croo-digital-experience-v.2.0/backend/venv/lib/python3.13/site-packages/fastapi/applications.py", line 1135, in __call__
    await super().__call__(scope, receive, send)
  File "/home/alexandre/Dev/Croo Digital Experience/croo-digital-experience-v.2.0/backend/venv/lib/python3.13/site-packages/starlette/applications.py", line 107, in __call__
    await self.middleware_stack(scope, receive, send)
  File "/home/alexandre/Dev/Croo Digital Experience/croo-digital-experience-v.2.0/backend/venv/lib/python3.13/site-packages/starlette/middleware/errors.py", line 186, in __call__
    raise exc
  File "/home/alexandre/Dev/Croo Digital Experience/croo-digital-experience-v.2.0/backend/venv/lib/python3.13/site-packages/starlette/middleware/errors.py", line 164, in __call__
    await self.app(scope, receive, _send)
  File "/home/alexandre/Dev/Croo Digital Experience/croo-digital-experience-v.2.0/backend/venv/lib/python3.13/site-packages/starlette/middleware/cors.py", line 93, in __call__
    await self.simple_response(scope, receive, send, request_headers=headers)
  File "/home/alexandre/Dev/Croo Digital Experience/croo-digital-experience-v.2.0/backend/venv/lib/python3.13/site-packages/starlette/middleware/cors.py", line 144, in simple_response
    await self.app(scope, receive, send)
  File "/home/alexandre/Dev/Croo Digital Experience/croo-digital-experience-v.2.0/backend/venv/lib/python3.13/site-packages/starlette/middleware/exceptions.py", line 63, in __call__
    await wrap_app_handling_exceptions(self.app, conn)(scope, receive, send)
  File "/home/alexandre/Dev/Croo Digital Experience/croo-digital-experience-v.2.0/backend/venv/lib/python3.13/site-packages/starlette/_exception_handler.py", line 53, in wrapped_app
    raise exc
  File "/home/alexandre/Dev/Croo Digital Experience/croo-digital-experience-v.2.0/backend/venv/lib/python3.13/site-packages/starlette/_exception_handler.py", line 42, in wrapped_app
    await app(scope, receive, sender)
  File "/home/alexandre/Dev/Croo Digital Experience/croo-digital-experience-v.2.0/backend/venv/lib/python3.13/site-packages/fastapi/middleware/asyncexitstack.py", line 18, in __call__
    await self.app(scope, receive, send)
  File "/home/alexandre/Dev/Croo Digital Experience/croo-digital-experience-v.2.0/backend/venv/lib/python3.13/site-packages/starlette/routing.py", line 716, in __call__
    await self.middleware_stack(scope, receive, send)
  File "/home/alexandre/Dev/Croo Digital Experience/croo-digital-experience-v.2.0/backend/venv/lib/python3.13/site-packages/starlette/routing.py", line 736, in app
    await route.handle(scope, receive, send)
  File "/home/alexandre/Dev/Croo Digital Experience/croo-digital-experience-v.2.0/backend/venv/lib/python3.13/site-packages/starlette/routing.py", line 290, in handle
    await self.app(scope, receive, send)
  File "/home/alexandre/Dev/Croo Digital Experience/croo-digital-experience-v.2.0/backend/venv/lib/python3.13/site-packages/fastapi/routing.py", line 120, in app
    await wrap_app_handling_exceptions(app, request)(scope, receive, send)
  File "/home/alexandre/Dev/Croo Digital Experience/croo-digital-experience-v.2.0/backend/venv/lib/python3.13/site-packages/starlette/_exception_handler.py", line 53, in wrapped_app
    raise exc
  File "/home/alexandre/Dev/Croo Digital Experience/croo-digital-experience-v.2.0/backend/venv/lib/python3.13/site-packages/starlette/_exception_handler.py", line 42, in wrapped_app
    await app(scope, receive, sender)
  File "/home/alexandre/Dev/Croo Digital Experience/croo-digital-experience-v.2.0/backend/venv/lib/python3.13/site-packages/fastapi/routing.py", line 106, in app
    response = await f(request)
               ^^^^^^^^^^^^^^^^
  File "/home/alexandre/Dev/Croo Digital Experience/croo-digital-experience-v.2.0/backend/venv/lib/python3.13/site-packages/fastapi/routing.py", line 427, in app
    raw_response = await run_endpoint_function(
                   ^^^^^^^^^^^^^^^^^^^^^^^^^^^^
    ...<3 lines>...
    )
    ^
  File "/home/alexandre/Dev/Croo Digital Experience/croo-digital-experience-v.2.0/backend/venv/lib/python3.13/site-packages/fastapi/routing.py", line 313, in run_endpoint_function
    return await dependant.call(**values)
           ^^^^^^^^^^^^^^^^^^^^^^^^^^^^^^
  File "/home/alexandre/Dev/Croo Digital Experience/croo-digital-experience-v.2.0/backend/app/presentation/routes/activity_routes.py", line 31, in list_activities
    items = repo.list_all(current_user["tenant_id"], skip, limit, organization_id, contact_id, opportunity_id, activity_status)
  File "/home/alexandre/Dev/Croo Digital Experience/croo-digital-experience-v.2.0/backend/app/infrastructure/persistence/activity_repository.py", line 72, in list_all
    return query.order_by(Activity.due_date.desc().nullslast()).offset(skip).limit(limit).all()
           ~~~~~~~~~~~~~~~~~~~~~~~~~~~~~~~~~~~~~~~~~~~~~~~~~~~~~~~~~~~~~~~~~~~~~~~~~~~~~~~~~~^^
  File "/home/alexandre/Dev/Croo Digital Experience/croo-digital-experience-v.2.0/backend/venv/lib/python3.13/site-packages/sqlalchemy/orm/query.py", line 2704, in all
    return self._iter().all()  # type: ignore
           ~~~~~~~~~~^^
  File "/home/alexandre/Dev/Croo Digital Experience/croo-digital-experience-v.2.0/backend/venv/lib/python3.13/site-packages/sqlalchemy/orm/query.py", line 2857, in _iter
    result: Union[ScalarResult[_T], Result[_T]] = self.session.execute(
                                                  ~~~~~~~~~~~~~~~~~~~~^
        statement,
        ^^^^^^^^^^
        params,
        ^^^^^^^
        execution_options={"_sa_orm_load_options": self.load_options},
        ^^^^^^^^^^^^^^^^^^^^^^^^^^^^^^^^^^^^^^^^^^^^^^^^^^^^^^^^^^^^^^
    )
    ^
  File "/home/alexandre/Dev/Croo Digital Experience/croo-digital-experience-v.2.0/backend/venv/lib/python3.13/site-packages/sqlalchemy/orm/session.py", line 2351, in execute
    return self._execute_internal(
           ~~~~~~~~~~~~~~~~~~~~~~^
        statement,
        ^^^^^^^^^^
    ...<4 lines>...
        _add_event=_add_event,
        ^^^^^^^^^^^^^^^^^^^^^^
    )
    ^
  File "/home/alexandre/Dev/Croo Digital Experience/croo-digital-experience-v.2.0/backend/venv/lib/python3.13/site-packages/sqlalchemy/orm/session.py", line 2249, in _execute_internal
    result: Result[Any] = compile_state_cls.orm_execute_statement(
                          ~~~~~~~~~~~~~~~~~~~~~~~~~~~~~~~~~~~~~~~^
        self,
        ^^^^^
    ...<4 lines>...
        conn,
        ^^^^^
    )
    ^
  File "/home/alexandre/Dev/Croo Digital Experience/croo-digital-experience-v.2.0/backend/venv/lib/python3.13/site-packages/sqlalchemy/orm/context.py", line 306, in orm_execute_statement
    result = conn.execute(
        statement, params or {}, execution_options=execution_options
    )
  File "/home/alexandre/Dev/Croo Digital Experience/croo-digital-experience-v.2.0/backend/venv/lib/python3.13/site-packages/sqlalchemy/engine/base.py", line 1419, in execute
    return meth(
        self,
        distilled_parameters,
        execution_options or NO_OPTIONS,
    )
  File "/home/alexandre/Dev/Croo Digital Experience/croo-digital-experience-v.2.0/backend/venv/lib/python3.13/site-packages/sqlalchemy/sql/elements.py", line 527, in _execute_on_connection
    return connection._execute_clauseelement(
           ~~~~~~~~~~~~~~~~~~~~~~~~~~~~~~~~~^
        self, distilled_params, execution_options
        ^^^^^^^^^^^^^^^^^^^^^^^^^^^^^^^^^^^^^^^^^
    )
    ^
  File "/home/alexandre/Dev/Croo Digital Experience/croo-digital-experience-v.2.0/backend/venv/lib/python3.13/site-packages/sqlalchemy/engine/base.py", line 1641, in _execute_clauseelement
    ret = self._execute_context(
        dialect,
    ...<8 lines>...
        cache_hit=cache_hit,
    )
  File "/home/alexandre/Dev/Croo Digital Experience/croo-digital-experience-v.2.0/backend/venv/lib/python3.13/site-packages/sqlalchemy/engine/base.py", line 1846, in _execute_context
    return self._exec_single_context(
           ~~~~~~~~~~~~~~~~~~~~~~~~~^
        dialect, context, statement, parameters
        ^^^^^^^^^^^^^^^^^^^^^^^^^^^^^^^^^^^^^^^
    )
    ^
  File "/home/alexandre/Dev/Croo Digital Experience/croo-digital-experience-v.2.0/backend/venv/lib/python3.13/site-packages/sqlalchemy/engine/base.py", line 1986, in _exec_single_context
    self._handle_dbapi_exception(
    ~~~~~~~~~~~~~~~~~~~~~~~~~~~~^
        e, str_statement, effective_parameters, cursor, context
        ^^^^^^^^^^^^^^^^^^^^^^^^^^^^^^^^^^^^^^^^^^^^^^^^^^^^^^^
    )
    ^
  File "/home/alexandre/Dev/Croo Digital Experience/croo-digital-experience-v.2.0/backend/venv/lib/python3.13/site-packages/sqlalchemy/engine/base.py", line 2363, in _handle_dbapi_exception
    raise sqlalchemy_exception.with_traceback(exc_info[2]) from e
  File "/home/alexandre/Dev/Croo Digital Experience/croo-digital-experience-v.2.0/backend/venv/lib/python3.13/site-packages/sqlalchemy/engine/base.py", line 1967, in _exec_single_context
    self.dialect.do_execute(
    ~~~~~~~~~~~~~~~~~~~~~~~^
        cursor, str_statement, effective_parameters, context
        ^^^^^^^^^^^^^^^^^^^^^^^^^^^^^^^^^^^^^^^^^^^^^^^^^^^^
    )
    ^
  File "/home/alexandre/Dev/Croo Digital Experience/croo-digital-experience-v.2.0/backend/venv/lib/python3.13/site-packages/sqlalchemy/engine/default.py", line 952, in do_execute
    cursor.execute(statement, parameters)
    ~~~~~~~~~~~~~~^^^^^^^^^^^^^^^^^^^^^^^
sqlalchemy.exc.ProgrammingError: (psycopg2.errors.UndefinedColumn) column activities.organization_id does not exist
LINE 1: ...tivities.completed_at AS activities_completed_at, activities...
                                                             ^

[SQL: SELECT activities.id AS activities_id, activities.subject AS activities_subject, activities.description AS activities_description, activities.activity_type AS activities_activity_type, activities.priority AS activities_priority, activities.status AS activities_status, activities.due_date AS activities_due_date, activities.completed_at AS activities_completed_at, activities.organization_id AS activities_organization_id, activities.contact_id AS activities_contact_id, activities.opportunity_id AS activities_opportunity_id, activities.assigned_to AS activities_assigned_to, activities.owner_id AS activities_owner_id, activities.tenant_id AS activities_tenant_id, activities.created_at AS activities_created_at, activities.updated_at AS activities_updated_at, activities.created_by AS activities_created_by, activities.updated_by AS activities_updated_by, activities.version AS activities_version, activities.is_deleted AS activities_is_deleted, activities.deleted_at AS activities_deleted_at, activities.deleted_by AS activities_deleted_by, activities.deleted_reason AS activities_deleted_reason 
FROM activities 
WHERE activities.tenant_id = %(tenant_id_1)s AND activities.is_deleted = false ORDER BY activities.due_date DESC NULLS LAST 
 LIMIT %(param_1)s OFFSET %(param_2)s]
[parameters: {'tenant_id_1': 'default', 'param_1': 1, 'param_2': 0}]
(Background on this error at: https://sqlalche.me/e/20/f405)
INFO:     ::1:47850 - "OPTIONS /api/v1/auth/me HTTP/1.1" 200 OK
WARNING:  WatchFiles detected changes in 'alembic/versions/62ce284533ec_add_links_to_activities.py'. Reloading...
INFO:     Shutting down
INFO:     Waiting for application shutdown.
2026-03-09 23:19:11 [info     ] api_shutdown
INFO:     Application shutdown complete.
INFO:     Finished server process [384523]
INFO:     Started server process [391813]
INFO:     Waiting for application startup.
2026-03-09 23:19:12 [info     ] database_tables_created
2026-03-09 23:19:12 [info     ] admin_exists                   email=admin@croo.digital
2026-03-09 23:19:12 [info     ] capabilities_already_seeded    count=45
2026-03-09 23:19:12 [info     ] workflows_already_seeded       tenant=default
2026-03-09 23:19:12 [info     ] workflows_already_seeded       tenant=default
2026-03-09 23:19:12 [info     ] bcc_seed_already_exists        org='The Croo Group'
2026-03-09 23:19:12 [info     ] bcc_cognitive_already_seeded   domain_count=9
2026-03-09 23:19:12 [info     ] permissions_seeded             count=35
2026-03-09 23:19:12 [info     ] roles_seeded                   tenant_id=default
2026-03-09 23:19:12 [info     ] bcc_cognitive_already_seeded   domain_count=9
2026-03-09 23:19:12 [info     ] bcc_cognitive_already_seeded   domain_count=8
2026-03-09 23:19:12 [info     ] bcc_cognitive_already_seeded   domain_count=8
2026-03-09 23:19:12 [info     ] rate_cards_cleared             old_count=10
2026-03-09 23:19:12 [info     ] rate_cards_seeded              count=10
2026-03-09 23:19:12 [info     ] api_started                    environment=development
INFO:     Application startup complete.
WARNING:  WatchFiles detected changes in 'alembic/versions/62ce284533ec_add_links_to_activities.py'. Reloading...
INFO:     Shutting down
INFO:     Waiting for application shutdown.
2026-03-09 23:20:51 [info     ] api_shutdown
INFO:     Application shutdown complete.
INFO:     Finished server process [391813]
INFO:     Started server process [395066]
INFO:     Waiting for application startup.
2026-03-09 23:20:52 [info     ] database_tables_created
2026-03-09 23:20:52 [info     ] admin_exists                   email=admin@croo.digital
2026-03-09 23:20:52 [info     ] capabilities_already_seeded    count=45
2026-03-09 23:20:52 [info     ] workflows_already_seeded       tenant=default
2026-03-09 23:20:52 [info     ] workflows_already_seeded       tenant=default
2026-03-09 23:20:53 [info     ] bcc_seed_already_exists        org='The Croo Group'
2026-03-09 23:20:53 [info     ] bcc_cognitive_already_seeded   domain_count=9
2026-03-09 23:20:53 [info     ] permissions_seeded             count=35
2026-03-09 23:20:53 [info     ] roles_seeded                   tenant_id=default
2026-03-09 23:20:53 [info     ] bcc_cognitive_already_seeded   domain_count=9
2026-03-09 23:20:53 [info     ] bcc_cognitive_already_seeded   domain_count=8
2026-03-09 23:20:53 [info     ] bcc_cognitive_already_seeded   domain_count=8
2026-03-09 23:20:53 [info     ] rate_cards_cleared             old_count=10
2026-03-09 23:20:53 [info     ] rate_cards_seeded              count=10
2026-03-09 23:20:53 [info     ] api_started                    environment=development
INFO:     Application startup complete.
INFO:     ::1:39380 - "OPTIONS /api/v1/auth/login HTTP/1.1" 200 OK
INFO:     ::1:39384 - "POST /api/v1/auth/login HTTP/1.1" 200 OK
INFO:     ::1:39384 - "OPTIONS /api/v1/auth/me HTTP/1.1" 200 OK
INFO:     ::1:39380 - "GET /api/v1/auth/me HTTP/1.1" 200 OK
INFO:     ::1:39384 - "OPTIONS /api/v1/bcc/organizations HTTP/1.1" 200 OK
INFO:     ::1:39380 - "GET /api/v1/auth/me HTTP/1.1" 200 OK
INFO:     ::1:39384 - "OPTIONS /api/v1/organizations?skip=0&limit=1 HTTP/1.1" 200 OK
INFO:     ::1:39400 - "OPTIONS /api/v1/contacts?skip=0&limit=1 HTTP/1.1" 200 OK
INFO:     ::1:39406 - "OPTIONS /api/v1/opportunities?skip=0&limit=1 HTTP/1.1" 200 OK
INFO:     ::1:39410 - "OPTIONS /api/v1/quotes?skip=0&limit=1 HTTP/1.1" 200 OK
INFO:     ::1:39380 - "OPTIONS /api/v1/activities?skip=0&limit=1 HTTP/1.1" 200 OK
INFO:     ::1:39400 - "GET /api/v1/contacts?skip=0&limit=1 HTTP/1.1" 200 OK
INFO:     ::1:39388 - "GET /api/v1/bcc/organizations HTTP/1.1" 200 OK
INFO:     ::1:39406 - "GET /api/v1/opportunities?skip=0&limit=1 HTTP/1.1" 200 OK
INFO:     ::1:39380 - "GET /api/v1/activities?skip=0&limit=1 HTTP/1.1" 200 OK
INFO:     ::1:39384 - "GET /api/v1/organizations?skip=0&limit=1 HTTP/1.1" 200 OK
INFO:     ::1:39410 - "GET /api/v1/quotes?skip=0&limit=1 HTTP/1.1" 200 OK
WARNING:  WatchFiles detected changes in 'seed_crm.py'. Reloading...
INFO:     Shutting down
INFO:     Waiting for application shutdown.
2026-03-09 23:21:45 [info     ] api_shutdown
INFO:     Application shutdown complete.
INFO:     Finished server process [395066]
WARNING:  WatchFiles detected changes in 'seed_crm.py'. Reloading...
INFO:     Started server process [397242]
INFO:     Waiting for application startup.
2026-03-09 23:21:47 [info     ] database_tables_created
2026-03-09 23:21:47 [info     ] admin_exists                   email=admin@croo.digital
2026-03-09 23:21:47 [info     ] capabilities_already_seeded    count=45
2026-03-09 23:21:47 [info     ] workflows_already_seeded       tenant=default
2026-03-09 23:21:47 [info     ] workflows_already_seeded       tenant=default
2026-03-09 23:21:47 [info     ] bcc_seed_already_exists        org='The Croo Group'
2026-03-09 23:21:47 [info     ] bcc_cognitive_already_seeded   domain_count=9
2026-03-09 23:21:47 [info     ] permissions_seeded             count=35
2026-03-09 23:21:47 [info     ] roles_seeded                   tenant_id=default
2026-03-09 23:21:47 [info     ] bcc_cognitive_already_seeded   domain_count=9
2026-03-09 23:21:47 [info     ] bcc_cognitive_already_seeded   domain_count=8
2026-03-09 23:21:47 [info     ] bcc_cognitive_already_seeded   domain_count=8
2026-03-09 23:21:47 [info     ] rate_cards_cleared             old_count=10
2026-03-09 23:21:47 [info     ] rate_cards_seeded              count=10
2026-03-09 23:21:47 [info     ] api_started                    environment=development
INFO:     Application startup complete.
INFO:     Shutting down
INFO:     Waiting for application shutdown.
2026-03-09 23:21:47 [info     ] api_shutdown
INFO:     Application shutdown complete.
INFO:     Finished server process [397242]
INFO:     Started server process [397320]
INFO:     Waiting for application startup.
2026-03-09 23:21:49 [info     ] database_tables_created
2026-03-09 23:21:49 [info     ] admin_exists                   email=admin@croo.digital
2026-03-09 23:21:49 [info     ] capabilities_already_seeded    count=45
2026-03-09 23:21:49 [info     ] workflows_already_seeded       tenant=default
2026-03-09 23:21:49 [info     ] workflows_already_seeded       tenant=default
2026-03-09 23:21:49 [info     ] bcc_seed_already_exists        org='The Croo Group'
2026-03-09 23:21:49 [info     ] bcc_cognitive_already_seeded   domain_count=9
2026-03-09 23:21:49 [info     ] permissions_seeded             count=35
2026-03-09 23:21:49 [info     ] roles_seeded                   tenant_id=default
2026-03-09 23:21:49 [info     ] bcc_cognitive_already_seeded   domain_count=9
2026-03-09 23:21:49 [info     ] bcc_cognitive_already_seeded   domain_count=8
2026-03-09 23:21:49 [info     ] bcc_cognitive_already_seeded   domain_count=8
2026-03-09 23:21:49 [info     ] rate_cards_cleared             old_count=10
2026-03-09 23:21:49 [info     ] rate_cards_seeded              count=10
2026-03-09 23:21:49 [info     ] api_started                    environment=development
INFO:     Application startup complete.
INFO:     ::1:51718 - "OPTIONS /api/v1/auth/login HTTP/1.1" 200 OK
INFO:     ::1:51734 - "POST /api/v1/auth/login HTTP/1.1" 200 OK
INFO:     ::1:51734 - "OPTIONS /api/v1/auth/me HTTP/1.1" 200 OK
INFO:     ::1:51718 - "GET /api/v1/auth/me HTTP/1.1" 200 OK
INFO:     ::1:51734 - "OPTIONS /api/v1/bcc/organizations HTTP/1.1" 200 OK
INFO:     ::1:51718 - "GET /api/v1/auth/me HTTP/1.1" 200 OK
INFO:     ::1:51734 - "OPTIONS /api/v1/organizations?skip=0&limit=1 HTTP/1.1" 200 OK
INFO:     ::1:51742 - "GET /api/v1/bcc/organizations HTTP/1.1" 200 OK
INFO:     ::1:51756 - "OPTIONS /api/v1/contacts?skip=0&limit=1 HTTP/1.1" 200 OK
INFO:     ::1:51718 - "OPTIONS /api/v1/activities?skip=0&limit=1 HTTP/1.1" 200 OK
INFO:     ::1:51760 - "OPTIONS /api/v1/opportunities?skip=0&limit=1 HTTP/1.1" 200 OK
INFO:     ::1:51776 - "OPTIONS /api/v1/quotes?skip=0&limit=1 HTTP/1.1" 200 OK
INFO:     ::1:51734 - "GET /api/v1/organizations?skip=0&limit=1 HTTP/1.1" 200 OK
INFO:     ::1:51756 - "GET /api/v1/contacts?skip=0&limit=1 HTTP/1.1" 200 OK
INFO:     ::1:51742 - "GET /api/v1/opportunities?skip=0&limit=1 HTTP/1.1" 200 OK
INFO:     ::1:51718 - "GET /api/v1/quotes?skip=0&limit=1 HTTP/1.1" 200 OK
INFO:     ::1:51760 - "GET /api/v1/activities?skip=0&limit=1 HTTP/1.1" 200 OK
INFO:     ::1:51678 - "OPTIONS /api/v1/auth/login HTTP/1.1" 200 OK
INFO:     ::1:51694 - "POST /api/v1/auth/login HTTP/1.1" 200 OK
INFO:     ::1:51694 - "OPTIONS /api/v1/auth/me HTTP/1.1" 200 OK
INFO:     ::1:51678 - "GET /api/v1/auth/me HTTP/1.1" 200 OK
INFO:     ::1:51694 - "OPTIONS /api/v1/bcc/organizations HTTP/1.1" 200 OK
INFO:     ::1:51694 - "OPTIONS /api/v1/organizations?skip=0&limit=1 HTTP/1.1" 200 OK
INFO:     ::1:51712 - "OPTIONS /api/v1/contacts?skip=0&limit=1 HTTP/1.1" 200 OK
INFO:     ::1:51720 - "OPTIONS /api/v1/opportunities?skip=0&limit=1 HTTP/1.1" 200 OK
INFO:     ::1:51722 - "OPTIONS /api/v1/quotes?skip=0&limit=1 HTTP/1.1" 200 OK
INFO:     ::1:51678 - "GET /api/v1/auth/me HTTP/1.1" 200 OK
INFO:     ::1:51694 - "OPTIONS /api/v1/activities?skip=0&limit=1 HTTP/1.1" 200 OK
INFO:     ::1:51702 - "GET /api/v1/bcc/organizations HTTP/1.1" 200 OK
INFO:     ::1:51712 - "GET /api/v1/organizations?skip=0&limit=1 HTTP/1.1" 200 OK
INFO:     ::1:51720 - "GET /api/v1/contacts?skip=0&limit=1 HTTP/1.1" 200 OK
INFO:     ::1:51694 - "GET /api/v1/activities?skip=0&limit=1 HTTP/1.1" 200 OK
INFO:     ::1:51678 - "GET /api/v1/quotes?skip=0&limit=1 HTTP/1.1" 200 OK
INFO:     ::1:51722 - "GET /api/v1/opportunities?skip=0&limit=1 HTTP/1.1" 200 OK
INFO:     ::1:49390 - "OPTIONS /api/v1/auth/login HTTP/1.1" 200 OK
INFO:     ::1:49406 - "POST /api/v1/auth/login HTTP/1.1" 200 OK
INFO:     ::1:49406 - "OPTIONS /api/v1/auth/me HTTP/1.1" 200 OK
INFO:     ::1:49390 - "GET /api/v1/auth/me HTTP/1.1" 200 OK
INFO:     ::1:49406 - "OPTIONS /api/v1/bcc/organizations HTTP/1.1" 200 OK
INFO:     ::1:49406 - "OPTIONS /api/v1/organizations?skip=0&limit=1 HTTP/1.1" 200 OK
INFO:     ::1:49428 - "OPTIONS /api/v1/contacts?skip=0&limit=1 HTTP/1.1" 200 OK
INFO:     ::1:49406 - "OPTIONS /api/v1/activities?skip=0&limit=1 HTTP/1.1" 200 OK
INFO:     ::1:49440 - "OPTIONS /api/v1/opportunities?skip=0&limit=1 HTTP/1.1" 200 OK
INFO:     ::1:49390 - "GET /api/v1/auth/me HTTP/1.1" 200 OK
INFO:     ::1:49446 - "OPTIONS /api/v1/quotes?skip=0&limit=1 HTTP/1.1" 200 OK
INFO:     ::1:49420 - "GET /api/v1/bcc/organizations HTTP/1.1" 200 OK
INFO:     ::1:49446 - "GET /api/v1/activities?skip=0&limit=1 HTTP/1.1" 200 OK
INFO:     ::1:49428 - "GET /api/v1/organizations?skip=0&limit=1 HTTP/1.1" 200 OK
INFO:     ::1:49390 - "GET /api/v1/quotes?skip=0&limit=1 HTTP/1.1" 200 OK
INFO:     ::1:49440 - "GET /api/v1/contacts?skip=0&limit=1 HTTP/1.1" 200 OK
INFO:     ::1:49406 - "GET /api/v1/opportunities?skip=0&limit=1 HTTP/1.1" 200 OK
INFO:     ::1:42914 - "OPTIONS /api/v1/auth/login HTTP/1.1" 200 OK
INFO:     ::1:42924 - "POST /api/v1/auth/login HTTP/1.1" 200 OK
INFO:     ::1:42924 - "OPTIONS /api/v1/auth/me HTTP/1.1" 200 OK
INFO:     ::1:42914 - "GET /api/v1/auth/me HTTP/1.1" 200 OK
INFO:     ::1:42924 - "OPTIONS /api/v1/bcc/organizations HTTP/1.1" 200 OK
INFO:     ::1:42924 - "OPTIONS /api/v1/organizations?skip=0&limit=1 HTTP/1.1" 200 OK
INFO:     ::1:42944 - "OPTIONS /api/v1/contacts?skip=0&limit=1 HTTP/1.1" 200 OK
INFO:     ::1:42956 - "OPTIONS /api/v1/opportunities?skip=0&limit=1 HTTP/1.1" 200 OK
INFO:     ::1:42924 - "OPTIONS /api/v1/activities?skip=0&limit=1 HTTP/1.1" 200 OK
INFO:     ::1:42968 - "OPTIONS /api/v1/quotes?skip=0&limit=1 HTTP/1.1" 200 OK
INFO:     ::1:42914 - "GET /api/v1/auth/me HTTP/1.1" 200 OK
INFO:     ::1:42932 - "GET /api/v1/bcc/organizations HTTP/1.1" 200 OK
INFO:     ::1:42944 - "GET /api/v1/organizations?skip=0&limit=1 HTTP/1.1" 200 OK
INFO:     ::1:42968 - "GET /api/v1/activities?skip=0&limit=1 HTTP/1.1" 200 OK
INFO:     ::1:42914 - "GET /api/v1/quotes?skip=0&limit=1 HTTP/1.1" 200 OK
INFO:     ::1:42924 - "GET /api/v1/opportunities?skip=0&limit=1 HTTP/1.1" 200 OK
INFO:     ::1:42956 - "GET /api/v1/contacts?skip=0&limit=1 HTTP/1.1" 200 OK
INFO:     ::1:42956 - "OPTIONS /api/v1/organizations?skip=0&limit=50 HTTP/1.1" 200 OK
INFO:     ::1:42944 - "GET /api/v1/organizations?skip=0&limit=50 HTTP/1.1" 200 OK
INFO:     ::1:42944 - "OPTIONS /api/v1/organizations/542c4734-3cf1-4f3b-9ef9-aa4df25fe277 HTTP/1.1" 200 OK
INFO:     ::1:42956 - "GET /api/v1/organizations/542c4734-3cf1-4f3b-9ef9-aa4df25fe277 HTTP/1.1" 200 OK
INFO:     ::1:42956 - "OPTIONS /api/v1/contacts?skip=0&limit=10&organization_id=542c4734-3cf1-4f3b-9ef9-aa4df25fe277 HTTP/1.1" 200 OK
INFO:     ::1:42944 - "OPTIONS /api/v1/opportunities?skip=0&limit=10&organization_id=542c4734-3cf1-4f3b-9ef9-aa4df25fe277 HTTP/1.1" 200 OK
INFO:     ::1:42924 - "OPTIONS /api/v1/activities?skip=0&limit=10&organization_id=542c4734-3cf1-4f3b-9ef9-aa4df25fe277 HTTP/1.1" 200 OK
INFO:     ::1:42914 - "GET /api/v1/contacts?skip=0&limit=10&organization_id=542c4734-3cf1-4f3b-9ef9-aa4df25fe277 HTTP/1.1" 200 OK
INFO:     ::1:42944 - "GET /api/v1/activities?skip=0&limit=10&organization_id=542c4734-3cf1-4f3b-9ef9-aa4df25fe277 HTTP/1.1" 200 OK
INFO:     ::1:42956 - "GET /api/v1/opportunities?skip=0&limit=10&organization_id=542c4734-3cf1-4f3b-9ef9-aa4df25fe277 HTTP/1.1" 200 OK
INFO:     ::1:42956 - "OPTIONS /api/v1/contacts?skip=0&limit=50 HTTP/1.1" 200 OK
INFO:     ::1:42944 - "GET /api/v1/contacts?skip=0&limit=50 HTTP/1.1" 200 OK
INFO:     ::1:42944 - "OPTIONS /api/v1/organizations/159452bf-2e3f-4409-9fba-a015446e84c5 HTTP/1.1" 200 OK
INFO:     ::1:42956 - "OPTIONS /api/v1/organizations/ef0231e5-16fe-4130-bbe0-b07d8c45ca7e HTTP/1.1" 200 OK
INFO:     ::1:42924 - "OPTIONS /api/v1/organizations/92218886-a126-4e91-81d9-491b8c500b27 HTTP/1.1" 200 OK
INFO:     ::1:42944 - "OPTIONS /api/v1/organizations/a2ad39b3-403a-487a-9518-4948ccd7ae7c HTTP/1.1" 200 OK
INFO:     ::1:41692 - "OPTIONS /api/v1/organizations/392c6849-a5e1-421e-9ee5-dbed1325569e HTTP/1.1" 200 OK
INFO:     ::1:41700 - "OPTIONS /api/v1/organizations/26fe8e6d-1d58-4107-8a0c-27aa43be1927 HTTP/1.1" 200 OK
INFO:     ::1:42914 - "GET /api/v1/organizations/159452bf-2e3f-4409-9fba-a015446e84c5 HTTP/1.1" 200 OK
INFO:     ::1:42956 - "GET /api/v1/organizations/542c4734-3cf1-4f3b-9ef9-aa4df25fe277 HTTP/1.1" 200 OK
INFO:     ::1:42924 - "GET /api/v1/organizations/ef0231e5-16fe-4130-bbe0-b07d8c45ca7e HTTP/1.1" 200 OK
INFO:     ::1:41692 - "GET /api/v1/organizations/a2ad39b3-403a-487a-9518-4948ccd7ae7c HTTP/1.1" 200 OK
INFO:     ::1:42944 - "GET /api/v1/organizations/92218886-a126-4e91-81d9-491b8c500b27 HTTP/1.1" 200 OK
INFO:     ::1:41700 - "GET /api/v1/organizations/392c6849-a5e1-421e-9ee5-dbed1325569e HTTP/1.1" 200 OK
INFO:     ::1:42914 - "GET /api/v1/organizations/26fe8e6d-1d58-4107-8a0c-27aa43be1927 HTTP/1.1" 200 OK
INFO:     ::1:41700 - "OPTIONS /api/v1/contacts/64e3484a-14ec-48a0-8e88-3706edb3cfef HTTP/1.1" 200 OK
INFO:     ::1:42914 - "GET /api/v1/contacts/64e3484a-14ec-48a0-8e88-3706edb3cfef HTTP/1.1" 200 OK
INFO:     ::1:42914 - "OPTIONS /api/v1/activities?skip=0&limit=50&contact_id=64e3484a-14ec-48a0-8e88-3706edb3cfef HTTP/1.1" 200 OK
INFO:     ::1:41700 - "GET /api/v1/activities?skip=0&limit=50&contact_id=64e3484a-14ec-48a0-8e88-3706edb3cfef HTTP/1.1" 200 OK
INFO:     ::1:41700 - "GET /api/v1/organizations/542c4734-3cf1-4f3b-9ef9-aa4df25fe277 HTTP/1.1" 200 OK
INFO:     ::1:41700 - "OPTIONS /api/v1/activities?skip=0&limit=100 HTTP/1.1" 200 OK
INFO:     ::1:42914 - "GET /api/v1/activities?skip=0&limit=100 HTTP/1.1" 200 OK
INFO:     ::1:42914 - "GET /api/v1/auth/me HTTP/1.1" 200 OK
INFO:     ::1:32976 - "OPTIONS /api/v1/auth/login HTTP/1.1" 200 OK
INFO:     ::1:32976 - "POST /api/v1/auth/login HTTP/1.1" 401 Unauthorized
INFO:     ::1:49886 - "OPTIONS /api/v1/auth/login HTTP/1.1" 200 OK
INFO:     ::1:49900 - "POST /api/v1/auth/login HTTP/1.1" 200 OK
INFO:     ::1:49900 - "OPTIONS /api/v1/auth/me HTTP/1.1" 200 OK
INFO:     ::1:49886 - "GET /api/v1/auth/me HTTP/1.1" 200 OK
INFO:     ::1:49900 - "OPTIONS /api/v1/bcc/organizations HTTP/1.1" 200 OK
INFO:     ::1:49900 - "OPTIONS /api/v1/organizations?skip=0&limit=1 HTTP/1.1" 200 OK
INFO:     ::1:49910 - "OPTIONS /api/v1/contacts?skip=0&limit=1 HTTP/1.1" 200 OK
INFO:     ::1:49922 - "OPTIONS /api/v1/opportunities?skip=0&limit=1 HTTP/1.1" 200 OK
INFO:     ::1:49934 - "OPTIONS /api/v1/quotes?skip=0&limit=1 HTTP/1.1" 200 OK
INFO:     ::1:49900 - "OPTIONS /api/v1/activities?skip=0&limit=1 HTTP/1.1" 200 OK
INFO:     ::1:49886 - "GET /api/v1/auth/me HTTP/1.1" 200 OK
INFO:     ::1:49908 - "GET /api/v1/bcc/organizations HTTP/1.1" 200 OK
INFO:     ::1:49910 - "GET /api/v1/organizations?skip=0&limit=1 HTTP/1.1" 200 OK
INFO:     ::1:49900 - "GET /api/v1/quotes?skip=0&limit=1 HTTP/1.1" 200 OK
INFO:     ::1:49908 - "GET /api/v1/activities?skip=0&limit=1 HTTP/1.1" 200 OK
INFO:     ::1:49934 - "GET /api/v1/opportunities?skip=0&limit=1 HTTP/1.1" 200 OK
INFO:     ::1:49922 - "GET /api/v1/contacts?skip=0&limit=1 HTTP/1.1" 200 OK
INFO:     ::1:49922 - "OPTIONS /api/v1/organizations?skip=0&limit=50 HTTP/1.1" 200 OK
INFO:     ::1:49900 - "GET /api/v1/organizations?skip=0&limit=50 HTTP/1.1" 200 OK
INFO:     ::1:49900 - "OPTIONS /api/v1/organizations/542c4734-3cf1-4f3b-9ef9-aa4df25fe277 HTTP/1.1" 200 OK
INFO:     ::1:49922 - "GET /api/v1/organizations/542c4734-3cf1-4f3b-9ef9-aa4df25fe277 HTTP/1.1" 200 OK
INFO:     ::1:49922 - "OPTIONS /api/v1/contacts?skip=0&limit=10&organization_id=542c4734-3cf1-4f3b-9ef9-aa4df25fe277 HTTP/1.1" 200 OK
INFO:     ::1:49900 - "OPTIONS /api/v1/opportunities?skip=0&limit=10&organization_id=542c4734-3cf1-4f3b-9ef9-aa4df25fe277 HTTP/1.1" 200 OK
INFO:     ::1:49910 - "OPTIONS /api/v1/activities?skip=0&limit=10&organization_id=542c4734-3cf1-4f3b-9ef9-aa4df25fe277 HTTP/1.1" 200 OK
INFO:     ::1:49922 - "GET /api/v1/opportunities?skip=0&limit=10&organization_id=542c4734-3cf1-4f3b-9ef9-aa4df25fe277 HTTP/1.1" 200 OK
INFO:     ::1:49908 - "GET /api/v1/contacts?skip=0&limit=10&organization_id=542c4734-3cf1-4f3b-9ef9-aa4df25fe277 HTTP/1.1" 200 OK
INFO:     ::1:49900 - "GET /api/v1/activities?skip=0&limit=10&organization_id=542c4734-3cf1-4f3b-9ef9-aa4df25fe277 HTTP/1.1" 200 OK
INFO:     ::1:49900 - "OPTIONS /api/v1/contacts?skip=0&limit=50 HTTP/1.1" 200 OK
INFO:     ::1:49908 - "GET /api/v1/contacts?skip=0&limit=50 HTTP/1.1" 200 OK
INFO:     ::1:49908 - "OPTIONS /api/v1/organizations/159452bf-2e3f-4409-9fba-a015446e84c5 HTTP/1.1" 200 OK
INFO:     ::1:49900 - "OPTIONS /api/v1/organizations/ef0231e5-16fe-4130-bbe0-b07d8c45ca7e HTTP/1.1" 200 OK
INFO:     ::1:49910 - "OPTIONS /api/v1/organizations/92218886-a126-4e91-81d9-491b8c500b27 HTTP/1.1" 200 OK
INFO:     ::1:49908 - "OPTIONS /api/v1/organizations/a2ad39b3-403a-487a-9518-4948ccd7ae7c HTTP/1.1" 200 OK
INFO:     ::1:38696 - "OPTIONS /api/v1/organizations/392c6849-a5e1-421e-9ee5-dbed1325569e HTTP/1.1" 200 OK
INFO:     ::1:38706 - "OPTIONS /api/v1/organizations/26fe8e6d-1d58-4107-8a0c-27aa43be1927 HTTP/1.1" 200 OK
INFO:     ::1:49922 - "GET /api/v1/organizations/159452bf-2e3f-4409-9fba-a015446e84c5 HTTP/1.1" 200 OK
INFO:     ::1:49900 - "GET /api/v1/organizations/542c4734-3cf1-4f3b-9ef9-aa4df25fe277 HTTP/1.1" 200 OK
INFO:     ::1:49910 - "GET /api/v1/organizations/ef0231e5-16fe-4130-bbe0-b07d8c45ca7e HTTP/1.1" 200 OK
INFO:     ::1:49908 - "GET /api/v1/organizations/92218886-a126-4e91-81d9-491b8c500b27 HTTP/1.1" 200 OK
INFO:     ::1:38696 - "GET /api/v1/organizations/26fe8e6d-1d58-4107-8a0c-27aa43be1927 HTTP/1.1" 200 OK
INFO:     ::1:38706 - "GET /api/v1/organizations/a2ad39b3-403a-487a-9518-4948ccd7ae7c HTTP/1.1" 200 OK
INFO:     ::1:49922 - "GET /api/v1/organizations/392c6849-a5e1-421e-9ee5-dbed1325569e HTTP/1.1" 200 OK
INFO:     ::1:49922 - "OPTIONS /api/v1/contacts/64e3484a-14ec-48a0-8e88-3706edb3cfef HTTP/1.1" 200 OK
INFO:     ::1:38706 - "GET /api/v1/contacts/64e3484a-14ec-48a0-8e88-3706edb3cfef HTTP/1.1" 200 OK
INFO:     ::1:38706 - "OPTIONS /api/v1/activities?skip=0&limit=50&contact_id=64e3484a-14ec-48a0-8e88-3706edb3cfef HTTP/1.1" 200 OK
INFO:     ::1:49922 - "GET /api/v1/activities?skip=0&limit=50&contact_id=64e3484a-14ec-48a0-8e88-3706edb3cfef HTTP/1.1" 200 OK
INFO:     ::1:49922 - "GET /api/v1/organizations/542c4734-3cf1-4f3b-9ef9-aa4df25fe277 HTTP/1.1" 200 OK
INFO:     ::1:49922 - "OPTIONS /api/v1/activities?skip=0&limit=100 HTTP/1.1" 200 OK
INFO:     ::1:38706 - "GET /api/v1/activities?skip=0&limit=100 HTTP/1.1" 200 OK
INFO:     ::1:38706 - "GET /api/v1/auth/me HTTP/1.1" 200 OK
INFO:     ::1:38706 - "GET /api/v1/organizations/542c4734-3cf1-4f3b-9ef9-aa4df25fe277 HTTP/1.1" 200 OK
INFO:     ::1:45836 - "OPTIONS /api/v1/auth/login HTTP/1.1" 200 OK
INFO:     ::1:45852 - "POST /api/v1/auth/login HTTP/1.1" 200 OK
INFO:     ::1:45852 - "OPTIONS /api/v1/auth/me HTTP/1.1" 200 OK
INFO:     ::1:45836 - "GET /api/v1/auth/me HTTP/1.1" 200 OK
INFO:     ::1:45852 - "OPTIONS /api/v1/bcc/organizations HTTP/1.1" 200 OK
INFO:     ::1:45852 - "OPTIONS /api/v1/organizations?skip=0&limit=1 HTTP/1.1" 200 OK
INFO:     ::1:45866 - "OPTIONS /api/v1/contacts?skip=0&limit=1 HTTP/1.1" 200 OK
INFO:     ::1:45882 - "OPTIONS /api/v1/opportunities?skip=0&limit=1 HTTP/1.1" 200 OK
INFO:     ::1:45890 - "OPTIONS /api/v1/quotes?skip=0&limit=1 HTTP/1.1" 200 OK
INFO:     ::1:45836 - "GET /api/v1/auth/me HTTP/1.1" 200 OK
INFO:     ::1:45866 - "OPTIONS /api/v1/activities?skip=0&limit=1 HTTP/1.1" 200 OK
INFO:     ::1:45856 - "GET /api/v1/bcc/organizations HTTP/1.1" 200 OK
INFO:     ::1:45890 - "GET /api/v1/opportunities?skip=0&limit=1 HTTP/1.1" 200 OK
INFO:     ::1:45882 - "GET /api/v1/contacts?skip=0&limit=1 HTTP/1.1" 200 OK
INFO:     ::1:45866 - "GET /api/v1/activities?skip=0&limit=1 HTTP/1.1" 200 OK
INFO:     ::1:45852 - "GET /api/v1/organizations?skip=0&limit=1 HTTP/1.1" 200 OK
INFO:     ::1:45836 - "GET /api/v1/quotes?skip=0&limit=1 HTTP/1.1" 200 OK
INFO:     ::1:45852 - "OPTIONS /api/v1/organizations?skip=0&limit=50 HTTP/1.1" 200 OK
INFO:     ::1:45836 - "GET /api/v1/organizations?skip=0&limit=50 HTTP/1.1" 200 OK
INFO:     ::1:45836 - "OPTIONS /api/v1/organizations/542c4734-3cf1-4f3b-9ef9-aa4df25fe277 HTTP/1.1" 200 OK
INFO:     ::1:45852 - "GET /api/v1/organizations/542c4734-3cf1-4f3b-9ef9-aa4df25fe277 HTTP/1.1" 200 OK
INFO:     ::1:45852 - "OPTIONS /api/v1/contacts?skip=0&limit=10&organization_id=542c4734-3cf1-4f3b-9ef9-aa4df25fe277 HTTP/1.1" 200 OK
INFO:     ::1:45836 - "OPTIONS /api/v1/opportunities?skip=0&limit=10&organization_id=542c4734-3cf1-4f3b-9ef9-aa4df25fe277 HTTP/1.1" 200 OK
INFO:     ::1:45852 - "OPTIONS /api/v1/activities?skip=0&limit=10&organization_id=542c4734-3cf1-4f3b-9ef9-aa4df25fe277 HTTP/1.1" 200 OK
INFO:     ::1:41352 - "GET /api/v1/contacts?skip=0&limit=10&organization_id=542c4734-3cf1-4f3b-9ef9-aa4df25fe277 HTTP/1.1" 200 OK
INFO:     ::1:41366 - "GET /api/v1/opportunities?skip=0&limit=10&organization_id=542c4734-3cf1-4f3b-9ef9-aa4df25fe277 HTTP/1.1" 200 OK
INFO:     ::1:45836 - "GET /api/v1/activities?skip=0&limit=10&organization_id=542c4734-3cf1-4f3b-9ef9-aa4df25fe277 HTTP/1.1" 200 OK
INFO:     ::1:41366 - "OPTIONS /api/v1/contacts?skip=0&limit=50 HTTP/1.1" 200 OK
INFO:     ::1:45836 - "GET /api/v1/contacts?skip=0&limit=50 HTTP/1.1" 200 OK
INFO:     ::1:45836 - "OPTIONS /api/v1/organizations/159452bf-2e3f-4409-9fba-a015446e84c5 HTTP/1.1" 200 OK
INFO:     ::1:41366 - "OPTIONS /api/v1/organizations/ef0231e5-16fe-4130-bbe0-b07d8c45ca7e HTTP/1.1" 200 OK
INFO:     ::1:45852 - "OPTIONS /api/v1/organizations/92218886-a126-4e91-81d9-491b8c500b27 HTTP/1.1" 200 OK
INFO:     ::1:45836 - "OPTIONS /api/v1/organizations/a2ad39b3-403a-487a-9518-4948ccd7ae7c HTTP/1.1" 200 OK
INFO:     ::1:41374 - "OPTIONS /api/v1/organizations/392c6849-a5e1-421e-9ee5-dbed1325569e HTTP/1.1" 200 OK
INFO:     ::1:41390 - "OPTIONS /api/v1/organizations/26fe8e6d-1d58-4107-8a0c-27aa43be1927 HTTP/1.1" 200 OK
INFO:     ::1:41352 - "GET /api/v1/organizations/159452bf-2e3f-4409-9fba-a015446e84c5 HTTP/1.1" 200 OK
INFO:     ::1:41366 - "GET /api/v1/organizations/542c4734-3cf1-4f3b-9ef9-aa4df25fe277 HTTP/1.1" 200 OK
INFO:     ::1:45852 - "GET /api/v1/organizations/ef0231e5-16fe-4130-bbe0-b07d8c45ca7e HTTP/1.1" 200 OK
INFO:     ::1:41390 - "GET /api/v1/organizations/392c6849-a5e1-421e-9ee5-dbed1325569e HTTP/1.1" 200 OK
INFO:     ::1:45836 - "GET /api/v1/organizations/92218886-a126-4e91-81d9-491b8c500b27 HTTP/1.1" 200 OK
INFO:     ::1:41374 - "GET /api/v1/organizations/a2ad39b3-403a-487a-9518-4948ccd7ae7c HTTP/1.1" 200 OK
INFO:     ::1:41352 - "GET /api/v1/organizations/26fe8e6d-1d58-4107-8a0c-27aa43be1927 HTTP/1.1" 200 OK
INFO:     ::1:41352 - "OPTIONS /api/v1/contacts/64e3484a-14ec-48a0-8e88-3706edb3cfef HTTP/1.1" 200 OK
INFO:     ::1:41374 - "GET /api/v1/contacts/64e3484a-14ec-48a0-8e88-3706edb3cfef HTTP/1.1" 200 OK
INFO:     ::1:41374 - "OPTIONS /api/v1/activities?skip=0&limit=50&contact_id=64e3484a-14ec-48a0-8e88-3706edb3cfef HTTP/1.1" 200 OK
INFO:     ::1:41352 - "GET /api/v1/activities?skip=0&limit=50&contact_id=64e3484a-14ec-48a0-8e88-3706edb3cfef HTTP/1.1" 200 OK
INFO:     ::1:41352 - "GET /api/v1/organizations/542c4734-3cf1-4f3b-9ef9-aa4df25fe277 HTTP/1.1" 200 OK
INFO:     ::1:41352 - "OPTIONS /api/v1/activities?skip=0&limit=100 HTTP/1.1" 200 OK
INFO:     ::1:41374 - "GET /api/v1/activities?skip=0&limit=100 HTTP/1.1" 200 OK
INFO:     ::1:41374 - "GET /api/v1/auth/me HTTP/1.1" 200 OK
INFO:     ::1:41374 - "GET /api/v1/organizations/542c4734-3cf1-4f3b-9ef9-aa4df25fe277 HTTP/1.1" 200 OK
INFO:     ::1:32944 - "OPTIONS /api/v1/auth/login HTTP/1.1" 200 OK
INFO:     ::1:32944 - "POST /api/v1/auth/login HTTP/1.1" 401 Unauthorized
INFO:     ::1:32944 - "POST /api/v1/auth/login HTTP/1.1" 401 Unauthorized
WARNING:  WatchFiles detected changes in 'reset_admin.py'. Reloading...
INFO:     Shutting down
INFO:     Waiting for application shutdown.
2026-03-09 23:51:07 [info     ] api_shutdown
INFO:     Application shutdown complete.
INFO:     Finished server process [397320]
INFO:     Started server process [461170]
INFO:     Waiting for application startup.
2026-03-09 23:51:08 [info     ] database_tables_created
2026-03-09 23:51:09 [info     ] admin_exists                   email=admin@croo.digital
2026-03-09 23:51:09 [info     ] capabilities_already_seeded    count=45
2026-03-09 23:51:09 [info     ] workflows_already_seeded       tenant=default
2026-03-09 23:51:09 [info     ] workflows_already_seeded       tenant=default
2026-03-09 23:51:09 [info     ] bcc_seed_already_exists        org='The Croo Group'
2026-03-09 23:51:09 [info     ] bcc_cognitive_already_seeded   domain_count=9
2026-03-09 23:51:09 [info     ] permissions_seeded             count=35
2026-03-09 23:51:09 [info     ] roles_seeded                   tenant_id=default
2026-03-09 23:51:09 [info     ] bcc_cognitive_already_seeded   domain_count=9
2026-03-09 23:51:09 [info     ] bcc_cognitive_already_seeded   domain_count=8
2026-03-09 23:51:09 [info     ] bcc_cognitive_already_seeded   domain_count=8
2026-03-09 23:51:09 [info     ] rate_cards_cleared             old_count=10
2026-03-09 23:51:09 [info     ] rate_cards_seeded              count=10
2026-03-09 23:51:09 [info     ] api_started                    environment=development
INFO:     Application startup complete.
INFO:     ::1:59332 - "OPTIONS /api/v1/auth/login HTTP/1.1" 200 OK
INFO:     ::1:59338 - "POST /api/v1/auth/login HTTP/1.1" 200 OK
INFO:     ::1:59338 - "OPTIONS /api/v1/auth/me HTTP/1.1" 200 OK
INFO:     ::1:59332 - "GET /api/v1/auth/me HTTP/1.1" 200 OK
INFO:     ::1:59338 - "OPTIONS /api/v1/bcc/organizations HTTP/1.1" 200 OK
INFO:     ::1:59338 - "OPTIONS /api/v1/organizations?skip=0&limit=1 HTTP/1.1" 200 OK
INFO:     ::1:59350 - "OPTIONS /api/v1/contacts?skip=0&limit=1 HTTP/1.1" 200 OK
INFO:     ::1:59354 - "OPTIONS /api/v1/opportunities?skip=0&limit=1 HTTP/1.1" 200 OK
INFO:     ::1:59338 - "OPTIONS /api/v1/quotes?skip=0&limit=1 HTTP/1.1" 200 OK
INFO:     ::1:59350 - "OPTIONS /api/v1/activities?skip=0&limit=1 HTTP/1.1" 200 OK
INFO:     ::1:59332 - "GET /api/v1/auth/me HTTP/1.1" 200 OK
INFO:     ::1:59344 - "GET /api/v1/bcc/organizations HTTP/1.1" 200 OK
INFO:     ::1:59354 - "GET /api/v1/contacts?skip=0&limit=1 HTTP/1.1" 200 OK
INFO:     ::1:59350 - "GET /api/v1/quotes?skip=0&limit=1 HTTP/1.1" 200 OK
INFO:     ::1:59338 - "GET /api/v1/opportunities?skip=0&limit=1 HTTP/1.1" 200 OK
INFO:     ::1:59332 - "GET /api/v1/activities?skip=0&limit=1 HTTP/1.1" 200 OK
INFO:     ::1:59358 - "GET /api/v1/organizations?skip=0&limit=1 HTTP/1.1" 200 OK
INFO:     ::1:59338 - "OPTIONS /api/v1/organizations?skip=0&limit=50 HTTP/1.1" 200 OK
INFO:     ::1:59332 - "GET /api/v1/organizations?skip=0&limit=50 HTTP/1.1" 200 OK
INFO:     ::1:59332 - "OPTIONS /api/v1/organizations/542c4734-3cf1-4f3b-9ef9-aa4df25fe277 HTTP/1.1" 200 OK
INFO:     ::1:59338 - "GET /api/v1/organizations/542c4734-3cf1-4f3b-9ef9-aa4df25fe277 HTTP/1.1" 200 OK
INFO:     ::1:59338 - "OPTIONS /api/v1/contacts?skip=0&limit=10&organization_id=542c4734-3cf1-4f3b-9ef9-aa4df25fe277 HTTP/1.1" 200 OK
INFO:     ::1:59332 - "OPTIONS /api/v1/opportunities?skip=0&limit=10&organization_id=542c4734-3cf1-4f3b-9ef9-aa4df25fe277 HTTP/1.1" 200 OK
INFO:     ::1:59338 - "OPTIONS /api/v1/activities?skip=0&limit=10&organization_id=542c4734-3cf1-4f3b-9ef9-aa4df25fe277 HTTP/1.1" 200 OK
INFO:     ::1:59366 - "GET /api/v1/opportunities?skip=0&limit=10&organization_id=542c4734-3cf1-4f3b-9ef9-aa4df25fe277 HTTP/1.1" 200 OK
INFO:     ::1:59360 - "GET /api/v1/contacts?skip=0&limit=10&organization_id=542c4734-3cf1-4f3b-9ef9-aa4df25fe277 HTTP/1.1" 200 OK
INFO:     ::1:59332 - "GET /api/v1/activities?skip=0&limit=10&organization_id=542c4734-3cf1-4f3b-9ef9-aa4df25fe277 HTTP/1.1" 200 OK
INFO:     ::1:59332 - "OPTIONS /api/v1/contacts?skip=0&limit=50 HTTP/1.1" 200 OK
INFO:     ::1:59360 - "GET /api/v1/contacts?skip=0&limit=50 HTTP/1.1" 200 OK
INFO:     ::1:59360 - "OPTIONS /api/v1/organizations/159452bf-2e3f-4409-9fba-a015446e84c5 HTTP/1.1" 200 OK
INFO:     ::1:59332 - "OPTIONS /api/v1/organizations/ef0231e5-16fe-4130-bbe0-b07d8c45ca7e HTTP/1.1" 200 OK
INFO:     ::1:59360 - "OPTIONS /api/v1/organizations/92218886-a126-4e91-81d9-491b8c500b27 HTTP/1.1" 200 OK
INFO:     ::1:59338 - "OPTIONS /api/v1/organizations/a2ad39b3-403a-487a-9518-4948ccd7ae7c HTTP/1.1" 200 OK
INFO:     ::1:45386 - "OPTIONS /api/v1/organizations/392c6849-a5e1-421e-9ee5-dbed1325569e HTTP/1.1" 200 OK
INFO:     ::1:45396 - "OPTIONS /api/v1/organizations/26fe8e6d-1d58-4107-8a0c-27aa43be1927 HTTP/1.1" 200 OK
INFO:     ::1:59366 - "GET /api/v1/organizations/159452bf-2e3f-4409-9fba-a015446e84c5 HTTP/1.1" 200 OK
INFO:     ::1:59332 - "GET /api/v1/organizations/542c4734-3cf1-4f3b-9ef9-aa4df25fe277 HTTP/1.1" 200 OK
INFO:     ::1:45396 - "GET /api/v1/organizations/a2ad39b3-403a-487a-9518-4948ccd7ae7c HTTP/1.1" 200 OK
INFO:     ::1:59360 - "GET /api/v1/organizations/ef0231e5-16fe-4130-bbe0-b07d8c45ca7e HTTP/1.1" 200 OK
INFO:     ::1:45386 - "GET /api/v1/organizations/92218886-a126-4e91-81d9-491b8c500b27 HTTP/1.1" 200 OK
INFO:     ::1:59338 - "GET /api/v1/organizations/392c6849-a5e1-421e-9ee5-dbed1325569e HTTP/1.1" 200 OK
INFO:     ::1:59366 - "GET /api/v1/organizations/26fe8e6d-1d58-4107-8a0c-27aa43be1927 HTTP/1.1" 200 OK
INFO:     ::1:59366 - "OPTIONS /api/v1/contacts/64e3484a-14ec-48a0-8e88-3706edb3cfef HTTP/1.1" 200 OK
INFO:     ::1:59338 - "GET /api/v1/contacts/64e3484a-14ec-48a0-8e88-3706edb3cfef HTTP/1.1" 200 OK
INFO:     ::1:59338 - "OPTIONS /api/v1/activities?skip=0&limit=50&contact_id=64e3484a-14ec-48a0-8e88-3706edb3cfef HTTP/1.1" 200 OK
INFO:     ::1:59366 - "GET /api/v1/activities?skip=0&limit=50&contact_id=64e3484a-14ec-48a0-8e88-3706edb3cfef HTTP/1.1" 200 OK
INFO:     ::1:59366 - "GET /api/v1/organizations/542c4734-3cf1-4f3b-9ef9-aa4df25fe277 HTTP/1.1" 200 OK
INFO:     ::1:59366 - "OPTIONS /api/v1/activities?skip=0&limit=100 HTTP/1.1" 200 OK
INFO:     ::1:59338 - "GET /api/v1/activities?skip=0&limit=100 HTTP/1.1" 200 OK
INFO:     ::1:59338 - "GET /api/v1/auth/me HTTP/1.1" 200 OK
INFO:     ::1:59338 - "GET /api/v1/organizations/542c4734-3cf1-4f3b-9ef9-aa4df25fe277 HTTP/1.1" 200 OK
INFO:     ::1:35788 - "POST /api/v1/auth/login HTTP/1.1" 200 OK
INFO:     ::1:35788 - "OPTIONS /api/v1/auth/me HTTP/1.1" 200 OK
INFO:     ::1:35788 - "GET /api/v1/auth/me HTTP/1.1" 200 OK
INFO:     ::1:35802 - "OPTIONS /api/v1/bcc/organizations HTTP/1.1" 200 OK
INFO:     ::1:35812 - "OPTIONS /api/v1/organizations?skip=0&limit=1 HTTP/1.1" 200 OK
INFO:     ::1:35814 - "OPTIONS /api/v1/contacts?skip=0&limit=1 HTTP/1.1" 200 OK
INFO:     ::1:35812 - "OPTIONS /api/v1/activities?skip=0&limit=1 HTTP/1.1" 200 OK
INFO:     ::1:35822 - "OPTIONS /api/v1/opportunities?skip=0&limit=1 HTTP/1.1" 200 OK
INFO:     ::1:35830 - "OPTIONS /api/v1/quotes?skip=0&limit=1 HTTP/1.1" 200 OK
INFO:     ::1:35788 - "GET /api/v1/auth/me HTTP/1.1" 200 OK
INFO:     ::1:35802 - "GET /api/v1/bcc/organizations HTTP/1.1" 200 OK
INFO:     ::1:35822 - "GET /api/v1/activities?skip=0&limit=1 HTTP/1.1" 200 OK
INFO:     ::1:35812 - "GET /api/v1/opportunities?skip=0&limit=1 HTTP/1.1" 200 OK
INFO:     ::1:35830 - "GET /api/v1/contacts?skip=0&limit=1 HTTP/1.1" 200 OK
INFO:     ::1:35788 - "GET /api/v1/quotes?skip=0&limit=1 HTTP/1.1" 200 OK
INFO:     ::1:35814 - "GET /api/v1/organizations?skip=0&limit=1 HTTP/1.1" 200 OK
INFO:     ::1:35832 - "OPTIONS /api/v1/activities?skip=0&limit=100 HTTP/1.1" 200 OK
INFO:     ::1:35832 - "GET /api/v1/activities?skip=0&limit=100 HTTP/1.1" 200 OK
INFO:     ::1:54836 - "GET /api/v1/opportunities?skip=0&limit=1 HTTP/1.1" 200 OK
INFO:     ::1:54844 - "GET /api/v1/quotes?skip=0&limit=1 HTTP/1.1" 200 OK
INFO:     ::1:54848 - "GET /api/v1/activities?skip=0&limit=1 HTTP/1.1" 200 OK
INFO:     ::1:54824 - "GET /api/v1/contacts?skip=0&limit=1 HTTP/1.1" 200 OK
INFO:     ::1:35832 - "GET /api/v1/organizations?skip=0&limit=1 HTTP/1.1" 200 OK
INFO:     ::1:54824 - "OPTIONS /api/v1/organizations?skip=0&limit=50 HTTP/1.1" 200 OK
INFO:     ::1:54824 - "GET /api/v1/organizations?skip=0&limit=50 HTTP/1.1" 200 OK
INFO:     ::1:54824 - "OPTIONS /api/v1/contacts?skip=0&limit=50 HTTP/1.1" 200 OK
INFO:     ::1:54824 - "GET /api/v1/contacts?skip=0&limit=50 HTTP/1.1" 200 OK
INFO:     ::1:54824 - "OPTIONS /api/v1/organizations/159452bf-2e3f-4409-9fba-a015446e84c5 HTTP/1.1" 200 OK
INFO:     ::1:54844 - "OPTIONS /api/v1/organizations/ef0231e5-16fe-4130-bbe0-b07d8c45ca7e HTTP/1.1" 200 OK
INFO:     ::1:35832 - "OPTIONS /api/v1/organizations/542c4734-3cf1-4f3b-9ef9-aa4df25fe277 HTTP/1.1" 200 OK
INFO:     ::1:54848 - "OPTIONS /api/v1/organizations/92218886-a126-4e91-81d9-491b8c500b27 HTTP/1.1" 200 OK
INFO:     ::1:54836 - "OPTIONS /api/v1/organizations/a2ad39b3-403a-487a-9518-4948ccd7ae7c HTTP/1.1" 200 OK
INFO:     ::1:54824 - "OPTIONS /api/v1/organizations/392c6849-a5e1-421e-9ee5-dbed1325569e HTTP/1.1" 200 OK
INFO:     ::1:54844 - "OPTIONS /api/v1/organizations/26fe8e6d-1d58-4107-8a0c-27aa43be1927 HTTP/1.1" 200 OK
INFO:     ::1:54824 - "GET /api/v1/organizations/a2ad39b3-403a-487a-9518-4948ccd7ae7c HTTP/1.1" 200 OK
INFO:     ::1:54836 - "GET /api/v1/organizations/ef0231e5-16fe-4130-bbe0-b07d8c45ca7e HTTP/1.1" 200 OK
INFO:     ::1:35832 - "GET /api/v1/organizations/542c4734-3cf1-4f3b-9ef9-aa4df25fe277 HTTP/1.1" 200 OK
INFO:     ::1:54850 - "GET /api/v1/organizations/92218886-a126-4e91-81d9-491b8c500b27 HTTP/1.1" 200 OK
INFO:     ::1:54848 - "GET /api/v1/organizations/159452bf-2e3f-4409-9fba-a015446e84c5 HTTP/1.1" 200 OK
INFO:     ::1:54844 - "GET /api/v1/organizations/392c6849-a5e1-421e-9ee5-dbed1325569e HTTP/1.1" 200 OK
INFO:     ::1:54836 - "GET /api/v1/organizations/26fe8e6d-1d58-4107-8a0c-27aa43be1927 HTTP/1.1" 200 OK
INFO:     ::1:37786 - "GET /api/v1/organizations?skip=0&limit=50 HTTP/1.1" 200 OK
INFO:     ::1:37786 - "GET /api/v1/contacts?skip=0&limit=50 HTTP/1.1" 200 OK
INFO:     ::1:37800 - "GET /api/v1/organizations/ef0231e5-16fe-4130-bbe0-b07d8c45ca7e HTTP/1.1" 200 OK
INFO:     ::1:37820 - "GET /api/v1/organizations/92218886-a126-4e91-81d9-491b8c500b27 HTTP/1.1" 200 OK
INFO:     ::1:37786 - "GET /api/v1/organizations/159452bf-2e3f-4409-9fba-a015446e84c5 HTTP/1.1" 200 OK
INFO:     ::1:37822 - "GET /api/v1/organizations/a2ad39b3-403a-487a-9518-4948ccd7ae7c HTTP/1.1" 200 OK
INFO:     ::1:37810 - "GET /api/v1/organizations/542c4734-3cf1-4f3b-9ef9-aa4df25fe277 HTTP/1.1" 200 OK
INFO:     ::1:37836 - "GET /api/v1/organizations/392c6849-a5e1-421e-9ee5-dbed1325569e HTTP/1.1" 200 OK
INFO:     ::1:37786 - "GET /api/v1/organizations/26fe8e6d-1d58-4107-8a0c-27aa43be1927 HTTP/1.1" 200 OK
INFO:     ::1:58954 - "POST /api/v1/auth/login HTTP/1.1" 200 OK
INFO:     ::1:58954 - "GET /api/v1/auth/me HTTP/1.1" 200 OK
INFO:     ::1:58954 - "GET /api/v1/auth/me HTTP/1.1" 200 OK
INFO:     ::1:58966 - "GET /api/v1/bcc/organizations HTTP/1.1" 200 OK
INFO:     ::1:58980 - "GET /api/v1/contacts?skip=0&limit=1 HTTP/1.1" 200 OK
INFO:     ::1:58974 - "GET /api/v1/organizations?skip=0&limit=1 HTTP/1.1" 200 OK
INFO:     ::1:59008 - "GET /api/v1/quotes?skip=0&limit=1 HTTP/1.1" 200 OK
INFO:     ::1:58992 - "GET /api/v1/opportunities?skip=0&limit=1 HTTP/1.1" 200 OK
INFO:     ::1:58954 - "GET /api/v1/activities?skip=0&limit=1 HTTP/1.1" 200 OK
INFO:     ::1:58954 - "GET /api/v1/contacts?skip=0&limit=50 HTTP/1.1" 200 OK
INFO:     ::1:58992 - "GET /api/v1/organizations/542c4734-3cf1-4f3b-9ef9-aa4df25fe277 HTTP/1.1" 200 OK
INFO:     ::1:58980 - "GET /api/v1/organizations/a2ad39b3-403a-487a-9518-4948ccd7ae7c HTTP/1.1" 200 OK
INFO:     ::1:58974 - "GET /api/v1/organizations/392c6849-a5e1-421e-9ee5-dbed1325569e HTTP/1.1" 200 OK
INFO:     ::1:58954 - "GET /api/v1/organizations/159452bf-2e3f-4409-9fba-a015446e84c5 HTTP/1.1" 200 OK
INFO:     ::1:59008 - "GET /api/v1/organizations/ef0231e5-16fe-4130-bbe0-b07d8c45ca7e HTTP/1.1" 200 OK
INFO:     ::1:58966 - "GET /api/v1/organizations/92218886-a126-4e91-81d9-491b8c500b27 HTTP/1.1" 200 OK
INFO:     ::1:58992 - "GET /api/v1/organizations/26fe8e6d-1d58-4107-8a0c-27aa43be1927 HTTP/1.1" 200 OK
INFO:     ::1:59504 - "GET /api/v1/organizations?skip=0&limit=50 HTTP/1.1" 200 OK
INFO:     ::1:59510 - "GET /api/v1/contacts?skip=0&limit=50 HTTP/1.1" 200 OK
INFO:     ::1:59510 - "GET /api/v1/organizations/159452bf-2e3f-4409-9fba-a015446e84c5 HTTP/1.1" 200 OK
INFO:     ::1:59528 - "GET /api/v1/organizations/542c4734-3cf1-4f3b-9ef9-aa4df25fe277 HTTP/1.1" 200 OK
INFO:     ::1:59550 - "GET /api/v1/organizations/392c6849-a5e1-421e-9ee5-dbed1325569e HTTP/1.1" 200 OK
INFO:     ::1:59516 - "GET /api/v1/organizations/ef0231e5-16fe-4130-bbe0-b07d8c45ca7e HTTP/1.1" 200 OK
INFO:     ::1:59544 - "GET /api/v1/organizations/92218886-a126-4e91-81d9-491b8c500b27 HTTP/1.1" 200 OK
INFO:     ::1:59546 - "GET /api/v1/organizations/a2ad39b3-403a-487a-9518-4948ccd7ae7c HTTP/1.1" 200 OK
INFO:     ::1:59510 - "GET /api/v1/organizations/26fe8e6d-1d58-4107-8a0c-27aa43be1927 HTTP/1.1" 200 OK
INFO:     ::1:59510 - "GET /api/v1/organizations?skip=0&limit=50 HTTP/1.1" 200 OK
INFO:     ::1:34818 - "OPTIONS /api/v1/auth/login HTTP/1.1" 200 OK
INFO:     ::1:34822 - "POST /api/v1/auth/login HTTP/1.1" 200 OK
INFO:     ::1:34822 - "OPTIONS /api/v1/auth/me HTTP/1.1" 200 OK
INFO:     ::1:34818 - "GET /api/v1/auth/me HTTP/1.1" 200 OK
INFO:     ::1:34822 - "OPTIONS /api/v1/bcc/organizations HTTP/1.1" 200 OK
INFO:     ::1:34822 - "OPTIONS /api/v1/organizations?skip=0&limit=1 HTTP/1.1" 200 OK
INFO:     ::1:34842 - "OPTIONS /api/v1/contacts?skip=0&limit=1 HTTP/1.1" 200 OK
INFO:     ::1:34822 - "OPTIONS /api/v1/activities?skip=0&limit=1 HTTP/1.1" 200 OK
INFO:     ::1:34844 - "OPTIONS /api/v1/opportunities?skip=0&limit=1 HTTP/1.1" 200 OK
INFO:     ::1:34852 - "OPTIONS /api/v1/quotes?skip=0&limit=1 HTTP/1.1" 200 OK
INFO:     ::1:34818 - "GET /api/v1/auth/me HTTP/1.1" 200 OK
INFO:     ::1:34834 - "GET /api/v1/bcc/organizations HTTP/1.1" 200 OK
INFO:     ::1:34842 - "GET /api/v1/organizations?skip=0&limit=1 HTTP/1.1" 200 OK
INFO:     ::1:34844 - "GET /api/v1/activities?skip=0&limit=1 HTTP/1.1" 200 OK
INFO:     ::1:34818 - "GET /api/v1/quotes?skip=0&limit=1 HTTP/1.1" 200 OK
INFO:     ::1:34822 - "GET /api/v1/contacts?skip=0&limit=1 HTTP/1.1" 200 OK
INFO:     ::1:34852 - "GET /api/v1/opportunities?skip=0&limit=1 HTTP/1.1" 200 OK
INFO:     ::1:59510 - "GET /api/v1/contacts?skip=0&limit=50 HTTP/1.1" 200 OK
INFO:     ::1:34862 - "GET /api/v1/organizations/ef0231e5-16fe-4130-bbe0-b07d8c45ca7e HTTP/1.1" 200 OK
INFO:     ::1:34874 - "GET /api/v1/organizations/542c4734-3cf1-4f3b-9ef9-aa4df25fe277 HTTP/1.1" 200 OK
INFO:     ::1:34914 - "GET /api/v1/organizations/392c6849-a5e1-421e-9ee5-dbed1325569e HTTP/1.1" 200 OK
INFO:     ::1:34898 - "GET /api/v1/organizations/a2ad39b3-403a-487a-9518-4948ccd7ae7c HTTP/1.1" 200 OK
INFO:     ::1:59510 - "GET /api/v1/organizations/159452bf-2e3f-4409-9fba-a015446e84c5 HTTP/1.1" 200 OK
INFO:     ::1:34886 - "GET /api/v1/organizations/92218886-a126-4e91-81d9-491b8c500b27 HTTP/1.1" 200 OK
INFO:     ::1:34874 - "GET /api/v1/organizations/26fe8e6d-1d58-4107-8a0c-27aa43be1927 HTTP/1.1" 200 OK
INFO:     ::1:34852 - "OPTIONS /api/v1/organizations?skip=0&limit=50 HTTP/1.1" 200 OK
INFO:     ::1:34844 - "GET /api/v1/organizations?skip=0&limit=50 HTTP/1.1" 200 OK
INFO:     ::1:34844 - "OPTIONS /api/v1/organizations/542c4734-3cf1-4f3b-9ef9-aa4df25fe277 HTTP/1.1" 200 OK
INFO:     ::1:34852 - "GET /api/v1/organizations/542c4734-3cf1-4f3b-9ef9-aa4df25fe277 HTTP/1.1" 200 OK
INFO:     ::1:34852 - "OPTIONS /api/v1/contacts?skip=0&limit=10&organization_id=542c4734-3cf1-4f3b-9ef9-aa4df25fe277 HTTP/1.1" 200 OK
INFO:     ::1:34844 - "OPTIONS /api/v1/opportunities?skip=0&limit=10&organization_id=542c4734-3cf1-4f3b-9ef9-aa4df25fe277 HTTP/1.1" 200 OK
INFO:     ::1:44646 - "OPTIONS /api/v1/activities?skip=0&limit=10&organization_id=542c4734-3cf1-4f3b-9ef9-aa4df25fe277 HTTP/1.1" 200 OK
INFO:     ::1:44660 - "GET /api/v1/contacts?skip=0&limit=10&organization_id=542c4734-3cf1-4f3b-9ef9-aa4df25fe277 HTTP/1.1" 200 OK
INFO:     ::1:34852 - "GET /api/v1/opportunities?skip=0&limit=10&organization_id=542c4734-3cf1-4f3b-9ef9-aa4df25fe277 HTTP/1.1" 200 OK
INFO:     ::1:34844 - "GET /api/v1/activities?skip=0&limit=10&organization_id=542c4734-3cf1-4f3b-9ef9-aa4df25fe277 HTTP/1.1" 200 OK
INFO:     ::1:34844 - "OPTIONS /api/v1/contacts?skip=0&limit=50 HTTP/1.1" 200 OK
INFO:     ::1:34852 - "GET /api/v1/contacts?skip=0&limit=50 HTTP/1.1" 200 OK
INFO:     ::1:34852 - "OPTIONS /api/v1/organizations/159452bf-2e3f-4409-9fba-a015446e84c5 HTTP/1.1" 200 OK
INFO:     ::1:34844 - "OPTIONS /api/v1/organizations/ef0231e5-16fe-4130-bbe0-b07d8c45ca7e HTTP/1.1" 200 OK
INFO:     ::1:44646 - "OPTIONS /api/v1/organizations/92218886-a126-4e91-81d9-491b8c500b27 HTTP/1.1" 200 OK
INFO:     ::1:34852 - "OPTIONS /api/v1/organizations/a2ad39b3-403a-487a-9518-4948ccd7ae7c HTTP/1.1" 200 OK
INFO:     ::1:44674 - "OPTIONS /api/v1/organizations/392c6849-a5e1-421e-9ee5-dbed1325569e HTTP/1.1" 200 OK
INFO:     ::1:44686 - "OPTIONS /api/v1/organizations/26fe8e6d-1d58-4107-8a0c-27aa43be1927 HTTP/1.1" 200 OK
INFO:     ::1:44660 - "GET /api/v1/organizations/159452bf-2e3f-4409-9fba-a015446e84c5 HTTP/1.1" 200 OK
INFO:     ::1:34844 - "GET /api/v1/organizations/542c4734-3cf1-4f3b-9ef9-aa4df25fe277 HTTP/1.1" 200 OK
INFO:     ::1:44660 - "GET /api/v1/organizations/92218886-a126-4e91-81d9-491b8c500b27 HTTP/1.1" 200 OK
INFO:     ::1:44674 - "GET /api/v1/organizations/a2ad39b3-403a-487a-9518-4948ccd7ae7c HTTP/1.1" 200 OK
INFO:     ::1:44646 - "GET /api/v1/organizations/392c6849-a5e1-421e-9ee5-dbed1325569e HTTP/1.1" 200 OK
INFO:     ::1:44686 - "GET /api/v1/organizations/ef0231e5-16fe-4130-bbe0-b07d8c45ca7e HTTP/1.1" 200 OK
INFO:     ::1:34852 - "GET /api/v1/organizations/26fe8e6d-1d58-4107-8a0c-27aa43be1927 HTTP/1.1" 200 OK
INFO:     ::1:34852 - "OPTIONS /api/v1/contacts/64e3484a-14ec-48a0-8e88-3706edb3cfef HTTP/1.1" 200 OK
INFO:     ::1:44646 - "GET /api/v1/contacts/64e3484a-14ec-48a0-8e88-3706edb3cfef HTTP/1.1" 200 OK
INFO:     ::1:44646 - "OPTIONS /api/v1/activities?skip=0&limit=50&contact_id=64e3484a-14ec-48a0-8e88-3706edb3cfef HTTP/1.1" 200 OK
INFO:     ::1:34852 - "GET /api/v1/activities?skip=0&limit=50&contact_id=64e3484a-14ec-48a0-8e88-3706edb3cfef HTTP/1.1" 200 OK
INFO:     ::1:34852 - "GET /api/v1/organizations/542c4734-3cf1-4f3b-9ef9-aa4df25fe277 HTTP/1.1" 200 OK
INFO:     ::1:34852 - "OPTIONS /api/v1/activities?skip=0&limit=100 HTTP/1.1" 200 OK
INFO:     ::1:44646 - "GET /api/v1/activities?skip=0&limit=100 HTTP/1.1" 200 OK
INFO:     ::1:44646 - "GET /api/v1/auth/me HTTP/1.1" 200 OK
INFO:     ::1:44646 - "GET /api/v1/organizations/542c4734-3cf1-4f3b-9ef9-aa4df25fe277 HTTP/1.1" 200 OK
INFO:     ::1:42376 - "POST /api/v1/auth/login HTTP/1.1" 200 OK
INFO:     ::1:42376 - "GET /api/v1/auth/me HTTP/1.1" 200 OK
INFO:     ::1:42392 - "GET /api/v1/bcc/organizations HTTP/1.1" 200 OK
INFO:     ::1:42376 - "GET /api/v1/auth/me HTTP/1.1" 200 OK
INFO:     ::1:42408 - "GET /api/v1/organizations?skip=0&limit=1 HTTP/1.1" 200 OK
INFO:     ::1:42414 - "GET /api/v1/contacts?skip=0&limit=1 HTTP/1.1" 200 OK
INFO:     ::1:42416 - "GET /api/v1/opportunities?skip=0&limit=1 HTTP/1.1" 200 OK
INFO:     ::1:42392 - "GET /api/v1/activities?skip=0&limit=1 HTTP/1.1" 200 OK
INFO:     ::1:42422 - "GET /api/v1/quotes?skip=0&limit=1 HTTP/1.1" 200 OK
INFO:     ::1:42422 - "GET /api/v1/contacts?skip=0&limit=50 HTTP/1.1" 200 OK
INFO:     ::1:42422 - "GET /api/v1/organizations/159452bf-2e3f-4409-9fba-a015446e84c5 HTTP/1.1" 200 OK
INFO:     ::1:42408 - "GET /api/v1/organizations/a2ad39b3-403a-487a-9518-4948ccd7ae7c HTTP/1.1" 200 OK
INFO:     ::1:42414 - "GET /api/v1/organizations/542c4734-3cf1-4f3b-9ef9-aa4df25fe277 HTTP/1.1" 200 OK
INFO:     ::1:42376 - "GET /api/v1/organizations/392c6849-a5e1-421e-9ee5-dbed1325569e HTTP/1.1" 200 OK
INFO:     ::1:42416 - "GET /api/v1/organizations/92218886-a126-4e91-81d9-491b8c500b27 HTTP/1.1" 200 OK
INFO:     ::1:42392 - "GET /api/v1/organizations/ef0231e5-16fe-4130-bbe0-b07d8c45ca7e HTTP/1.1" 200 OK
INFO:     ::1:42422 - "GET /api/v1/organizations/26fe8e6d-1d58-4107-8a0c-27aa43be1927 HTTP/1.1" 200 OK
INFO:     ::1:42716 - "GET /api/v1/organizations?skip=0&limit=50 HTTP/1.1" 200 OK
INFO:     ::1:56206 - "POST /api/v1/auth/login HTTP/1.1" 200 OK
INFO:     ::1:56206 - "GET /api/v1/auth/me HTTP/1.1" 200 OK
INFO:     ::1:56222 - "GET /api/v1/bcc/organizations HTTP/1.1" 200 OK
INFO:     ::1:56206 - "GET /api/v1/auth/me HTTP/1.1" 200 OK
INFO:     ::1:56244 - "GET /api/v1/opportunities?skip=0&limit=1 HTTP/1.1" 200 OK
INFO:     ::1:56234 - "GET /api/v1/organizations?skip=0&limit=1 HTTP/1.1" 200 OK
INFO:     ::1:56238 - "GET /api/v1/contacts?skip=0&limit=1 HTTP/1.1" 200 OK
INFO:     ::1:56258 - "GET /api/v1/quotes?skip=0&limit=1 HTTP/1.1" 200 OK
INFO:     ::1:56222 - "GET /api/v1/activities?skip=0&limit=1 HTTP/1.1" 200 OK
INFO:     ::1:56222 - "GET /api/v1/contacts?skip=0&limit=50 HTTP/1.1" 200 OK
INFO:     ::1:56206 - "GET /api/v1/organizations/392c6849-a5e1-421e-9ee5-dbed1325569e HTTP/1.1" 200 OK
INFO:     ::1:56222 - "GET /api/v1/organizations/159452bf-2e3f-4409-9fba-a015446e84c5 HTTP/1.1" 200 OK
INFO:     ::1:56244 - "GET /api/v1/organizations/92218886-a126-4e91-81d9-491b8c500b27 HTTP/1.1" 200 OK
INFO:     ::1:56234 - "GET /api/v1/organizations/a2ad39b3-403a-487a-9518-4948ccd7ae7c HTTP/1.1" 200 OK
INFO:     ::1:56258 - "GET /api/v1/organizations/ef0231e5-16fe-4130-bbe0-b07d8c45ca7e HTTP/1.1" 200 OK
INFO:     ::1:56238 - "GET /api/v1/organizations/542c4734-3cf1-4f3b-9ef9-aa4df25fe277 HTTP/1.1" 200 OK
INFO:     ::1:56206 - "GET /api/v1/organizations/26fe8e6d-1d58-4107-8a0c-27aa43be1927 HTTP/1.1" 200 OK
INFO:     ::1:56206 - "OPTIONS /api/v1/contacts/64e3484a-14ec-48a0-8e88-3706edb3cfef HTTP/1.1" 200 OK
INFO:     ::1:56206 - "GET /api/v1/contacts/64e3484a-14ec-48a0-8e88-3706edb3cfef HTTP/1.1" 200 OK
INFO:     ::1:56206 - "OPTIONS /api/v1/activities?skip=0&limit=50&contact_id=64e3484a-14ec-48a0-8e88-3706edb3cfef HTTP/1.1" 200 OK
INFO:     ::1:56206 - "GET /api/v1/activities?skip=0&limit=50&contact_id=64e3484a-14ec-48a0-8e88-3706edb3cfef HTTP/1.1" 200 OK
INFO:     ::1:45036 - "OPTIONS /api/v1/auth/login HTTP/1.1" 200 OK
INFO:     ::1:45040 - "POST /api/v1/auth/login HTTP/1.1" 200 OK
INFO:     ::1:45040 - "OPTIONS /api/v1/auth/me HTTP/1.1" 200 OK
INFO:     ::1:45036 - "GET /api/v1/auth/me HTTP/1.1" 200 OK
INFO:     ::1:45040 - "OPTIONS /api/v1/bcc/organizations HTTP/1.1" 200 OK
INFO:     ::1:45040 - "OPTIONS /api/v1/organizations?skip=0&limit=1 HTTP/1.1" 200 OK
INFO:     ::1:45058 - "OPTIONS /api/v1/contacts?skip=0&limit=1 HTTP/1.1" 200 OK
INFO:     ::1:45060 - "OPTIONS /api/v1/opportunities?skip=0&limit=1 HTTP/1.1" 200 OK
INFO:     ::1:45074 - "OPTIONS /api/v1/quotes?skip=0&limit=1 HTTP/1.1" 200 OK
INFO:     ::1:45040 - "OPTIONS /api/v1/activities?skip=0&limit=1 HTTP/1.1" 200 OK
INFO:     ::1:45036 - "GET /api/v1/auth/me HTTP/1.1" 200 OK
INFO:     ::1:45050 - "GET /api/v1/bcc/organizations HTTP/1.1" 200 OK
INFO:     ::1:45058 - "GET /api/v1/organizations?skip=0&limit=1 HTTP/1.1" 200 OK
INFO:     ::1:45060 - "GET /api/v1/contacts?skip=0&limit=1 HTTP/1.1" 200 OK
INFO:     ::1:45074 - "GET /api/v1/opportunities?skip=0&limit=1 HTTP/1.1" 200 OK
INFO:     ::1:45040 - "GET /api/v1/quotes?skip=0&limit=1 HTTP/1.1" 200 OK
INFO:     ::1:45036 - "GET /api/v1/activities?skip=0&limit=1 HTTP/1.1" 200 OK
INFO:     ::1:45036 - "OPTIONS /api/v1/organizations?skip=0&limit=50 HTTP/1.1" 200 OK
INFO:     ::1:45040 - "GET /api/v1/organizations?skip=0&limit=50 HTTP/1.1" 200 OK
INFO:     ::1:45040 - "OPTIONS /api/v1/organizations/542c4734-3cf1-4f3b-9ef9-aa4df25fe277 HTTP/1.1" 200 OK
INFO:     ::1:45036 - "GET /api/v1/organizations/542c4734-3cf1-4f3b-9ef9-aa4df25fe277 HTTP/1.1" 200 OK
INFO:     ::1:45036 - "OPTIONS /api/v1/contacts?skip=0&limit=10&organization_id=542c4734-3cf1-4f3b-9ef9-aa4df25fe277 HTTP/1.1" 200 OK
INFO:     ::1:45040 - "OPTIONS /api/v1/opportunities?skip=0&limit=10&organization_id=542c4734-3cf1-4f3b-9ef9-aa4df25fe277 HTTP/1.1" 200 OK
INFO:     ::1:45036 - "OPTIONS /api/v1/activities?skip=0&limit=10&organization_id=542c4734-3cf1-4f3b-9ef9-aa4df25fe277 HTTP/1.1" 200 OK
INFO:     ::1:39078 - "GET /api/v1/contacts?skip=0&limit=10&organization_id=542c4734-3cf1-4f3b-9ef9-aa4df25fe277 HTTP/1.1" 200 OK
INFO:     ::1:39082 - "GET /api/v1/opportunities?skip=0&limit=10&organization_id=542c4734-3cf1-4f3b-9ef9-aa4df25fe277 HTTP/1.1" 200 OK
INFO:     ::1:45040 - "GET /api/v1/activities?skip=0&limit=10&organization_id=542c4734-3cf1-4f3b-9ef9-aa4df25fe277 HTTP/1.1" 200 OK
INFO:     ::1:45040 - "OPTIONS /api/v1/contacts?skip=0&limit=50 HTTP/1.1" 200 OK
INFO:     ::1:39078 - "GET /api/v1/contacts?skip=0&limit=50 HTTP/1.1" 200 OK
INFO:     ::1:39078 - "OPTIONS /api/v1/organizations/159452bf-2e3f-4409-9fba-a015446e84c5 HTTP/1.1" 200 OK
INFO:     ::1:45040 - "OPTIONS /api/v1/organizations/ef0231e5-16fe-4130-bbe0-b07d8c45ca7e HTTP/1.1" 200 OK
INFO:     ::1:45036 - "OPTIONS /api/v1/organizations/92218886-a126-4e91-81d9-491b8c500b27 HTTP/1.1" 200 OK
INFO:     ::1:39078 - "OPTIONS /api/v1/organizations/a2ad39b3-403a-487a-9518-4948ccd7ae7c HTTP/1.1" 200 OK
INFO:     ::1:45040 - "OPTIONS /api/v1/organizations/392c6849-a5e1-421e-9ee5-dbed1325569e HTTP/1.1" 200 OK
INFO:     ::1:39078 - "OPTIONS /api/v1/organizations/26fe8e6d-1d58-4107-8a0c-27aa43be1927 HTTP/1.1" 200 OK
INFO:     ::1:39082 - "GET /api/v1/organizations/159452bf-2e3f-4409-9fba-a015446e84c5 HTTP/1.1" 200 OK
INFO:     ::1:39096 - "GET /api/v1/organizations/ef0231e5-16fe-4130-bbe0-b07d8c45ca7e HTTP/1.1" 200 OK
INFO:     ::1:39090 - "GET /api/v1/organizations/542c4734-3cf1-4f3b-9ef9-aa4df25fe277 HTTP/1.1" 200 OK
INFO:     ::1:45036 - "GET /api/v1/organizations/92218886-a126-4e91-81d9-491b8c500b27 HTTP/1.1" 200 OK
INFO:     ::1:45040 - "GET /api/v1/organizations/a2ad39b3-403a-487a-9518-4948ccd7ae7c HTTP/1.1" 200 OK
INFO:     ::1:39078 - "GET /api/v1/organizations/392c6849-a5e1-421e-9ee5-dbed1325569e HTTP/1.1" 200 OK
INFO:     ::1:39096 - "GET /api/v1/organizations/26fe8e6d-1d58-4107-8a0c-27aa43be1927 HTTP/1.1" 200 OK
INFO:     ::1:39096 - "OPTIONS /api/v1/contacts/64e3484a-14ec-48a0-8e88-3706edb3cfef HTTP/1.1" 200 OK
INFO:     ::1:39078 - "GET /api/v1/contacts/64e3484a-14ec-48a0-8e88-3706edb3cfef HTTP/1.1" 200 OK
INFO:     ::1:39078 - "OPTIONS /api/v1/activities?skip=0&limit=50&contact_id=64e3484a-14ec-48a0-8e88-3706edb3cfef HTTP/1.1" 200 OK
INFO:     ::1:39096 - "GET /api/v1/activities?skip=0&limit=50&contact_id=64e3484a-14ec-48a0-8e88-3706edb3cfef HTTP/1.1" 200 OK
INFO:     ::1:39096 - "GET /api/v1/organizations/542c4734-3cf1-4f3b-9ef9-aa4df25fe277 HTTP/1.1" 200 OK
INFO:     ::1:39096 - "OPTIONS /api/v1/activities?skip=0&limit=100 HTTP/1.1" 200 OK
INFO:     ::1:39078 - "GET /api/v1/activities?skip=0&limit=100 HTTP/1.1" 200 OK
INFO:     ::1:39078 - "GET /api/v1/auth/me HTTP/1.1" 200 OK
INFO:     ::1:39078 - "GET /api/v1/organizations/542c4734-3cf1-4f3b-9ef9-aa4df25fe277 HTTP/1.1" 200 OK
INFO:     ::1:47220 - "OPTIONS /api/v1/opportunities?skip=0&limit=50 HTTP/1.1" 200 OK
INFO:     ::1:47220 - "GET /api/v1/opportunities?skip=0&limit=50 HTTP/1.1" 200 OK
INFO:     ::1:47220 - "OPTIONS /api/v1/organizations/0f5342d9-1c5a-4859-8bd7-2eba5130c277 HTTP/1.1" 200 OK
INFO:     ::1:47234 - "OPTIONS /api/v1/organizations/080c5845-bf03-40b1-bbba-00ceca9b034e HTTP/1.1" 200 OK
INFO:     ::1:47240 - "OPTIONS /api/v1/organizations/37731951-d3e7-4c68-a07c-3a7f388a26c4 HTTP/1.1" 200 OK
INFO:     ::1:47254 - "OPTIONS /api/v1/organizations/c9bb8483-61ae-4eba-ad1e-aee64aeecf0a HTTP/1.1" 200 OK
INFO:     ::1:47254 - "OPTIONS /api/v1/organizations/1f68327f-4127-4f50-bc2c-8200c074eb7c HTTP/1.1" 200 OK
INFO:     ::1:47240 - "OPTIONS /api/v1/organizations/944de5c5-6695-4cb0-9d0c-08e126c8ab50 HTTP/1.1" 200 OK
INFO:     ::1:47240 - "OPTIONS /api/v1/organizations/5fc96f51-442b-45eb-b863-d9474c6c5f45 HTTP/1.1" 200 OK
INFO:     ::1:47234 - "GET /api/v1/organizations/392c6849-a5e1-421e-9ee5-dbed1325569e HTTP/1.1" 200 OK
INFO:     ::1:47250 - "GET /api/v1/organizations/542c4734-3cf1-4f3b-9ef9-aa4df25fe277 HTTP/1.1" 200 OK
INFO:     ::1:47220 - "GET /api/v1/organizations/92218886-a126-4e91-81d9-491b8c500b27 HTTP/1.1" 200 OK
INFO:     ::1:47242 - "GET /api/v1/organizations/ef0231e5-16fe-4130-bbe0-b07d8c45ca7e HTTP/1.1" 200 OK
INFO:     ::1:47250 - "GET /api/v1/organizations/c9bb8483-61ae-4eba-ad1e-aee64aeecf0a HTTP/1.1" 200 OK
INFO:     ::1:47220 - "GET /api/v1/organizations/37731951-d3e7-4c68-a07c-3a7f388a26c4 HTTP/1.1" 200 OK
INFO:     ::1:47234 - "GET /api/v1/organizations/080c5845-bf03-40b1-bbba-00ceca9b034e HTTP/1.1" 200 OK
INFO:     ::1:47240 - "GET /api/v1/organizations/0f5342d9-1c5a-4859-8bd7-2eba5130c277 HTTP/1.1" 200 OK
INFO:     ::1:47254 - "GET /api/v1/organizations/159452bf-2e3f-4409-9fba-a015446e84c5 HTTP/1.1" 200 OK
INFO:     ::1:47242 - "GET /api/v1/organizations/1f68327f-4127-4f50-bc2c-8200c074eb7c HTTP/1.1" 200 OK
INFO:     ::1:47220 - "GET /api/v1/organizations/5fc96f51-442b-45eb-b863-d9474c6c5f45 HTTP/1.1" 200 OK
INFO:     ::1:47250 - "GET /api/v1/organizations/944de5c5-6695-4cb0-9d0c-08e126c8ab50 HTTP/1.1" 200 OK
INFO:     ::1:47250 - "GET /api/v1/contacts?skip=0&limit=50 HTTP/1.1" 200 OK
INFO:     ::1:47254 - "GET /api/v1/organizations/a2ad39b3-403a-487a-9518-4948ccd7ae7c HTTP/1.1" 200 OK
INFO:     ::1:47234 - "GET /api/v1/organizations/392c6849-a5e1-421e-9ee5-dbed1325569e HTTP/1.1" 200 OK
INFO:     ::1:47250 - "GET /api/v1/organizations/159452bf-2e3f-4409-9fba-a015446e84c5 HTTP/1.1" 200 OK
INFO:     ::1:47240 - "GET /api/v1/organizations/92218886-a126-4e91-81d9-491b8c500b27 HTTP/1.1" 200 OK
INFO:     ::1:47242 - "GET /api/v1/organizations/542c4734-3cf1-4f3b-9ef9-aa4df25fe277 HTTP/1.1" 200 OK
INFO:     ::1:47220 - "GET /api/v1/organizations/ef0231e5-16fe-4130-bbe0-b07d8c45ca7e HTTP/1.1" 200 OK
INFO:     ::1:47234 - "GET /api/v1/organizations/26fe8e6d-1d58-4107-8a0c-27aa43be1927 HTTP/1.1" 200 OK
INFO:     ::1:54462 - "OPTIONS /api/v1/auth/login HTTP/1.1" 200 OK
INFO:     ::1:54462 - "POST /api/v1/auth/login HTTP/1.1" 200 OK
INFO:     ::1:54462 - "GET /api/v1/auth/me HTTP/1.1" 200 OK
INFO:     ::1:54462 - "GET /api/v1/auth/me HTTP/1.1" 200 OK
INFO:     ::1:54478 - "GET /api/v1/bcc/organizations HTTP/1.1" 200 OK
INFO:     ::1:54500 - "GET /api/v1/opportunities?skip=0&limit=1 HTTP/1.1" 200 OK
INFO:     ::1:54494 - "GET /api/v1/contacts?skip=0&limit=1 HTTP/1.1" 200 OK
INFO:     ::1:54490 - "GET /api/v1/organizations?skip=0&limit=1 HTTP/1.1" 200 OK
INFO:     ::1:54508 - "GET /api/v1/quotes?skip=0&limit=1 HTTP/1.1" 200 OK
INFO:     ::1:54462 - "GET /api/v1/activities?skip=0&limit=1 HTTP/1.1" 200 OK
INFO:     ::1:54462 - "GET /api/v1/organizations?skip=0&limit=50 HTTP/1.1" 200 OK
INFO:     ::1:54462 - "GET /api/v1/contacts?skip=0&limit=50 HTTP/1.1" 200 OK
INFO:     ::1:54462 - "GET /api/v1/organizations/159452bf-2e3f-4409-9fba-a015446e84c5 HTTP/1.1" 200 OK
INFO:     ::1:54500 - "GET /api/v1/organizations/392c6849-a5e1-421e-9ee5-dbed1325569e HTTP/1.1" 200 OK
INFO:     ::1:54494 - "GET /api/v1/organizations/ef0231e5-16fe-4130-bbe0-b07d8c45ca7e HTTP/1.1" 200 OK
INFO:     ::1:54490 - "GET /api/v1/organizations/542c4734-3cf1-4f3b-9ef9-aa4df25fe277 HTTP/1.1" 200 OK
INFO:     ::1:54478 - "GET /api/v1/organizations/a2ad39b3-403a-487a-9518-4948ccd7ae7c HTTP/1.1" 200 OK
INFO:     ::1:54508 - "GET /api/v1/organizations/92218886-a126-4e91-81d9-491b8c500b27 HTTP/1.1" 200 OK
INFO:     ::1:54462 - "GET /api/v1/organizations/26fe8e6d-1d58-4107-8a0c-27aa43be1927 HTTP/1.1" 200 OK
INFO:     ::1:50286 - "OPTIONS /api/v1/auth/login HTTP/1.1" 200 OK
INFO:     ::1:50300 - "POST /api/v1/auth/login HTTP/1.1" 200 OK
INFO:     ::1:50300 - "OPTIONS /api/v1/auth/me HTTP/1.1" 200 OK
INFO:     ::1:50286 - "GET /api/v1/auth/me HTTP/1.1" 200 OK
INFO:     ::1:50300 - "OPTIONS /api/v1/bcc/organizations HTTP/1.1" 200 OK
INFO:     ::1:50300 - "OPTIONS /api/v1/organizations?skip=0&limit=1 HTTP/1.1" 200 OK
INFO:     ::1:50318 - "OPTIONS /api/v1/contacts?skip=0&limit=1 HTTP/1.1" 200 OK
INFO:     ::1:50322 - "OPTIONS /api/v1/opportunities?skip=0&limit=1 HTTP/1.1" 200 OK
INFO:     ::1:50334 - "OPTIONS /api/v1/quotes?skip=0&limit=1 HTTP/1.1" 200 OK
INFO:     ::1:50286 - "GET /api/v1/auth/me HTTP/1.1" 200 OK
INFO:     ::1:50318 - "OPTIONS /api/v1/activities?skip=0&limit=1 HTTP/1.1" 200 OK
INFO:     ::1:50312 - "GET /api/v1/bcc/organizations HTTP/1.1" 200 OK
INFO:     ::1:50334 - "GET /api/v1/opportunities?skip=0&limit=1 HTTP/1.1" 200 OK
INFO:     ::1:50322 - "GET /api/v1/organizations?skip=0&limit=1 HTTP/1.1" 200 OK
INFO:     ::1:50300 - "GET /api/v1/contacts?skip=0&limit=1 HTTP/1.1" 200 OK
INFO:     ::1:50318 - "GET /api/v1/activities?skip=0&limit=1 HTTP/1.1" 200 OK
INFO:     ::1:50286 - "GET /api/v1/quotes?skip=0&limit=1 HTTP/1.1" 200 OK
INFO:     ::1:50286 - "OPTIONS /api/v1/organizations?skip=0&limit=50 HTTP/1.1" 200 OK
INFO:     ::1:50300 - "GET /api/v1/organizations?skip=0&limit=50 HTTP/1.1" 200 OK
INFO:     ::1:50300 - "OPTIONS /api/v1/organizations/542c4734-3cf1-4f3b-9ef9-aa4df25fe277 HTTP/1.1" 200 OK
INFO:     ::1:50286 - "GET /api/v1/organizations/542c4734-3cf1-4f3b-9ef9-aa4df25fe277 HTTP/1.1" 200 OK
INFO:     ::1:50286 - "OPTIONS /api/v1/contacts?skip=0&limit=10&organization_id=542c4734-3cf1-4f3b-9ef9-aa4df25fe277 HTTP/1.1" 200 OK
INFO:     ::1:50300 - "OPTIONS /api/v1/opportunities?skip=0&limit=10&organization_id=542c4734-3cf1-4f3b-9ef9-aa4df25fe277 HTTP/1.1" 200 OK
INFO:     ::1:50286 - "OPTIONS /api/v1/activities?skip=0&limit=10&organization_id=542c4734-3cf1-4f3b-9ef9-aa4df25fe277 HTTP/1.1" 200 OK
INFO:     ::1:43984 - "GET /api/v1/opportunities?skip=0&limit=10&organization_id=542c4734-3cf1-4f3b-9ef9-aa4df25fe277 HTTP/1.1" 200 OK
INFO:     ::1:43982 - "GET /api/v1/contacts?skip=0&limit=10&organization_id=542c4734-3cf1-4f3b-9ef9-aa4df25fe277 HTTP/1.1" 200 OK
INFO:     ::1:50300 - "GET /api/v1/activities?skip=0&limit=10&organization_id=542c4734-3cf1-4f3b-9ef9-aa4df25fe277 HTTP/1.1" 200 OK
INFO:     ::1:50300 - "OPTIONS /api/v1/contacts?skip=0&limit=50 HTTP/1.1" 200 OK
INFO:     ::1:43982 - "GET /api/v1/contacts?skip=0&limit=50 HTTP/1.1" 200 OK
INFO:     ::1:43982 - "OPTIONS /api/v1/organizations/159452bf-2e3f-4409-9fba-a015446e84c5 HTTP/1.1" 200 OK
INFO:     ::1:50300 - "OPTIONS /api/v1/organizations/ef0231e5-16fe-4130-bbe0-b07d8c45ca7e HTTP/1.1" 200 OK
INFO:     ::1:43982 - "OPTIONS /api/v1/organizations/92218886-a126-4e91-81d9-491b8c500b27 HTTP/1.1" 200 OK
INFO:     ::1:50286 - "OPTIONS /api/v1/organizations/a2ad39b3-403a-487a-9518-4948ccd7ae7c HTTP/1.1" 200 OK
INFO:     ::1:43986 - "OPTIONS /api/v1/organizations/392c6849-a5e1-421e-9ee5-dbed1325569e HTTP/1.1" 200 OK
INFO:     ::1:43982 - "OPTIONS /api/v1/organizations/26fe8e6d-1d58-4107-8a0c-27aa43be1927 HTTP/1.1" 200 OK
INFO:     ::1:43984 - "GET /api/v1/organizations/159452bf-2e3f-4409-9fba-a015446e84c5 HTTP/1.1" 200 OK
INFO:     ::1:50300 - "GET /api/v1/organizations/ef0231e5-16fe-4130-bbe0-b07d8c45ca7e HTTP/1.1" 200 OK
INFO:     ::1:43998 - "GET /api/v1/organizations/542c4734-3cf1-4f3b-9ef9-aa4df25fe277 HTTP/1.1" 200 OK
INFO:     ::1:43986 - "GET /api/v1/organizations/a2ad39b3-403a-487a-9518-4948ccd7ae7c HTTP/1.1" 200 OK
INFO:     ::1:50286 - "GET /api/v1/organizations/92218886-a126-4e91-81d9-491b8c500b27 HTTP/1.1" 200 OK
INFO:     ::1:43984 - "GET /api/v1/organizations/26fe8e6d-1d58-4107-8a0c-27aa43be1927 HTTP/1.1" 200 OK
INFO:     ::1:43982 - "GET /api/v1/organizations/392c6849-a5e1-421e-9ee5-dbed1325569e HTTP/1.1" 200 OK
INFO:     ::1:43984 - "OPTIONS /api/v1/contacts/64e3484a-14ec-48a0-8e88-3706edb3cfef HTTP/1.1" 200 OK
INFO:     ::1:43982 - "GET /api/v1/contacts/64e3484a-14ec-48a0-8e88-3706edb3cfef HTTP/1.1" 200 OK
INFO:     ::1:43982 - "OPTIONS /api/v1/activities?skip=0&limit=50&contact_id=64e3484a-14ec-48a0-8e88-3706edb3cfef HTTP/1.1" 200 OK
INFO:     ::1:43984 - "GET /api/v1/activities?skip=0&limit=50&contact_id=64e3484a-14ec-48a0-8e88-3706edb3cfef HTTP/1.1" 200 OK
INFO:     ::1:43984 - "GET /api/v1/organizations/542c4734-3cf1-4f3b-9ef9-aa4df25fe277 HTTP/1.1" 200 OK
INFO:     ::1:43984 - "OPTIONS /api/v1/activities?skip=0&limit=100 HTTP/1.1" 200 OK
INFO:     ::1:43982 - "GET /api/v1/activities?skip=0&limit=100 HTTP/1.1" 200 OK
INFO:     ::1:43982 - "GET /api/v1/auth/me HTTP/1.1" 200 OK
INFO:     ::1:43982 - "GET /api/v1/organizations/542c4734-3cf1-4f3b-9ef9-aa4df25fe277 HTTP/1.1" 200 OK
INFO:     ::1:45176 - "POST /api/v1/auth/login HTTP/1.1" 200 OK
INFO:     ::1:45176 - "OPTIONS /api/v1/auth/me HTTP/1.1" 200 OK
INFO:     ::1:45176 - "GET /api/v1/auth/me HTTP/1.1" 200 OK
INFO:     ::1:45176 - "OPTIONS /api/v1/bcc/organizations HTTP/1.1" 200 OK
INFO:     ::1:45182 - "OPTIONS /api/v1/organizations?skip=0&limit=1 HTTP/1.1" 200 OK
INFO:     ::1:45188 - "OPTIONS /api/v1/contacts?skip=0&limit=1 HTTP/1.1" 200 OK
INFO:     ::1:45190 - "OPTIONS /api/v1/opportunities?skip=0&limit=1 HTTP/1.1" 200 OK
INFO:     ::1:45202 - "OPTIONS /api/v1/quotes?skip=0&limit=1 HTTP/1.1" 200 OK
INFO:     ::1:45212 - "OPTIONS /api/v1/activities?skip=0&limit=1 HTTP/1.1" 200 OK
INFO:     ::1:45202 - "GET /api/v1/bcc/organizations HTTP/1.1" 200 OK
INFO:     ::1:45176 - "GET /api/v1/auth/me HTTP/1.1" 200 OK
INFO:     ::1:45212 - "GET /api/v1/organizations?skip=0&limit=1 HTTP/1.1" 200 OK
INFO:     ::1:45188 - "GET /api/v1/opportunities?skip=0&limit=1 HTTP/1.1" 200 OK
INFO:     ::1:45182 - "GET /api/v1/activities?skip=0&limit=1 HTTP/1.1" 200 OK
INFO:     ::1:45190 - "GET /api/v1/contacts?skip=0&limit=1 HTTP/1.1" 200 OK
INFO:     ::1:45202 - "GET /api/v1/quotes?skip=0&limit=1 HTTP/1.1" 200 OK
INFO:     ::1:45202 - "OPTIONS /api/v1/contacts?skip=0&limit=50 HTTP/1.1" 200 OK
INFO:     ::1:45202 - "GET /api/v1/contacts?skip=0&limit=50 HTTP/1.1" 200 OK
INFO:     ::1:45202 - "OPTIONS /api/v1/organizations/159452bf-2e3f-4409-9fba-a015446e84c5 HTTP/1.1" 200 OK
INFO:     ::1:45212 - "OPTIONS /api/v1/organizations/ef0231e5-16fe-4130-bbe0-b07d8c45ca7e HTTP/1.1" 200 OK
INFO:     ::1:45190 - "OPTIONS /api/v1/organizations/542c4734-3cf1-4f3b-9ef9-aa4df25fe277 HTTP/1.1" 200 OK
INFO:     ::1:45188 - "OPTIONS /api/v1/organizations/92218886-a126-4e91-81d9-491b8c500b27 HTTP/1.1" 200 OK
INFO:     ::1:45182 - "OPTIONS /api/v1/organizations/a2ad39b3-403a-487a-9518-4948ccd7ae7c HTTP/1.1" 200 OK
INFO:     ::1:45190 - "OPTIONS /api/v1/organizations/392c6849-a5e1-421e-9ee5-dbed1325569e HTTP/1.1" 200 OK
INFO:     ::1:45188 - "OPTIONS /api/v1/organizations/26fe8e6d-1d58-4107-8a0c-27aa43be1927 HTTP/1.1" 200 OK
INFO:     ::1:45212 - "GET /api/v1/organizations/159452bf-2e3f-4409-9fba-a015446e84c5 HTTP/1.1" 200 OK
INFO:     ::1:45202 - "GET /api/v1/organizations/542c4734-3cf1-4f3b-9ef9-aa4df25fe277 HTTP/1.1" 200 OK
INFO:     ::1:45182 - "GET /api/v1/organizations/ef0231e5-16fe-4130-bbe0-b07d8c45ca7e HTTP/1.1" 200 OK
INFO:     ::1:45176 - "GET /api/v1/organizations/92218886-a126-4e91-81d9-491b8c500b27 HTTP/1.1" 200 OK
INFO:     ::1:45188 - "GET /api/v1/organizations/392c6849-a5e1-421e-9ee5-dbed1325569e HTTP/1.1" 200 OK
INFO:     ::1:45190 - "GET /api/v1/organizations/a2ad39b3-403a-487a-9518-4948ccd7ae7c HTTP/1.1" 200 OK
INFO:     ::1:45212 - "GET /api/v1/organizations/26fe8e6d-1d58-4107-8a0c-27aa43be1927 HTTP/1.1" 200 OK
INFO:     ::1:45212 - "GET /api/v1/contacts/64e3484a-14ec-48a0-8e88-3706edb3cfef HTTP/1.1" 200 OK
INFO:     ::1:45212 - "GET /api/v1/activities?skip=0&limit=50&contact_id=64e3484a-14ec-48a0-8e88-3706edb3cfef HTTP/1.1" 200 OK
INFO:     ::1:39570 - "OPTIONS /api/v1/auth/login HTTP/1.1" 200 OK
INFO:     ::1:39576 - "POST /api/v1/auth/login HTTP/1.1" 200 OK
INFO:     ::1:39576 - "OPTIONS /api/v1/auth/me HTTP/1.1" 200 OK
INFO:     ::1:39570 - "GET /api/v1/auth/me HTTP/1.1" 200 OK
INFO:     ::1:39576 - "OPTIONS /api/v1/bcc/organizations HTTP/1.1" 200 OK
INFO:     ::1:39576 - "OPTIONS /api/v1/organizations?skip=0&limit=1 HTTP/1.1" 200 OK
INFO:     ::1:39584 - "OPTIONS /api/v1/contacts?skip=0&limit=1 HTTP/1.1" 200 OK
INFO:     ::1:39596 - "OPTIONS /api/v1/opportunities?skip=0&limit=1 HTTP/1.1" 200 OK
INFO:     ::1:39606 - "OPTIONS /api/v1/quotes?skip=0&limit=1 HTTP/1.1" 200 OK
INFO:     ::1:39570 - "GET /api/v1/auth/me HTTP/1.1" 200 OK
INFO:     ::1:39584 - "OPTIONS /api/v1/activities?skip=0&limit=1 HTTP/1.1" 200 OK
INFO:     ::1:39578 - "GET /api/v1/bcc/organizations HTTP/1.1" 200 OK
INFO:     ::1:39596 - "GET /api/v1/contacts?skip=0&limit=1 HTTP/1.1" 200 OK
INFO:     ::1:39584 - "GET /api/v1/activities?skip=0&limit=1 HTTP/1.1" 200 OK
INFO:     ::1:39570 - "GET /api/v1/quotes?skip=0&limit=1 HTTP/1.1" 200 OK
INFO:     ::1:39576 - "GET /api/v1/opportunities?skip=0&limit=1 HTTP/1.1" 200 OK
INFO:     ::1:39606 - "GET /api/v1/organizations?skip=0&limit=1 HTTP/1.1" 200 OK
INFO:     ::1:39606 - "OPTIONS /api/v1/organizations?skip=0&limit=50 HTTP/1.1" 200 OK
INFO:     ::1:39576 - "GET /api/v1/organizations?skip=0&limit=50 HTTP/1.1" 200 OK
INFO:     ::1:39576 - "OPTIONS /api/v1/organizations/542c4734-3cf1-4f3b-9ef9-aa4df25fe277 HTTP/1.1" 200 OK
INFO:     ::1:39606 - "GET /api/v1/organizations/542c4734-3cf1-4f3b-9ef9-aa4df25fe277 HTTP/1.1" 200 OK
INFO:     ::1:39606 - "OPTIONS /api/v1/contacts?skip=0&limit=10&organization_id=542c4734-3cf1-4f3b-9ef9-aa4df25fe277 HTTP/1.1" 200 OK
INFO:     ::1:39576 - "OPTIONS /api/v1/opportunities?skip=0&limit=10&organization_id=542c4734-3cf1-4f3b-9ef9-aa4df25fe277 HTTP/1.1" 200 OK
INFO:     ::1:58442 - "OPTIONS /api/v1/activities?skip=0&limit=10&organization_id=542c4734-3cf1-4f3b-9ef9-aa4df25fe277 HTTP/1.1" 200 OK
INFO:     ::1:58458 - "GET /api/v1/contacts?skip=0&limit=10&organization_id=542c4734-3cf1-4f3b-9ef9-aa4df25fe277 HTTP/1.1" 200 OK
INFO:     ::1:39606 - "GET /api/v1/opportunities?skip=0&limit=10&organization_id=542c4734-3cf1-4f3b-9ef9-aa4df25fe277 HTTP/1.1" 200 OK
INFO:     ::1:39576 - "GET /api/v1/activities?skip=0&limit=10&organization_id=542c4734-3cf1-4f3b-9ef9-aa4df25fe277 HTTP/1.1" 200 OK
INFO:     ::1:39576 - "OPTIONS /api/v1/contacts?skip=0&limit=50 HTTP/1.1" 200 OK
INFO:     ::1:39606 - "GET /api/v1/contacts?skip=0&limit=50 HTTP/1.1" 200 OK
INFO:     ::1:39606 - "OPTIONS /api/v1/organizations/159452bf-2e3f-4409-9fba-a015446e84c5 HTTP/1.1" 200 OK
INFO:     ::1:39576 - "OPTIONS /api/v1/organizations/ef0231e5-16fe-4130-bbe0-b07d8c45ca7e HTTP/1.1" 200 OK
INFO:     ::1:58442 - "OPTIONS /api/v1/organizations/92218886-a126-4e91-81d9-491b8c500b27 HTTP/1.1" 200 OK
INFO:     ::1:39606 - "OPTIONS /api/v1/organizations/a2ad39b3-403a-487a-9518-4948ccd7ae7c HTTP/1.1" 200 OK
INFO:     ::1:58464 - "OPTIONS /api/v1/organizations/392c6849-a5e1-421e-9ee5-dbed1325569e HTTP/1.1" 200 OK
INFO:     ::1:58466 - "OPTIONS /api/v1/organizations/26fe8e6d-1d58-4107-8a0c-27aa43be1927 HTTP/1.1" 200 OK
INFO:     ::1:58458 - "GET /api/v1/organizations/159452bf-2e3f-4409-9fba-a015446e84c5 HTTP/1.1" 200 OK
INFO:     ::1:58442 - "GET /api/v1/organizations/ef0231e5-16fe-4130-bbe0-b07d8c45ca7e HTTP/1.1" 200 OK
INFO:     ::1:39606 - "GET /api/v1/organizations/92218886-a126-4e91-81d9-491b8c500b27 HTTP/1.1" 200 OK
INFO:     ::1:58464 - "GET /api/v1/organizations/a2ad39b3-403a-487a-9518-4948ccd7ae7c HTTP/1.1" 200 OK
INFO:     ::1:39576 - "GET /api/v1/organizations/542c4734-3cf1-4f3b-9ef9-aa4df25fe277 HTTP/1.1" 200 OK
INFO:     ::1:58466 - "GET /api/v1/organizations/392c6849-a5e1-421e-9ee5-dbed1325569e HTTP/1.1" 200 OK
INFO:     ::1:58458 - "GET /api/v1/organizations/26fe8e6d-1d58-4107-8a0c-27aa43be1927 HTTP/1.1" 200 OK
INFO:     ::1:58458 - "OPTIONS /api/v1/contacts/64e3484a-14ec-48a0-8e88-3706edb3cfef HTTP/1.1" 200 OK
INFO:     ::1:58466 - "GET /api/v1/contacts/64e3484a-14ec-48a0-8e88-3706edb3cfef HTTP/1.1" 200 OK
INFO:     ::1:58466 - "OPTIONS /api/v1/activities?skip=0&limit=50&contact_id=64e3484a-14ec-48a0-8e88-3706edb3cfef HTTP/1.1" 200 OK
INFO:     ::1:58458 - "GET /api/v1/activities?skip=0&limit=50&contact_id=64e3484a-14ec-48a0-8e88-3706edb3cfef HTTP/1.1" 200 OK
INFO:     ::1:58458 - "GET /api/v1/organizations/542c4734-3cf1-4f3b-9ef9-aa4df25fe277 HTTP/1.1" 200 OK
INFO:     ::1:58458 - "GET /api/v1/organizations/542c4734-3cf1-4f3b-9ef9-aa4df25fe277 HTTP/1.1" 200 OK
INFO:     ::1:58458 - "OPTIONS /api/v1/activities?skip=0&limit=100 HTTP/1.1" 200 OK
INFO:     ::1:34534 - "GET /api/v1/activities?skip=0&limit=100 HTTP/1.1" 200 OK
INFO:     ::1:34534 - "GET /api/v1/auth/me HTTP/1.1" 200 OK
INFO:     ::1:46150 - "POST /api/v1/auth/login HTTP/1.1" 200 OK
INFO:     ::1:46150 - "GET /api/v1/auth/me HTTP/1.1" 200 OK
INFO:     ::1:46224 - "GET /api/v1/quotes?skip=0&limit=1 HTTP/1.1" 200 OK
INFO:     ::1:46194 - "GET /api/v1/contacts?skip=0&limit=1 HTTP/1.1" 200 OK
INFO:     ::1:46208 - "GET /api/v1/opportunities?skip=0&limit=1 HTTP/1.1" 200 OK
INFO:     ::1:46150 - "GET /api/v1/auth/me HTTP/1.1" 200 OK
INFO:     ::1:46182 - "GET /api/v1/organizations?skip=0&limit=1 HTTP/1.1" 200 OK
INFO:     ::1:46166 - "GET /api/v1/bcc/organizations HTTP/1.1" 200 OK
INFO:     ::1:46224 - "GET /api/v1/activities?skip=0&limit=1 HTTP/1.1" 200 OK
INFO:     ::1:46224 - "GET /api/v1/contacts?skip=0&limit=50 HTTP/1.1" 200 OK
INFO:     ::1:46208 - "GET /api/v1/organizations/a2ad39b3-403a-487a-9518-4948ccd7ae7c HTTP/1.1" 200 OK
INFO:     ::1:46182 - "GET /api/v1/organizations/ef0231e5-16fe-4130-bbe0-b07d8c45ca7e HTTP/1.1" 200 OK
INFO:     ::1:46150 - "GET /api/v1/organizations/92218886-a126-4e91-81d9-491b8c500b27 HTTP/1.1" 200 OK
INFO:     ::1:46224 - "GET /api/v1/organizations/159452bf-2e3f-4409-9fba-a015446e84c5 HTTP/1.1" 200 OK
INFO:     ::1:46194 - "GET /api/v1/organizations/392c6849-a5e1-421e-9ee5-dbed1325569e HTTP/1.1" 200 OK
INFO:     ::1:46166 - "GET /api/v1/organizations/542c4734-3cf1-4f3b-9ef9-aa4df25fe277 HTTP/1.1" 200 OK
INFO:     ::1:46208 - "GET /api/v1/organizations/26fe8e6d-1d58-4107-8a0c-27aa43be1927 HTTP/1.1" 200 OK
INFO:     ::1:46208 - "GET /api/v1/contacts/64e3484a-14ec-48a0-8e88-3706edb3cfef HTTP/1.1" 200 OK
INFO:     ::1:46208 - "GET /api/v1/activities?skip=0&limit=50&contact_id=64e3484a-14ec-48a0-8e88-3706edb3cfef HTTP/1.1" 200 OK
INFO:     ::1:55530 - "OPTIONS /api/v1/organizations?skip=0&limit=1 HTTP/1.1" 200 OK
INFO:     ::1:55542 - "OPTIONS /api/v1/contacts?skip=0&limit=1 HTTP/1.1" 200 OK
INFO:     ::1:55552 - "OPTIONS /api/v1/opportunities?skip=0&limit=1 HTTP/1.1" 200 OK
INFO:     ::1:55568 - "OPTIONS /api/v1/quotes?skip=0&limit=1 HTTP/1.1" 200 OK
INFO:     ::1:55572 - "OPTIONS /api/v1/activities?skip=0&limit=1 HTTP/1.1" 200 OK
INFO:     ::1:55530 - "GET /api/v1/organizations?skip=0&limit=1 HTTP/1.1" 200 OK
INFO:     ::1:55542 - "GET /api/v1/opportunities?skip=0&limit=1 HTTP/1.1" 200 OK
INFO:     ::1:55568 - "GET /api/v1/activities?skip=0&limit=1 HTTP/1.1" 200 OK
INFO:     ::1:55572 - "GET /api/v1/quotes?skip=0&limit=1 HTTP/1.1" 200 OK
INFO:     ::1:55552 - "GET /api/v1/contacts?skip=0&limit=1 HTTP/1.1" 200 OK
WARNING:  WatchFiles detected changes in 'app/agents/bob_chat_agent.py', 'app/presentation/routes/bob_settings_routes.py', 'app/agents/nodes/extraction_node.py', 'app/presentation/routes/voice_routes.py', 'app/presentation/routes/bob_routes.py', 'app/domain/entities/usage_transaction.py', 'app/middleware/rate_limiter.py', 'app/agents/llm_client.py', 'main.py', 'app/agents/intent_classifier.py', 'tests/conftest.py', 'app/presentation/routes/kb_routes.py', 'alembic/versions/a1b2c3d4e5f6_bcc_cognitive_fields.py', 'app/rag/__init__.py', 'tests/eval/test_rag_quality.py', 'app/agents/nodes/scraper_node.py', 'app/agents/workflow_runner.py', 'app/infrastructure/seed_rate_cards.py', 'app/rag/embedder.py', 'tests/eval/__init__.py', 'app/agents/tool_executor.py', 'app/domain/entities/bcc_entities.py', 'tests/test_enrichment_graph.py', 'app/agents/deep_agent_graph.py', 'app/rag/indexer.py', 'app/agents/generated/__init__.py', 'app/infrastructure/seed_bcc_cognitive.py', 'app/agents/bob_orchestrator.py', 'tests/test_voice_pipeline.py', 'app/agents/rag_graph.py', 'app/agents/bob_tools.py', 'app/presentation/schemas/bcc_schemas.py', 'app/domain/entities/enrichment_run.py', 'app/agents/deep_llm_client.py', 'app/presentation/schemas/enrichment_schemas.py', 'app/voice/bob_voice_pipeline.py', 'app/presentation/routes/enrichment_routes.py', 'app/middleware/metrics.py', 'app/rag/chunker.py', 'tests/test_bob_settings_applied.py', 'app/agents/workflow_engine.py', 'app/rag/retriever.py', 'app/config.py', 'app/presentation/routes/bcc_routes.py', 'app/voice/dashscope_tts.py', 'app/infrastructure/session_store.py', 'app/infrastructure/persistence/kb_repository.py', 'app/infrastructure/provider_resilience.py', 'app/rag/models.py', 'tests/test_voice_routes.py', 'app/middleware/usage_tracker.py', 'app/middleware/cost_tracker.py', 'app/application/use_cases/enrich_organization.py', 'app/voice/voice_session.py'. Reloading...
INFO:     Shutting down
INFO:     Waiting for application shutdown.
2026-03-10 00:31:43 [info     ] api_shutdown
INFO:     Application shutdown complete.
INFO:     Finished server process [461170]
INFO:     Started server process [545448]
INFO:     Waiting for application startup.
2026-03-10 00:31:44 [info     ] database_tables_created
2026-03-10 00:31:44 [info     ] admin_exists                   email=admin@croo.digital
2026-03-10 00:31:44 [info     ] capabilities_already_seeded    count=45
2026-03-10 00:31:45 [info     ] workflows_already_seeded       tenant=default
2026-03-10 00:31:45 [info     ] workflows_already_seeded       tenant=default
2026-03-10 00:31:45 [info     ] bcc_seed_already_exists        org='The Croo Group'
2026-03-10 00:31:45 [info     ] bcc_cognitive_already_seeded   domain_count=9
2026-03-10 00:31:45 [info     ] permissions_seeded             count=35
2026-03-10 00:31:45 [info     ] roles_seeded                   tenant_id=default
2026-03-10 00:31:45 [info     ] bcc_cognitive_already_seeded   domain_count=9
2026-03-10 00:31:45 [info     ] bcc_cognitive_already_seeded   domain_count=8
2026-03-10 00:31:45 [info     ] bcc_cognitive_already_seeded   domain_count=8
2026-03-10 00:31:45 [info     ] rate_cards_cleared             old_count=10
2026-03-10 00:31:45 [info     ] rate_cards_seeded              count=10
2026-03-10 00:31:45 [info     ] api_started                    environment=development
INFO:     Application startup complete.
WARNING:  WatchFiles detected changes in 'app/config.py'. Reloading...
INFO:     Shutting down
INFO:     Waiting for application shutdown.
2026-03-10 00:38:25 [info     ] api_shutdown
INFO:     Application shutdown complete.
INFO:     Finished server process [545448]
INFO:     Started server process [559456]
INFO:     Waiting for application startup.
2026-03-10 00:38:27 [info     ] database_tables_created
2026-03-10 00:38:27 [info     ] admin_exists                   email=admin@croo.digital
2026-03-10 00:38:27 [info     ] capabilities_already_seeded    count=45
2026-03-10 00:38:27 [info     ] workflows_already_seeded       tenant=default
2026-03-10 00:38:27 [info     ] workflows_already_seeded       tenant=default
2026-03-10 00:38:27 [info     ] bcc_seed_already_exists        org='The Croo Group'
2026-03-10 00:38:27 [info     ] bcc_cognitive_already_seeded   domain_count=9
2026-03-10 00:38:27 [info     ] permissions_seeded             count=35
2026-03-10 00:38:27 [info     ] roles_seeded                   tenant_id=default
2026-03-10 00:38:27 [info     ] bcc_cognitive_already_seeded   domain_count=9
2026-03-10 00:38:27 [info     ] bcc_cognitive_already_seeded   domain_count=8
2026-03-10 00:38:27 [info     ] bcc_cognitive_already_seeded   domain_count=8
2026-03-10 00:38:27 [info     ] rate_cards_cleared             old_count=10
2026-03-10 00:38:27 [info     ] rate_cards_seeded              count=10
2026-03-10 00:38:27 [info     ] api_started                    environment=development
INFO:     Application startup complete.
WARNING:  WatchFiles detected changes in 'app/agents/state.py'. Reloading...
INFO:     Shutting down
INFO:     Waiting for application shutdown.
2026-03-10 00:38:31 [info     ] api_shutdown
INFO:     Application shutdown complete.
INFO:     Finished server process [559456]
INFO:     Started server process [559733]
INFO:     Waiting for application startup.
2026-03-10 00:38:32 [info     ] database_tables_created
2026-03-10 00:38:32 [info     ] admin_exists                   email=admin@croo.digital
2026-03-10 00:38:32 [info     ] capabilities_already_seeded    count=45
2026-03-10 00:38:32 [info     ] workflows_already_seeded       tenant=default
2026-03-10 00:38:32 [info     ] workflows_already_seeded       tenant=default
2026-03-10 00:38:32 [info     ] bcc_seed_already_exists        org='The Croo Group'
2026-03-10 00:38:32 [info     ] bcc_cognitive_already_seeded   domain_count=9
2026-03-10 00:38:32 [info     ] permissions_seeded             count=35
2026-03-10 00:38:32 [info     ] roles_seeded                   tenant_id=default
2026-03-10 00:38:32 [info     ] bcc_cognitive_already_seeded   domain_count=9
2026-03-10 00:38:32 [info     ] bcc_cognitive_already_seeded   domain_count=8
2026-03-10 00:38:32 [info     ] bcc_cognitive_already_seeded   domain_count=8
2026-03-10 00:38:32 [info     ] rate_cards_cleared             old_count=10
WARNING:  WatchFiles detected changes in 'app/infrastructure/seed_rate_cards.py'. Reloading...
2026-03-10 00:38:32 [info     ] rate_cards_seeded              count=10
2026-03-10 00:38:32 [info     ] api_started                    environment=development
INFO:     Application startup complete.
INFO:     Shutting down
INFO:     Waiting for application shutdown.
2026-03-10 00:38:33 [info     ] api_shutdown
INFO:     Application shutdown complete.
INFO:     Finished server process [559733]
INFO:     Started server process [559870]
INFO:     Waiting for application startup.
2026-03-10 00:38:34 [info     ] database_tables_created
2026-03-10 00:38:34 [info     ] admin_exists                   email=admin@croo.digital
2026-03-10 00:38:34 [info     ] capabilities_already_seeded    count=45
2026-03-10 00:38:34 [info     ] workflows_already_seeded       tenant=default
2026-03-10 00:38:34 [info     ] workflows_already_seeded       tenant=default
2026-03-10 00:38:34 [info     ] bcc_seed_already_exists        org='The Croo Group'
2026-03-10 00:38:34 [info     ] bcc_cognitive_already_seeded   domain_count=9
2026-03-10 00:38:34 [info     ] permissions_seeded             count=35
2026-03-10 00:38:34 [info     ] roles_seeded                   tenant_id=default
2026-03-10 00:38:34 [info     ] bcc_cognitive_already_seeded   domain_count=9
2026-03-10 00:38:34 [info     ] bcc_cognitive_already_seeded   domain_count=8
2026-03-10 00:38:34 [info     ] bcc_cognitive_already_seeded   domain_count=8
2026-03-10 00:38:34 [info     ] rate_cards_cleared             old_count=10
2026-03-10 00:38:34 [info     ] rate_cards_seeded              count=12
2026-03-10 00:38:34 [info     ] api_started                    environment=development
INFO:     Application startup complete.
WARNING:  WatchFiles detected changes in 'app/agents/nodes/hunter_node.py'. Reloading...
INFO:     Shutting down
INFO:     Waiting for application shutdown.
2026-03-10 00:39:17 [info     ] api_shutdown
INFO:     Application shutdown complete.
INFO:     Finished server process [559870]
INFO:     Started server process [561303]
INFO:     Waiting for application startup.
2026-03-10 00:39:19 [info     ] database_tables_created
2026-03-10 00:39:19 [info     ] admin_exists                   email=admin@croo.digital
2026-03-10 00:39:19 [info     ] capabilities_already_seeded    count=45
2026-03-10 00:39:19 [info     ] workflows_already_seeded       tenant=default
2026-03-10 00:39:19 [info     ] workflows_already_seeded       tenant=default
2026-03-10 00:39:19 [info     ] bcc_seed_already_exists        org='The Croo Group'
2026-03-10 00:39:19 [info     ] bcc_cognitive_already_seeded   domain_count=9
2026-03-10 00:39:19 [info     ] permissions_seeded             count=35
2026-03-10 00:39:19 [info     ] roles_seeded                   tenant_id=default
2026-03-10 00:39:20 [info     ] bcc_cognitive_already_seeded   domain_count=9
2026-03-10 00:39:20 [info     ] bcc_cognitive_already_seeded   domain_count=8
2026-03-10 00:39:20 [info     ] bcc_cognitive_already_seeded   domain_count=8
2026-03-10 00:39:20 [info     ] rate_cards_cleared             old_count=12
2026-03-10 00:39:20 [info     ] rate_cards_seeded              count=12
2026-03-10 00:39:20 [info     ] api_started                    environment=development
INFO:     Application startup complete.
WARNING:  WatchFiles detected changes in 'app/agents/enrichment_graph.py'. Reloading...
INFO:     Shutting down
INFO:     Waiting for application shutdown.
2026-03-10 00:39:37 [info     ] api_shutdown
INFO:     Application shutdown complete.
INFO:     Finished server process [561303]
INFO:     Started server process [561936]
INFO:     Waiting for application startup.
2026-03-10 00:39:39 [info     ] database_tables_created
2026-03-10 00:39:39 [info     ] admin_exists                   email=admin@croo.digital
2026-03-10 00:39:39 [info     ] capabilities_already_seeded    count=45
2026-03-10 00:39:39 [info     ] workflows_already_seeded       tenant=default
2026-03-10 00:39:39 [info     ] workflows_already_seeded       tenant=default
2026-03-10 00:39:39 [info     ] bcc_seed_already_exists        org='The Croo Group'
2026-03-10 00:39:39 [info     ] bcc_cognitive_already_seeded   domain_count=9
2026-03-10 00:39:39 [info     ] permissions_seeded             count=35
2026-03-10 00:39:39 [info     ] roles_seeded                   tenant_id=default
2026-03-10 00:39:39 [info     ] bcc_cognitive_already_seeded   domain_count=9
2026-03-10 00:39:39 [info     ] bcc_cognitive_already_seeded   domain_count=8
2026-03-10 00:39:39 [info     ] bcc_cognitive_already_seeded   domain_count=8
2026-03-10 00:39:39 [info     ] rate_cards_cleared             old_count=12
2026-03-10 00:39:39 [info     ] rate_cards_seeded              count=12
2026-03-10 00:39:39 [info     ] api_started                    environment=development
INFO:     Application startup complete.
WARNING:  WatchFiles detected changes in 'app/agents/nodes/extraction_node.py'. Reloading...
INFO:     Shutting down
INFO:     Waiting for application shutdown.
2026-03-10 00:39:54 [info     ] api_shutdown
INFO:     Application shutdown complete.
INFO:     Finished server process [561936]
INFO:     Started server process [562622]
INFO:     Waiting for application startup.
2026-03-10 00:39:56 [info     ] database_tables_created
2026-03-10 00:39:56 [info     ] admin_exists                   email=admin@croo.digital
2026-03-10 00:39:56 [info     ] capabilities_already_seeded    count=45
2026-03-10 00:39:56 [info     ] workflows_already_seeded       tenant=default
2026-03-10 00:39:56 [info     ] workflows_already_seeded       tenant=default
2026-03-10 00:39:56 [info     ] bcc_seed_already_exists        org='The Croo Group'
2026-03-10 00:39:56 [info     ] bcc_cognitive_already_seeded   domain_count=9
2026-03-10 00:39:56 [info     ] permissions_seeded             count=35
2026-03-10 00:39:56 [info     ] roles_seeded                   tenant_id=default
2026-03-10 00:39:56 [info     ] bcc_cognitive_already_seeded   domain_count=9
2026-03-10 00:39:56 [info     ] bcc_cognitive_already_seeded   domain_count=8
2026-03-10 00:39:56 [info     ] bcc_cognitive_already_seeded   domain_count=8
2026-03-10 00:39:56 [info     ] rate_cards_cleared             old_count=12
2026-03-10 00:39:56 [info     ] rate_cards_seeded              count=12
2026-03-10 00:39:56 [info     ] api_started                    environment=development
INFO:     Application startup complete.
WARNING:  WatchFiles detected changes in 'app/application/use_cases/enrich_organization.py'. Reloading...
INFO:     Shutting down
INFO:     Waiting for application shutdown.
2026-03-10 00:40:19 [info     ] api_shutdown
INFO:     Application shutdown complete.
INFO:     Finished server process [562622]
INFO:     Started server process [563710]
INFO:     Waiting for application startup.
2026-03-10 00:40:21 [info     ] database_tables_created
2026-03-10 00:40:21 [info     ] admin_exists                   email=admin@croo.digital
2026-03-10 00:40:21 [info     ] capabilities_already_seeded    count=45
2026-03-10 00:40:21 [info     ] workflows_already_seeded       tenant=default
2026-03-10 00:40:21 [info     ] workflows_already_seeded       tenant=default
2026-03-10 00:40:21 [info     ] bcc_seed_already_exists        org='The Croo Group'
2026-03-10 00:40:21 [info     ] bcc_cognitive_already_seeded   domain_count=9
2026-03-10 00:40:21 [info     ] permissions_seeded             count=35
2026-03-10 00:40:21 [info     ] roles_seeded                   tenant_id=default
2026-03-10 00:40:21 [info     ] bcc_cognitive_already_seeded   domain_count=9
2026-03-10 00:40:22 [info     ] bcc_cognitive_already_seeded   domain_count=8
2026-03-10 00:40:22 [info     ] bcc_cognitive_already_seeded   domain_count=8
2026-03-10 00:40:22 [info     ] rate_cards_cleared             old_count=12
2026-03-10 00:40:22 [info     ] rate_cards_seeded              count=12
2026-03-10 00:40:22 [info     ] api_started                    environment=development
INFO:     Application startup complete.
WARNING:  WatchFiles detected changes in 'tests/test_hunter_node.py'. Reloading...
INFO:     Shutting down
INFO:     Waiting for application shutdown.
2026-03-10 00:41:01 [info     ] api_shutdown
INFO:     Application shutdown complete.
INFO:     Finished server process [563710]
WARNING:  WatchFiles detected changes in 'tests/test_hunter_node.py'. Reloading...
INFO:     Started server process [564961]
INFO:     Waiting for application startup.
2026-03-10 00:41:03 [info     ] database_tables_created
2026-03-10 00:41:03 [info     ] admin_exists                   email=admin@croo.digital
2026-03-10 00:41:03 [info     ] capabilities_already_seeded    count=45
2026-03-10 00:41:03 [info     ] workflows_already_seeded       tenant=default
2026-03-10 00:41:03 [info     ] workflows_already_seeded       tenant=default
2026-03-10 00:41:03 [info     ] bcc_seed_already_exists        org='The Croo Group'
2026-03-10 00:41:03 [info     ] bcc_cognitive_already_seeded   domain_count=9
2026-03-10 00:41:03 [info     ] permissions_seeded             count=35
2026-03-10 00:41:04 [info     ] roles_seeded                   tenant_id=default
2026-03-10 00:41:04 [info     ] bcc_cognitive_already_seeded   domain_count=9
2026-03-10 00:41:04 [info     ] bcc_cognitive_already_seeded   domain_count=8
2026-03-10 00:41:04 [info     ] bcc_cognitive_already_seeded   domain_count=8
2026-03-10 00:41:04 [info     ] rate_cards_cleared             old_count=12
2026-03-10 00:41:04 [info     ] rate_cards_seeded              count=12
2026-03-10 00:41:04 [info     ] api_started                    environment=development
INFO:     Application startup complete.
INFO:     Shutting down
INFO:     Waiting for application shutdown.
2026-03-10 00:41:04 [info     ] api_shutdown
INFO:     Application shutdown complete.
INFO:     Finished server process [564961]
INFO:     Started server process [565051]
INFO:     Waiting for application startup.
2026-03-10 00:41:05 [info     ] database_tables_created
2026-03-10 00:41:05 [info     ] admin_exists                   email=admin@croo.digital
2026-03-10 00:41:05 [info     ] capabilities_already_seeded    count=45
2026-03-10 00:41:05 [info     ] workflows_already_seeded       tenant=default
2026-03-10 00:41:05 [info     ] workflows_already_seeded       tenant=default
2026-03-10 00:41:06 [info     ] bcc_seed_already_exists        org='The Croo Group'
2026-03-10 00:41:06 [info     ] bcc_cognitive_already_seeded   domain_count=9
2026-03-10 00:41:06 [info     ] permissions_seeded             count=35
2026-03-10 00:41:06 [info     ] roles_seeded                   tenant_id=default
2026-03-10 00:41:06 [info     ] bcc_cognitive_already_seeded   domain_count=9
2026-03-10 00:41:06 [info     ] bcc_cognitive_already_seeded   domain_count=8
2026-03-10 00:41:06 [info     ] bcc_cognitive_already_seeded   domain_count=8
2026-03-10 00:41:06 [info     ] rate_cards_cleared             old_count=12
2026-03-10 00:41:06 [info     ] rate_cards_seeded              count=12
2026-03-10 00:41:06 [info     ] api_started                    environment=development
INFO:     Application startup complete.
WARNING:  WatchFiles detected changes in 'tests/test_enrichment_graph.py'. Reloading...
INFO:     Shutting down
INFO:     Waiting for application shutdown.
2026-03-10 00:41:13 [info     ] api_shutdown
INFO:     Application shutdown complete.
INFO:     Finished server process [565051]
INFO:     Started server process [565288]
INFO:     Waiting for application startup.
2026-03-10 00:41:14 [info     ] database_tables_created
2026-03-10 00:41:14 [info     ] admin_exists                   email=admin@croo.digital
2026-03-10 00:41:15 [info     ] capabilities_already_seeded    count=45
2026-03-10 00:41:15 [info     ] workflows_already_seeded       tenant=default
2026-03-10 00:41:15 [info     ] workflows_already_seeded       tenant=default
2026-03-10 00:41:15 [info     ] bcc_seed_already_exists        org='The Croo Group'
2026-03-10 00:41:15 [info     ] bcc_cognitive_already_seeded   domain_count=9
2026-03-10 00:41:15 [info     ] permissions_seeded             count=35
2026-03-10 00:41:15 [info     ] roles_seeded                   tenant_id=default
2026-03-10 00:41:15 [info     ] bcc_cognitive_already_seeded   domain_count=9
2026-03-10 00:41:15 [info     ] bcc_cognitive_already_seeded   domain_count=8
2026-03-10 00:41:15 [info     ] bcc_cognitive_already_seeded   domain_count=8
2026-03-10 00:41:15 [info     ] rate_cards_cleared             old_count=12
2026-03-10 00:41:15 [info     ] rate_cards_seeded              count=12
2026-03-10 00:41:15 [info     ] api_started                    environment=development
INFO:     Application startup complete.
WARNING:  WatchFiles detected changes in 'app/agents/nodes/compound_node.py'. Reloading...
INFO:     Shutting down
INFO:     Waiting for application shutdown.
2026-03-10 01:06:43 [info     ] api_shutdown
INFO:     Application shutdown complete.
INFO:     Finished server process [565288]
WARNING:  WatchFiles detected changes in 'app/agents/nodes/compound_node.py'. Reloading...
INFO:     Started server process [614180]
INFO:     Waiting for application startup.
2026-03-10 01:06:44 [info     ] database_tables_created
2026-03-10 01:06:44 [info     ] admin_exists                   email=admin@croo.digital
2026-03-10 01:06:44 [info     ] capabilities_already_seeded    count=45
2026-03-10 01:06:44 [info     ] workflows_already_seeded       tenant=default
2026-03-10 01:06:44 [info     ] workflows_already_seeded       tenant=default
2026-03-10 01:06:44 [info     ] bcc_seed_already_exists        org='The Croo Group'
2026-03-10 01:06:44 [info     ] bcc_cognitive_already_seeded   domain_count=9
2026-03-10 01:06:44 [info     ] permissions_seeded             count=35
2026-03-10 01:06:44 [info     ] roles_seeded                   tenant_id=default
2026-03-10 01:06:44 [info     ] bcc_cognitive_already_seeded   domain_count=9
2026-03-10 01:06:44 [info     ] bcc_cognitive_already_seeded   domain_count=8
2026-03-10 01:06:44 [info     ] bcc_cognitive_already_seeded   domain_count=8
2026-03-10 01:06:44 [info     ] rate_cards_cleared             old_count=12
2026-03-10 01:06:44 [info     ] rate_cards_seeded              count=12
2026-03-10 01:06:44 [info     ] api_started                    environment=development
INFO:     Application startup complete.
INFO:     Shutting down
INFO:     Waiting for application shutdown.
2026-03-10 01:06:45 [info     ] api_shutdown
INFO:     Application shutdown complete.
INFO:     Finished server process [614180]
INFO:     Started server process [614268]
INFO:     Waiting for application startup.
2026-03-10 01:06:46 [info     ] database_tables_created
2026-03-10 01:06:46 [info     ] admin_exists                   email=admin@croo.digital
2026-03-10 01:06:46 [info     ] capabilities_already_seeded    count=45
2026-03-10 01:06:46 [info     ] workflows_already_seeded       tenant=default
2026-03-10 01:06:46 [info     ] workflows_already_seeded       tenant=default
2026-03-10 01:06:46 [info     ] bcc_seed_already_exists        org='The Croo Group'
2026-03-10 01:06:46 [info     ] bcc_cognitive_already_seeded   domain_count=9
2026-03-10 01:06:47 [info     ] permissions_seeded             count=35
2026-03-10 01:06:47 [info     ] roles_seeded                   tenant_id=default
2026-03-10 01:06:47 [info     ] bcc_cognitive_already_seeded   domain_count=9
2026-03-10 01:06:47 [info     ] bcc_cognitive_already_seeded   domain_count=8
2026-03-10 01:06:47 [info     ] bcc_cognitive_already_seeded   domain_count=8
2026-03-10 01:06:47 [info     ] rate_cards_cleared             old_count=12
2026-03-10 01:06:47 [info     ] rate_cards_seeded              count=12
2026-03-10 01:06:47 [info     ] api_started                    environment=development
INFO:     Application startup complete.
WARNING:  WatchFiles detected changes in 'app/agents/state.py'. Reloading...
INFO:     Shutting down
INFO:     Waiting for application shutdown.
2026-03-10 01:06:58 [info     ] api_shutdown
INFO:     Application shutdown complete.
INFO:     Finished server process [614268]
INFO:     Started server process [614766]
INFO:     Waiting for application startup.
2026-03-10 01:07:00 [info     ] database_tables_created
2026-03-10 01:07:00 [info     ] admin_exists                   email=admin@croo.digital
2026-03-10 01:07:00 [info     ] capabilities_already_seeded    count=45
2026-03-10 01:07:00 [info     ] workflows_already_seeded       tenant=default
2026-03-10 01:07:00 [info     ] workflows_already_seeded       tenant=default
2026-03-10 01:07:00 [info     ] bcc_seed_already_exists        org='The Croo Group'
2026-03-10 01:07:00 [info     ] bcc_cognitive_already_seeded   domain_count=9
2026-03-10 01:07:00 [info     ] permissions_seeded             count=35
2026-03-10 01:07:00 [info     ] roles_seeded                   tenant_id=default
2026-03-10 01:07:00 [info     ] bcc_cognitive_already_seeded   domain_count=9
2026-03-10 01:07:00 [info     ] bcc_cognitive_already_seeded   domain_count=8
2026-03-10 01:07:00 [info     ] bcc_cognitive_already_seeded   domain_count=8
2026-03-10 01:07:00 [info     ] rate_cards_cleared             old_count=12
2026-03-10 01:07:00 [info     ] rate_cards_seeded              count=12
2026-03-10 01:07:00 [info     ] api_started                    environment=development
INFO:     Application startup complete.
WARNING:  WatchFiles detected changes in 'app/agents/enrichment_graph.py'. Reloading...
INFO:     Shutting down
INFO:     Waiting for application shutdown.
2026-03-10 01:07:21 [info     ] api_shutdown
INFO:     Application shutdown complete.
INFO:     Finished server process [614766]
INFO:     Started server process [615378]
INFO:     Waiting for application startup.
2026-03-10 01:07:23 [info     ] database_tables_created
2026-03-10 01:07:23 [info     ] admin_exists                   email=admin@croo.digital
2026-03-10 01:07:23 [info     ] capabilities_already_seeded    count=45
2026-03-10 01:07:23 [info     ] workflows_already_seeded       tenant=default
2026-03-10 01:07:23 [info     ] workflows_already_seeded       tenant=default
2026-03-10 01:07:23 [info     ] bcc_seed_already_exists        org='The Croo Group'
2026-03-10 01:07:23 [info     ] bcc_cognitive_already_seeded   domain_count=9
2026-03-10 01:07:23 [info     ] permissions_seeded             count=35
2026-03-10 01:07:23 [info     ] roles_seeded                   tenant_id=default
2026-03-10 01:07:23 [info     ] bcc_cognitive_already_seeded   domain_count=9
2026-03-10 01:07:23 [info     ] bcc_cognitive_already_seeded   domain_count=8
2026-03-10 01:07:23 [info     ] bcc_cognitive_already_seeded   domain_count=8
2026-03-10 01:07:23 [info     ] rate_cards_cleared             old_count=12
2026-03-10 01:07:23 [info     ] rate_cards_seeded              count=12
2026-03-10 01:07:23 [info     ] api_started                    environment=development
INFO:     Application startup complete.
WARNING:  WatchFiles detected changes in 'app/domain/entities/contact.py'. Reloading...
INFO:     Shutting down
INFO:     Waiting for application shutdown.
2026-03-10 01:07:42 [info     ] api_shutdown
INFO:     Application shutdown complete.
INFO:     Finished server process [615378]
INFO:     Started server process [616083]
INFO:     Waiting for application startup.
2026-03-10 01:07:44 [info     ] database_tables_created
2026-03-10 01:07:44 [info     ] admin_exists                   email=admin@croo.digital
2026-03-10 01:07:44 [info     ] capabilities_already_seeded    count=45
2026-03-10 01:07:44 [info     ] workflows_already_seeded       tenant=default
2026-03-10 01:07:44 [info     ] workflows_already_seeded       tenant=default
2026-03-10 01:07:44 [info     ] bcc_seed_already_exists        org='The Croo Group'
2026-03-10 01:07:44 [info     ] bcc_cognitive_already_seeded   domain_count=9
2026-03-10 01:07:44 [info     ] permissions_seeded             count=35
2026-03-10 01:07:44 [info     ] roles_seeded                   tenant_id=default
2026-03-10 01:07:44 [info     ] bcc_cognitive_already_seeded   domain_count=9
2026-03-10 01:07:44 [info     ] bcc_cognitive_already_seeded   domain_count=8
2026-03-10 01:07:44 [info     ] bcc_cognitive_already_seeded   domain_count=8
2026-03-10 01:07:44 [info     ] rate_cards_cleared             old_count=12
2026-03-10 01:07:44 [info     ] rate_cards_seeded              count=12
2026-03-10 01:07:44 [info     ] api_started                    environment=development
INFO:     Application startup complete.
WARNING:  WatchFiles detected changes in 'app/infrastructure/seed_rate_cards.py'. Reloading...
INFO:     Shutting down
INFO:     Waiting for application shutdown.
2026-03-10 01:07:52 [info     ] api_shutdown
INFO:     Application shutdown complete.
INFO:     Finished server process [616083]
INFO:     Started server process [616513]
INFO:     Waiting for application startup.
2026-03-10 01:07:54 [info     ] database_tables_created
2026-03-10 01:07:54 [info     ] admin_exists                   email=admin@croo.digital
2026-03-10 01:07:54 [info     ] capabilities_already_seeded    count=45
2026-03-10 01:07:54 [info     ] workflows_already_seeded       tenant=default
2026-03-10 01:07:54 [info     ] workflows_already_seeded       tenant=default
2026-03-10 01:07:54 [info     ] bcc_seed_already_exists        org='The Croo Group'
2026-03-10 01:07:54 [info     ] bcc_cognitive_already_seeded   domain_count=9
2026-03-10 01:07:54 [info     ] permissions_seeded             count=35
2026-03-10 01:07:54 [info     ] roles_seeded                   tenant_id=default
2026-03-10 01:07:55 [info     ] bcc_cognitive_already_seeded   domain_count=9
2026-03-10 01:07:55 [info     ] bcc_cognitive_already_seeded   domain_count=8
2026-03-10 01:07:55 [info     ] bcc_cognitive_already_seeded   domain_count=8
2026-03-10 01:07:55 [info     ] rate_cards_cleared             old_count=12
2026-03-10 01:07:55 [info     ] rate_cards_seeded              count=13
2026-03-10 01:07:55 [info     ] api_started                    environment=development
INFO:     Application startup complete.
WARNING:  WatchFiles detected changes in 'app/application/use_cases/enrich_organization.py'. Reloading...
INFO:     Shutting down
INFO:     Waiting for application shutdown.
2026-03-10 01:08:48 [info     ] api_shutdown
INFO:     Application shutdown complete.
INFO:     Finished server process [616513]
INFO:     Started server process [618131]
INFO:     Waiting for application startup.
2026-03-10 01:08:50 [info     ] database_tables_created
2026-03-10 01:08:50 [info     ] admin_exists                   email=admin@croo.digital
2026-03-10 01:08:50 [info     ] capabilities_already_seeded    count=45
2026-03-10 01:08:50 [info     ] workflows_already_seeded       tenant=default
2026-03-10 01:08:50 [info     ] workflows_already_seeded       tenant=default
2026-03-10 01:08:50 [info     ] bcc_seed_already_exists        org='The Croo Group'
2026-03-10 01:08:50 [info     ] bcc_cognitive_already_seeded   domain_count=9
2026-03-10 01:08:50 [info     ] permissions_seeded             count=35
2026-03-10 01:08:51 [info     ] roles_seeded                   tenant_id=default
2026-03-10 01:08:51 [info     ] bcc_cognitive_already_seeded   domain_count=9
2026-03-10 01:08:51 [info     ] bcc_cognitive_already_seeded   domain_count=8
2026-03-10 01:08:51 [info     ] bcc_cognitive_already_seeded   domain_count=8
2026-03-10 01:08:51 [info     ] rate_cards_cleared             old_count=13
2026-03-10 01:08:51 [info     ] rate_cards_seeded              count=13
2026-03-10 01:08:51 [info     ] api_started                    environment=development
INFO:     Application startup complete.
WARNING:  WatchFiles detected changes in 'tests/test_compound_node.py'. Reloading...
INFO:     Shutting down
INFO:     Waiting for application shutdown.
2026-03-10 01:10:48 [info     ] api_shutdown
INFO:     Application shutdown complete.
INFO:     Finished server process [618131]
WARNING:  WatchFiles detected changes in 'tests/test_compound_node.py'. Reloading...
INFO:     Started server process [621943]
INFO:     Waiting for application startup.
2026-03-10 01:10:50 [info     ] database_tables_created
2026-03-10 01:10:50 [info     ] admin_exists                   email=admin@croo.digital
2026-03-10 01:10:50 [info     ] capabilities_already_seeded    count=45
2026-03-10 01:10:50 [info     ] workflows_already_seeded       tenant=default
2026-03-10 01:10:50 [info     ] workflows_already_seeded       tenant=default
2026-03-10 01:10:50 [info     ] bcc_seed_already_exists        org='The Croo Group'
2026-03-10 01:10:50 [info     ] bcc_cognitive_already_seeded   domain_count=9
2026-03-10 01:10:50 [info     ] permissions_seeded             count=35
2026-03-10 01:10:50 [info     ] roles_seeded                   tenant_id=default
2026-03-10 01:10:50 [info     ] bcc_cognitive_already_seeded   domain_count=9
2026-03-10 01:10:50 [info     ] bcc_cognitive_already_seeded   domain_count=8
2026-03-10 01:10:50 [info     ] bcc_cognitive_already_seeded   domain_count=8
2026-03-10 01:10:50 [info     ] rate_cards_cleared             old_count=13
2026-03-10 01:10:50 [info     ] rate_cards_seeded              count=13
2026-03-10 01:10:50 [info     ] api_started                    environment=development
INFO:     Application startup complete.
INFO:     Shutting down
INFO:     Waiting for application shutdown.
2026-03-10 01:10:50 [info     ] api_shutdown
INFO:     Application shutdown complete.
INFO:     Finished server process [621943]
INFO:     Started server process [622009]
INFO:     Waiting for application startup.
2026-03-10 01:10:52 [info     ] database_tables_created
2026-03-10 01:10:52 [info     ] admin_exists                   email=admin@croo.digital
2026-03-10 01:10:52 [info     ] capabilities_already_seeded    count=45
2026-03-10 01:10:52 [info     ] workflows_already_seeded       tenant=default
2026-03-10 01:10:52 [info     ] workflows_already_seeded       tenant=default
2026-03-10 01:10:52 [info     ] bcc_seed_already_exists        org='The Croo Group'
2026-03-10 01:10:52 [info     ] bcc_cognitive_already_seeded   domain_count=9
2026-03-10 01:10:52 [info     ] permissions_seeded             count=35
2026-03-10 01:10:52 [info     ] roles_seeded                   tenant_id=default
2026-03-10 01:10:52 [info     ] bcc_cognitive_already_seeded   domain_count=9
2026-03-10 01:10:52 [info     ] bcc_cognitive_already_seeded   domain_count=8
2026-03-10 01:10:52 [info     ] bcc_cognitive_already_seeded   domain_count=8
2026-03-10 01:10:52 [info     ] rate_cards_cleared             old_count=13
2026-03-10 01:10:52 [info     ] rate_cards_seeded              count=13
2026-03-10 01:10:52 [info     ] api_started                    environment=development
INFO:     Application startup complete.
WARNING:  WatchFiles detected changes in 'tests/test_compound_node.py'. Reloading...
INFO:     Shutting down
INFO:     Waiting for application shutdown.
2026-03-10 01:11:51 [info     ] api_shutdown
INFO:     Application shutdown complete.
INFO:     Finished server process [622009]
INFO:     Started server process [624186]
INFO:     Waiting for application startup.
2026-03-10 01:11:52 [info     ] database_tables_created
2026-03-10 01:11:53 [info     ] admin_exists                   email=admin@croo.digital
2026-03-10 01:11:53 [info     ] capabilities_already_seeded    count=45
2026-03-10 01:11:53 [info     ] workflows_already_seeded       tenant=default
2026-03-10 01:11:53 [info     ] workflows_already_seeded       tenant=default
2026-03-10 01:11:53 [info     ] bcc_seed_already_exists        org='The Croo Group'
2026-03-10 01:11:53 [info     ] bcc_cognitive_already_seeded   domain_count=9
2026-03-10 01:11:53 [info     ] permissions_seeded             count=35
2026-03-10 01:11:53 [info     ] roles_seeded                   tenant_id=default
2026-03-10 01:11:53 [info     ] bcc_cognitive_already_seeded   domain_count=9
2026-03-10 01:11:53 [info     ] bcc_cognitive_already_seeded   domain_count=8
2026-03-10 01:11:53 [info     ] bcc_cognitive_already_seeded   domain_count=8
2026-03-10 01:11:53 [info     ] rate_cards_cleared             old_count=13
2026-03-10 01:11:53 [info     ] rate_cards_seeded              count=13
2026-03-10 01:11:53 [info     ] api_started                    environment=development
INFO:     Application startup complete.
INFO:     ::1:46630 - "OPTIONS /api/v1/auth/login HTTP/1.1" 200 OK
INFO:     ::1:46630 - "POST /api/v1/auth/login HTTP/1.1" 200 OK
INFO:     ::1:46630 - "OPTIONS /api/v1/auth/me HTTP/1.1" 200 OK
INFO:     ::1:46630 - "GET /api/v1/auth/me HTTP/1.1" 200 OK
INFO:     ::1:46644 - "OPTIONS /api/v1/bcc/organizations HTTP/1.1" 200 OK
INFO:     ::1:46656 - "OPTIONS /api/v1/organizations?skip=0&limit=1 HTTP/1.1" 200 OK
INFO:     ::1:46670 - "OPTIONS /api/v1/contacts?skip=0&limit=1 HTTP/1.1" 200 OK
INFO:     ::1:46674 - "OPTIONS /api/v1/opportunities?skip=0&limit=1 HTTP/1.1" 200 OK
INFO:     ::1:46690 - "OPTIONS /api/v1/quotes?skip=0&limit=1 HTTP/1.1" 200 OK
INFO:     ::1:46644 - "OPTIONS /api/v1/activities?skip=0&limit=1 HTTP/1.1" 200 OK
INFO:     ::1:46630 - "GET /api/v1/auth/me HTTP/1.1" 200 OK
INFO:     ::1:46690 - "GET /api/v1/organizations?skip=0&limit=1 HTTP/1.1" 200 OK
INFO:     ::1:46656 - "GET /api/v1/bcc/organizations HTTP/1.1" 200 OK
INFO:     ::1:46644 - "GET /api/v1/quotes?skip=0&limit=1 HTTP/1.1" 200 OK
INFO:     ::1:46670 - "GET /api/v1/opportunities?skip=0&limit=1 HTTP/1.1" 200 OK
INFO:     ::1:46674 - "GET /api/v1/contacts?skip=0&limit=1 HTTP/1.1" 500 Internal Server Error
ERROR:    Exception in ASGI application
Traceback (most recent call last):
  File "/home/alexandre/Dev/Croo Digital Experience/croo-digital-experience-v.2.0/backend/venv/lib/python3.13/site-packages/sqlalchemy/engine/base.py", line 1967, in _exec_single_context
    self.dialect.do_execute(
    ~~~~~~~~~~~~~~~~~~~~~~~^
        cursor, str_statement, effective_parameters, context
        ^^^^^^^^^^^^^^^^^^^^^^^^^^^^^^^^^^^^^^^^^^^^^^^^^^^^
    )
    ^
  File "/home/alexandre/Dev/Croo Digital Experience/croo-digital-experience-v.2.0/backend/venv/lib/python3.13/site-packages/sqlalchemy/engine/default.py", line 952, in do_execute
    cursor.execute(statement, parameters)
    ~~~~~~~~~~~~~~^^^^^^^^^^^^^^^^^^^^^^^
psycopg2.errors.UndefinedColumn: column contacts.seniority does not exist
LINE 1: ...itle, contacts.department AS contacts_department, contacts.s...
                                                             ^


The above exception was the direct cause of the following exception:

Traceback (most recent call last):
  File "/home/alexandre/Dev/Croo Digital Experience/croo-digital-experience-v.2.0/backend/venv/lib/python3.13/site-packages/uvicorn/protocols/http/httptools_impl.py", line 416, in run_asgi
    result = await app(  # type: ignore[func-returns-value]
             ^^^^^^^^^^^^^^^^^^^^^^^^^^^^^^^^^^^^^^^^^^^^^^
        self.scope, self.receive, self.send
        ^^^^^^^^^^^^^^^^^^^^^^^^^^^^^^^^^^^
    )
    ^
  File "/home/alexandre/Dev/Croo Digital Experience/croo-digital-experience-v.2.0/backend/venv/lib/python3.13/site-packages/uvicorn/middleware/proxy_headers.py", line 60, in __call__
    return await self.app(scope, receive, send)
           ^^^^^^^^^^^^^^^^^^^^^^^^^^^^^^^^^^^^
  File "/home/alexandre/Dev/Croo Digital Experience/croo-digital-experience-v.2.0/backend/venv/lib/python3.13/site-packages/fastapi/applications.py", line 1135, in __call__
    await super().__call__(scope, receive, send)
  File "/home/alexandre/Dev/Croo Digital Experience/croo-digital-experience-v.2.0/backend/venv/lib/python3.13/site-packages/starlette/applications.py", line 107, in __call__
    await self.middleware_stack(scope, receive, send)
  File "/home/alexandre/Dev/Croo Digital Experience/croo-digital-experience-v.2.0/backend/venv/lib/python3.13/site-packages/starlette/middleware/errors.py", line 186, in __call__
    raise exc
  File "/home/alexandre/Dev/Croo Digital Experience/croo-digital-experience-v.2.0/backend/venv/lib/python3.13/site-packages/starlette/middleware/errors.py", line 164, in __call__
    await self.app(scope, receive, _send)
  File "/home/alexandre/Dev/Croo Digital Experience/croo-digital-experience-v.2.0/backend/venv/lib/python3.13/site-packages/starlette/middleware/cors.py", line 93, in __call__
    await self.simple_response(scope, receive, send, request_headers=headers)
  File "/home/alexandre/Dev/Croo Digital Experience/croo-digital-experience-v.2.0/backend/venv/lib/python3.13/site-packages/starlette/middleware/cors.py", line 144, in simple_response
    await self.app(scope, receive, send)
  File "/home/alexandre/Dev/Croo Digital Experience/croo-digital-experience-v.2.0/backend/venv/lib/python3.13/site-packages/starlette/middleware/exceptions.py", line 63, in __call__
    await wrap_app_handling_exceptions(self.app, conn)(scope, receive, send)
  File "/home/alexandre/Dev/Croo Digital Experience/croo-digital-experience-v.2.0/backend/venv/lib/python3.13/site-packages/starlette/_exception_handler.py", line 53, in wrapped_app
    raise exc
  File "/home/alexandre/Dev/Croo Digital Experience/croo-digital-experience-v.2.0/backend/venv/lib/python3.13/site-packages/starlette/_exception_handler.py", line 42, in wrapped_app
    await app(scope, receive, sender)
  File "/home/alexandre/Dev/Croo Digital Experience/croo-digital-experience-v.2.0/backend/venv/lib/python3.13/site-packages/fastapi/middleware/asyncexitstack.py", line 18, in __call__
    await self.app(scope, receive, send)
  File "/home/alexandre/Dev/Croo Digital Experience/croo-digital-experience-v.2.0/backend/venv/lib/python3.13/site-packages/starlette/routing.py", line 716, in __call__
    await self.middleware_stack(scope, receive, send)
  File "/home/alexandre/Dev/Croo Digital Experience/croo-digital-experience-v.2.0/backend/venv/lib/python3.13/site-packages/starlette/routing.py", line 736, in app
    await route.handle(scope, receive, send)
  File "/home/alexandre/Dev/Croo Digital Experience/croo-digital-experience-v.2.0/backend/venv/lib/python3.13/site-packages/starlette/routing.py", line 290, in handle
    await self.app(scope, receive, send)
  File "/home/alexandre/Dev/Croo Digital Experience/croo-digital-experience-v.2.0/backend/venv/lib/python3.13/site-packages/fastapi/routing.py", line 120, in app
    await wrap_app_handling_exceptions(app, request)(scope, receive, send)
  File "/home/alexandre/Dev/Croo Digital Experience/croo-digital-experience-v.2.0/backend/venv/lib/python3.13/site-packages/starlette/_exception_handler.py", line 53, in wrapped_app
    raise exc
  File "/home/alexandre/Dev/Croo Digital Experience/croo-digital-experience-v.2.0/backend/venv/lib/python3.13/site-packages/starlette/_exception_handler.py", line 42, in wrapped_app
    await app(scope, receive, sender)
  File "/home/alexandre/Dev/Croo Digital Experience/croo-digital-experience-v.2.0/backend/venv/lib/python3.13/site-packages/fastapi/routing.py", line 106, in app
    response = await f(request)
               ^^^^^^^^^^^^^^^^
  File "/home/alexandre/Dev/Croo Digital Experience/croo-digital-experience-v.2.0/backend/venv/lib/python3.13/site-packages/fastapi/routing.py", line 427, in app
    raw_response = await run_endpoint_function(
                   ^^^^^^^^^^^^^^^^^^^^^^^^^^^^
    ...<3 lines>...
    )
    ^
  File "/home/alexandre/Dev/Croo Digital Experience/croo-digital-experience-v.2.0/backend/venv/lib/python3.13/site-packages/fastapi/routing.py", line 313, in run_endpoint_function
    return await dependant.call(**values)
           ^^^^^^^^^^^^^^^^^^^^^^^^^^^^^^
  File "/home/alexandre/Dev/Croo Digital Experience/croo-digital-experience-v.2.0/backend/app/presentation/routes/contact_routes.py", line 30, in list_contacts
    items = repo.list_all(current_user["tenant_id"], skip, limit, search, organization_id)
  File "/home/alexandre/Dev/Croo Digital Experience/croo-digital-experience-v.2.0/backend/app/infrastructure/persistence/contact_repository.py", line 34, in list_all
    return query.order_by(Contact.last_name, Contact.first_name).offset(skip).limit(limit).all()
           ~~~~~~~~~~~~~~~~~~~~~~~~~~~~~~~~~~~~~~~~~~~~~~~~~~~~~~~~~~~~~~~~~~~~~~~~~~~~~~~~~~~^^
  File "/home/alexandre/Dev/Croo Digital Experience/croo-digital-experience-v.2.0/backend/venv/lib/python3.13/site-packages/sqlalchemy/orm/query.py", line 2704, in all
    return self._iter().all()  # type: ignore
           ~~~~~~~~~~^^
  File "/home/alexandre/Dev/Croo Digital Experience/croo-digital-experience-v.2.0/backend/venv/lib/python3.13/site-packages/sqlalchemy/orm/query.py", line 2857, in _iter
    result: Union[ScalarResult[_T], Result[_T]] = self.session.execute(
                                                  ~~~~~~~~~~~~~~~~~~~~^
        statement,
        ^^^^^^^^^^
        params,
        ^^^^^^^
        execution_options={"_sa_orm_load_options": self.load_options},
        ^^^^^^^^^^^^^^^^^^^^^^^^^^^^^^^^^^^^^^^^^^^^^^^^^^^^^^^^^^^^^^
    )
    ^
  File "/home/alexandre/Dev/Croo Digital Experience/croo-digital-experience-v.2.0/backend/venv/lib/python3.13/site-packages/sqlalchemy/orm/session.py", line 2351, in execute
    return self._execute_internal(
           ~~~~~~~~~~~~~~~~~~~~~~^
        statement,
        ^^^^^^^^^^
    ...<4 lines>...
        _add_event=_add_event,
        ^^^^^^^^^^^^^^^^^^^^^^
    )
    ^
  File "/home/alexandre/Dev/Croo Digital Experience/croo-digital-experience-v.2.0/backend/venv/lib/python3.13/site-packages/sqlalchemy/orm/session.py", line 2249, in _execute_internal
    result: Result[Any] = compile_state_cls.orm_execute_statement(
                          ~~~~~~~~~~~~~~~~~~~~~~~~~~~~~~~~~~~~~~~^
        self,
        ^^^^^
    ...<4 lines>...
        conn,
        ^^^^^
    )
    ^
  File "/home/alexandre/Dev/Croo Digital Experience/croo-digital-experience-v.2.0/backend/venv/lib/python3.13/site-packages/sqlalchemy/orm/context.py", line 306, in orm_execute_statement
    result = conn.execute(
        statement, params or {}, execution_options=execution_options
    )
  File "/home/alexandre/Dev/Croo Digital Experience/croo-digital-experience-v.2.0/backend/venv/lib/python3.13/site-packages/sqlalchemy/engine/base.py", line 1419, in execute
    return meth(
        self,
        distilled_parameters,
        execution_options or NO_OPTIONS,
    )
  File "/home/alexandre/Dev/Croo Digital Experience/croo-digital-experience-v.2.0/backend/venv/lib/python3.13/site-packages/sqlalchemy/sql/elements.py", line 527, in _execute_on_connection
    return connection._execute_clauseelement(
           ~~~~~~~~~~~~~~~~~~~~~~~~~~~~~~~~~^
        self, distilled_params, execution_options
        ^^^^^^^^^^^^^^^^^^^^^^^^^^^^^^^^^^^^^^^^^
    )
    ^
  File "/home/alexandre/Dev/Croo Digital Experience/croo-digital-experience-v.2.0/backend/venv/lib/python3.13/site-packages/sqlalchemy/engine/base.py", line 1641, in _execute_clauseelement
    ret = self._execute_context(
        dialect,
    ...<8 lines>...
        cache_hit=cache_hit,
    )
  File "/home/alexandre/Dev/Croo Digital Experience/croo-digital-experience-v.2.0/backend/venv/lib/python3.13/site-packages/sqlalchemy/engine/base.py", line 1846, in _execute_context
    return self._exec_single_context(
           ~~~~~~~~~~~~~~~~~~~~~~~~~^
        dialect, context, statement, parameters
        ^^^^^^^^^^^^^^^^^^^^^^^^^^^^^^^^^^^^^^^
    )
    ^
  File "/home/alexandre/Dev/Croo Digital Experience/croo-digital-experience-v.2.0/backend/venv/lib/python3.13/site-packages/sqlalchemy/engine/base.py", line 1986, in _exec_single_context
    self._handle_dbapi_exception(
    ~~~~~~~~~~~~~~~~~~~~~~~~~~~~^
        e, str_statement, effective_parameters, cursor, context
        ^^^^^^^^^^^^^^^^^^^^^^^^^^^^^^^^^^^^^^^^^^^^^^^^^^^^^^^
    )
    ^
  File "/home/alexandre/Dev/Croo Digital Experience/croo-digital-experience-v.2.0/backend/venv/lib/python3.13/site-packages/sqlalchemy/engine/base.py", line 2363, in _handle_dbapi_exception
    raise sqlalchemy_exception.with_traceback(exc_info[2]) from e
  File "/home/alexandre/Dev/Croo Digital Experience/croo-digital-experience-v.2.0/backend/venv/lib/python3.13/site-packages/sqlalchemy/engine/base.py", line 1967, in _exec_single_context
    self.dialect.do_execute(
    ~~~~~~~~~~~~~~~~~~~~~~~^
        cursor, str_statement, effective_parameters, context
        ^^^^^^^^^^^^^^^^^^^^^^^^^^^^^^^^^^^^^^^^^^^^^^^^^^^^
    )
    ^
  File "/home/alexandre/Dev/Croo Digital Experience/croo-digital-experience-v.2.0/backend/venv/lib/python3.13/site-packages/sqlalchemy/engine/default.py", line 952, in do_execute
    cursor.execute(statement, parameters)
    ~~~~~~~~~~~~~~^^^^^^^^^^^^^^^^^^^^^^^
sqlalchemy.exc.ProgrammingError: (psycopg2.errors.UndefinedColumn) column contacts.seniority does not exist
LINE 1: ...itle, contacts.department AS contacts_department, contacts.s...
                                                             ^

[SQL: SELECT contacts.id AS contacts_id, contacts.first_name AS contacts_first_name, contacts.last_name AS contacts_last_name, contacts.email AS contacts_email, contacts.phone AS contacts_phone, contacts.mobile AS contacts_mobile, contacts.job_title AS contacts_job_title, contacts.department AS contacts_department, contacts.seniority AS contacts_seniority, contacts.status AS contacts_status, contacts.linkedin_url AS contacts_linkedin_url, contacts.notes AS contacts_notes, contacts.contact_profile AS contacts_contact_profile, contacts.organization_id AS contacts_organization_id, contacts.owner_id AS contacts_owner_id, contacts.tenant_id AS contacts_tenant_id, contacts.created_at AS contacts_created_at, contacts.updated_at AS contacts_updated_at, contacts.created_by AS contacts_created_by, contacts.updated_by AS contacts_updated_by, contacts.version AS contacts_version, contacts.is_deleted AS contacts_is_deleted, contacts.deleted_at AS contacts_deleted_at, contacts.deleted_by AS contacts_deleted_by, contacts.deleted_reason AS contacts_deleted_reason 
FROM contacts 
WHERE contacts.tenant_id = %(tenant_id_1)s AND contacts.is_deleted = false ORDER BY contacts.last_name, contacts.first_name 
 LIMIT %(param_1)s OFFSET %(param_2)s]
[parameters: {'tenant_id_1': 'default', 'param_1': 1, 'param_2': 0}]
(Background on this error at: https://sqlalche.me/e/20/f405)
INFO:     ::1:46630 - "GET /api/v1/activities?skip=0&limit=1 HTTP/1.1" 500 Internal Server Error
ERROR:    Exception in ASGI application
Traceback (most recent call last):
  File "/home/alexandre/Dev/Croo Digital Experience/croo-digital-experience-v.2.0/backend/venv/lib/python3.13/site-packages/sqlalchemy/engine/base.py", line 1967, in _exec_single_context
    self.dialect.do_execute(
    ~~~~~~~~~~~~~~~~~~~~~~~^
        cursor, str_statement, effective_parameters, context
        ^^^^^^^^^^^^^^^^^^^^^^^^^^^^^^^^^^^^^^^^^^^^^^^^^^^^
    )
    ^
  File "/home/alexandre/Dev/Croo Digital Experience/croo-digital-experience-v.2.0/backend/venv/lib/python3.13/site-packages/sqlalchemy/engine/default.py", line 952, in do_execute
    cursor.execute(statement, parameters)
    ~~~~~~~~~~~~~~^^^^^^^^^^^^^^^^^^^^^^^
psycopg2.errors.UndefinedColumn: column contacts.seniority does not exist
LINE 1: ...itle, contacts.department AS contacts_department, contacts.s...
                                                             ^


The above exception was the direct cause of the following exception:

Traceback (most recent call last):
  File "/home/alexandre/Dev/Croo Digital Experience/croo-digital-experience-v.2.0/backend/venv/lib/python3.13/site-packages/uvicorn/protocols/http/httptools_impl.py", line 416, in run_asgi
    result = await app(  # type: ignore[func-returns-value]
             ^^^^^^^^^^^^^^^^^^^^^^^^^^^^^^^^^^^^^^^^^^^^^^
        self.scope, self.receive, self.send
        ^^^^^^^^^^^^^^^^^^^^^^^^^^^^^^^^^^^
    )
    ^
  File "/home/alexandre/Dev/Croo Digital Experience/croo-digital-experience-v.2.0/backend/venv/lib/python3.13/site-packages/uvicorn/middleware/proxy_headers.py", line 60, in __call__
    return await self.app(scope, receive, send)
           ^^^^^^^^^^^^^^^^^^^^^^^^^^^^^^^^^^^^
  File "/home/alexandre/Dev/Croo Digital Experience/croo-digital-experience-v.2.0/backend/venv/lib/python3.13/site-packages/fastapi/applications.py", line 1135, in __call__
    await super().__call__(scope, receive, send)
  File "/home/alexandre/Dev/Croo Digital Experience/croo-digital-experience-v.2.0/backend/venv/lib/python3.13/site-packages/starlette/applications.py", line 107, in __call__
    await self.middleware_stack(scope, receive, send)
  File "/home/alexandre/Dev/Croo Digital Experience/croo-digital-experience-v.2.0/backend/venv/lib/python3.13/site-packages/starlette/middleware/errors.py", line 186, in __call__
    raise exc
  File "/home/alexandre/Dev/Croo Digital Experience/croo-digital-experience-v.2.0/backend/venv/lib/python3.13/site-packages/starlette/middleware/errors.py", line 164, in __call__
    await self.app(scope, receive, _send)
  File "/home/alexandre/Dev/Croo Digital Experience/croo-digital-experience-v.2.0/backend/venv/lib/python3.13/site-packages/starlette/middleware/cors.py", line 93, in __call__
    await self.simple_response(scope, receive, send, request_headers=headers)
  File "/home/alexandre/Dev/Croo Digital Experience/croo-digital-experience-v.2.0/backend/venv/lib/python3.13/site-packages/starlette/middleware/cors.py", line 144, in simple_response
    await self.app(scope, receive, send)
  File "/home/alexandre/Dev/Croo Digital Experience/croo-digital-experience-v.2.0/backend/venv/lib/python3.13/site-packages/starlette/middleware/exceptions.py", line 63, in __call__
    await wrap_app_handling_exceptions(self.app, conn)(scope, receive, send)
  File "/home/alexandre/Dev/Croo Digital Experience/croo-digital-experience-v.2.0/backend/venv/lib/python3.13/site-packages/starlette/_exception_handler.py", line 53, in wrapped_app
    raise exc
  File "/home/alexandre/Dev/Croo Digital Experience/croo-digital-experience-v.2.0/backend/venv/lib/python3.13/site-packages/starlette/_exception_handler.py", line 42, in wrapped_app
    await app(scope, receive, sender)
  File "/home/alexandre/Dev/Croo Digital Experience/croo-digital-experience-v.2.0/backend/venv/lib/python3.13/site-packages/fastapi/middleware/asyncexitstack.py", line 18, in __call__
    await self.app(scope, receive, send)
  File "/home/alexandre/Dev/Croo Digital Experience/croo-digital-experience-v.2.0/backend/venv/lib/python3.13/site-packages/starlette/routing.py", line 716, in __call__
    await self.middleware_stack(scope, receive, send)
  File "/home/alexandre/Dev/Croo Digital Experience/croo-digital-experience-v.2.0/backend/venv/lib/python3.13/site-packages/starlette/routing.py", line 736, in app
    await route.handle(scope, receive, send)
  File "/home/alexandre/Dev/Croo Digital Experience/croo-digital-experience-v.2.0/backend/venv/lib/python3.13/site-packages/starlette/routing.py", line 290, in handle
    await self.app(scope, receive, send)
  File "/home/alexandre/Dev/Croo Digital Experience/croo-digital-experience-v.2.0/backend/venv/lib/python3.13/site-packages/fastapi/routing.py", line 120, in app
    await wrap_app_handling_exceptions(app, request)(scope, receive, send)
  File "/home/alexandre/Dev/Croo Digital Experience/croo-digital-experience-v.2.0/backend/venv/lib/python3.13/site-packages/starlette/_exception_handler.py", line 53, in wrapped_app
    raise exc
  File "/home/alexandre/Dev/Croo Digital Experience/croo-digital-experience-v.2.0/backend/venv/lib/python3.13/site-packages/starlette/_exception_handler.py", line 42, in wrapped_app
    await app(scope, receive, sender)
  File "/home/alexandre/Dev/Croo Digital Experience/croo-digital-experience-v.2.0/backend/venv/lib/python3.13/site-packages/fastapi/routing.py", line 106, in app
    response = await f(request)
               ^^^^^^^^^^^^^^^^
  File "/home/alexandre/Dev/Croo Digital Experience/croo-digital-experience-v.2.0/backend/venv/lib/python3.13/site-packages/fastapi/routing.py", line 427, in app
    raw_response = await run_endpoint_function(
                   ^^^^^^^^^^^^^^^^^^^^^^^^^^^^
    ...<3 lines>...
    )
    ^
  File "/home/alexandre/Dev/Croo Digital Experience/croo-digital-experience-v.2.0/backend/venv/lib/python3.13/site-packages/fastapi/routing.py", line 313, in run_endpoint_function
    return await dependant.call(**values)
           ^^^^^^^^^^^^^^^^^^^^^^^^^^^^^^
  File "/home/alexandre/Dev/Croo Digital Experience/croo-digital-experience-v.2.0/backend/app/presentation/routes/activity_routes.py", line 31, in list_activities
    items = repo.list_all(current_user["tenant_id"], skip, limit, organization_id, contact_id, opportunity_id, activity_status)
  File "/home/alexandre/Dev/Croo Digital Experience/croo-digital-experience-v.2.0/backend/app/infrastructure/persistence/activity_repository.py", line 72, in list_all
    return query.order_by(Activity.due_date.desc().nullslast()).offset(skip).limit(limit).all()
           ~~~~~~~~~~~~~~~~~~~~~~~~~~~~~~~~~~~~~~~~~~~~~~~~~~~~~~~~~~~~~~~~~~~~~~~~~~~~~~~~~~^^
  File "/home/alexandre/Dev/Croo Digital Experience/croo-digital-experience-v.2.0/backend/venv/lib/python3.13/site-packages/sqlalchemy/orm/query.py", line 2704, in all
    return self._iter().all()  # type: ignore
           ~~~~~~~~~~~~~~~~^^
  File "/home/alexandre/Dev/Croo Digital Experience/croo-digital-experience-v.2.0/backend/venv/lib/python3.13/site-packages/sqlalchemy/engine/result.py", line 1786, in all
    return self._allrows()
           ~~~~~~~~~~~~~^^
  File "/home/alexandre/Dev/Croo Digital Experience/croo-digital-experience-v.2.0/backend/venv/lib/python3.13/site-packages/sqlalchemy/engine/result.py", line 560, in _allrows
    rows = self._fetchall_impl()
  File "/home/alexandre/Dev/Croo Digital Experience/croo-digital-experience-v.2.0/backend/venv/lib/python3.13/site-packages/sqlalchemy/engine/result.py", line 1693, in _fetchall_impl
    return self._real_result._fetchall_impl()
           ~~~~~~~~~~~~~~~~~~~~~~~~~~~~~~~~^^
  File "/home/alexandre/Dev/Croo Digital Experience/croo-digital-experience-v.2.0/backend/venv/lib/python3.13/site-packages/sqlalchemy/engine/result.py", line 2287, in _fetchall_impl
    return list(self.iterator)
  File "/home/alexandre/Dev/Croo Digital Experience/croo-digital-experience-v.2.0/backend/venv/lib/python3.13/site-packages/sqlalchemy/orm/loading.py", line 247, in chunks
    post_load.invoke(context, path)
    ~~~~~~~~~~~~~~~~^^^^^^^^^^^^^^^
  File "/home/alexandre/Dev/Croo Digital Experience/croo-digital-experience-v.2.0/backend/venv/lib/python3.13/site-packages/sqlalchemy/orm/loading.py", line 1564, in invoke
    loader(
    ~~~~~~^
        effective_context, path, states, self.load_keys, *arg, **kw
        ^^^^^^^^^^^^^^^^^^^^^^^^^^^^^^^^^^^^^^^^^^^^^^^^^^^^^^^^^^^
    )
    ^
  File "/home/alexandre/Dev/Croo Digital Experience/croo-digital-experience-v.2.0/backend/venv/lib/python3.13/site-packages/sqlalchemy/orm/strategies.py", line 3338, in _load_for_path
    self._load_via_parent(
    ~~~~~~~~~~~~~~~~~~~~~^
        our_states, query_info, q, context, execution_options
        ^^^^^^^^^^^^^^^^^^^^^^^^^^^^^^^^^^^^^^^^^^^^^^^^^^^^^
    )
    ^
  File "/home/alexandre/Dev/Croo Digital Experience/croo-digital-experience-v.2.0/backend/venv/lib/python3.13/site-packages/sqlalchemy/orm/strategies.py", line 3414, in _load_via_parent
    context.session.execute(
    ~~~~~~~~~~~~~~~~~~~~~~~^
        q,
        ^^
        params={"primary_keys": primary_keys},
        ^^^^^^^^^^^^^^^^^^^^^^^^^^^^^^^^^^^^^^
        execution_options=execution_options,
        ^^^^^^^^^^^^^^^^^^^^^^^^^^^^^^^^^^^^
    ).unique(),
    ^
  File "/home/alexandre/Dev/Croo Digital Experience/croo-digital-experience-v.2.0/backend/venv/lib/python3.13/site-packages/sqlalchemy/orm/session.py", line 2351, in execute
    return self._execute_internal(
           ~~~~~~~~~~~~~~~~~~~~~~^
        statement,
        ^^^^^^^^^^
    ...<4 lines>...
        _add_event=_add_event,
        ^^^^^^^^^^^^^^^^^^^^^^
    )
    ^
  File "/home/alexandre/Dev/Croo Digital Experience/croo-digital-experience-v.2.0/backend/venv/lib/python3.13/site-packages/sqlalchemy/orm/session.py", line 2249, in _execute_internal
    result: Result[Any] = compile_state_cls.orm_execute_statement(
                          ~~~~~~~~~~~~~~~~~~~~~~~~~~~~~~~~~~~~~~~^
        self,
        ^^^^^
    ...<4 lines>...
        conn,
        ^^^^^
    )
    ^
  File "/home/alexandre/Dev/Croo Digital Experience/croo-digital-experience-v.2.0/backend/venv/lib/python3.13/site-packages/sqlalchemy/orm/context.py", line 306, in orm_execute_statement
    result = conn.execute(
        statement, params or {}, execution_options=execution_options
    )
  File "/home/alexandre/Dev/Croo Digital Experience/croo-digital-experience-v.2.0/backend/venv/lib/python3.13/site-packages/sqlalchemy/engine/base.py", line 1419, in execute
    return meth(
        self,
        distilled_parameters,
        execution_options or NO_OPTIONS,
    )
  File "/home/alexandre/Dev/Croo Digital Experience/croo-digital-experience-v.2.0/backend/venv/lib/python3.13/site-packages/sqlalchemy/sql/elements.py", line 527, in _execute_on_connection
    return connection._execute_clauseelement(
           ~~~~~~~~~~~~~~~~~~~~~~~~~~~~~~~~~^
        self, distilled_params, execution_options
        ^^^^^^^^^^^^^^^^^^^^^^^^^^^^^^^^^^^^^^^^^
    )
    ^
  File "/home/alexandre/Dev/Croo Digital Experience/croo-digital-experience-v.2.0/backend/venv/lib/python3.13/site-packages/sqlalchemy/engine/base.py", line 1641, in _execute_clauseelement
    ret = self._execute_context(
        dialect,
    ...<8 lines>...
        cache_hit=cache_hit,
    )
  File "/home/alexandre/Dev/Croo Digital Experience/croo-digital-experience-v.2.0/backend/venv/lib/python3.13/site-packages/sqlalchemy/engine/base.py", line 1846, in _execute_context
    return self._exec_single_context(
           ~~~~~~~~~~~~~~~~~~~~~~~~~^
        dialect, context, statement, parameters
        ^^^^^^^^^^^^^^^^^^^^^^^^^^^^^^^^^^^^^^^
    )
    ^
  File "/home/alexandre/Dev/Croo Digital Experience/croo-digital-experience-v.2.0/backend/venv/lib/python3.13/site-packages/sqlalchemy/engine/base.py", line 1986, in _exec_single_context
    self._handle_dbapi_exception(
    ~~~~~~~~~~~~~~~~~~~~~~~~~~~~^
        e, str_statement, effective_parameters, cursor, context
        ^^^^^^^^^^^^^^^^^^^^^^^^^^^^^^^^^^^^^^^^^^^^^^^^^^^^^^^
    )
    ^
  File "/home/alexandre/Dev/Croo Digital Experience/croo-digital-experience-v.2.0/backend/venv/lib/python3.13/site-packages/sqlalchemy/engine/base.py", line 2363, in _handle_dbapi_exception
    raise sqlalchemy_exception.with_traceback(exc_info[2]) from e
  File "/home/alexandre/Dev/Croo Digital Experience/croo-digital-experience-v.2.0/backend/venv/lib/python3.13/site-packages/sqlalchemy/engine/base.py", line 1967, in _exec_single_context
    self.dialect.do_execute(
    ~~~~~~~~~~~~~~~~~~~~~~~^
        cursor, str_statement, effective_parameters, context
        ^^^^^^^^^^^^^^^^^^^^^^^^^^^^^^^^^^^^^^^^^^^^^^^^^^^^
    )
    ^
  File "/home/alexandre/Dev/Croo Digital Experience/croo-digital-experience-v.2.0/backend/venv/lib/python3.13/site-packages/sqlalchemy/engine/default.py", line 952, in do_execute
    cursor.execute(statement, parameters)
    ~~~~~~~~~~~~~~^^^^^^^^^^^^^^^^^^^^^^^
sqlalchemy.exc.ProgrammingError: (psycopg2.errors.UndefinedColumn) column contacts.seniority does not exist
LINE 1: ...itle, contacts.department AS contacts_department, contacts.s...
                                                             ^

[SQL: SELECT activities_1.id AS activities_1_id, contacts.id AS contacts_id, contacts.first_name AS contacts_first_name, contacts.last_name AS contacts_last_name, contacts.email AS contacts_email, contacts.phone AS contacts_phone, contacts.mobile AS contacts_mobile, contacts.job_title AS contacts_job_title, contacts.department AS contacts_department, contacts.seniority AS contacts_seniority, contacts.status AS contacts_status, contacts.linkedin_url AS contacts_linkedin_url, contacts.notes AS contacts_notes, contacts.contact_profile AS contacts_contact_profile, contacts.organization_id AS contacts_organization_id, contacts.owner_id AS contacts_owner_id, contacts.tenant_id AS contacts_tenant_id, contacts.created_at AS contacts_created_at, contacts.updated_at AS contacts_updated_at, contacts.created_by AS contacts_created_by, contacts.updated_by AS contacts_updated_by, contacts.version AS contacts_version, contacts.is_deleted AS contacts_is_deleted, contacts.deleted_at AS contacts_deleted_at, contacts.deleted_by AS contacts_deleted_by, contacts.deleted_reason AS contacts_deleted_reason 
FROM activities AS activities_1 JOIN activity_contacts AS activity_contacts_1 ON activities_1.id = activity_contacts_1.activity_id JOIN contacts ON contacts.id = activity_contacts_1.contact_id 
WHERE activities_1.id IN (%(primary_keys_1)s)]
[parameters: {'primary_keys_1': '3955f19e-12e2-4a09-ae07-fe3727db7798'}]
(Background on this error at: https://sqlalche.me/e/20/f405)
INFO:     ::1:46670 - "OPTIONS /api/v1/organizations?skip=0&limit=50 HTTP/1.1" 200 OK
INFO:     ::1:46670 - "GET /api/v1/organizations?skip=0&limit=50 HTTP/1.1" 200 OK
INFO:     ::1:44726 - "OPTIONS /api/v1/search/maps HTTP/1.1" 200 OK
2026-03-10 01:19:05 [info     ] maps_search_start              query=baluchon user=admin@croo.digital
2026-03-10 01:19:08 [info     ] usage_tracked_search           cogs_usd=0.001 provider=serper tenant_id=default
2026-03-10 01:19:08 [info     ] maps_search_done               query=baluchon results=1
INFO:     ::1:44726 - "POST /api/v1/search/maps HTTP/1.1" 200 OK
INFO:     ::1:44726 - "OPTIONS /api/v1/organizations HTTP/1.1" 200 OK
INFO:     ::1:44726 - "POST /api/v1/organizations HTTP/1.1" 201 Created
Task exception was never retrieved
future: <Task finished name='Task-27' coro=<EventBus.publish() done, defined at /home/alexandre/Dev/Croo Digital Experience/croo-digital-experience-v.2.0/backend/app/agents/event_bus.py:24> exception=TypeError("_make_filtering_bound_logger.<locals>.make_method.<locals>.meth() got multiple values for argument 'event'")>
Traceback (most recent call last):
  File "/home/alexandre/Dev/Croo Digital Experience/croo-digital-experience-v.2.0/backend/app/agents/event_bus.py", line 44, in publish
    logger.info("event_published", event=event_name, tenant=tenant_id)
    ~~~~~~~~~~~^^^^^^^^^^^^^^^^^^^^^^^^^^^^^^^^^^^^^^^^^^^^^^^^^^^^^^^
TypeError: _make_filtering_bound_logger.<locals>.make_method.<locals>.meth() got multiple values for argument 'event'
INFO:     ::1:44726 - "OPTIONS /api/v1/organizations/277f3e40-b8ae-4b45-a96a-efd55ee07acc/enrich HTTP/1.1" 200 OK
INFO:     ::1:44726 - "POST /api/v1/organizations/277f3e40-b8ae-4b45-a96a-efd55ee07acc/enrich HTTP/1.1" 200 OK
2026-03-10 01:19:09 [info     ] enrichment_pipeline_start      org_id=277f3e40-b8ae-4b45-a96a-efd55ee07acc organization='Le Baluchon Éco-villégiature' website=https://baluchon.com/
2026-03-10 01:19:09 [info     ] hunter_skip_no_api_key
INFO:     ::1:44726 - "OPTIONS /api/v1/organizations/277f3e40-b8ae-4b45-a96a-efd55ee07acc HTTP/1.1" 200 OK
2026-03-10 01:19:09 [info     ] scrape_start                   url_count=1
INFO:     ::1:44726 - "GET /api/v1/organizations/277f3e40-b8ae-4b45-a96a-efd55ee07acc HTTP/1.1" 200 OK
INFO:     ::1:44726 - "OPTIONS /api/v1/contacts?skip=0&limit=10&organization_id=277f3e40-b8ae-4b45-a96a-efd55ee07acc HTTP/1.1" 200 OK
INFO:     ::1:34894 - "OPTIONS /api/v1/opportunities?skip=0&limit=10&organization_id=277f3e40-b8ae-4b45-a96a-efd55ee07acc HTTP/1.1" 200 OK
INFO:     ::1:34904 - "OPTIONS /api/v1/activities?skip=0&limit=10&organization_id=277f3e40-b8ae-4b45-a96a-efd55ee07acc HTTP/1.1" 200 OK
INFO:     ::1:34904 - "GET /api/v1/opportunities?skip=0&limit=10&organization_id=277f3e40-b8ae-4b45-a96a-efd55ee07acc HTTP/1.1" 200 OK
INFO:     ::1:34894 - "GET /api/v1/activities?skip=0&limit=10&organization_id=277f3e40-b8ae-4b45-a96a-efd55ee07acc HTTP/1.1" 200 OK
INFO:     ::1:44726 - "GET /api/v1/contacts?skip=0&limit=10&organization_id=277f3e40-b8ae-4b45-a96a-efd55ee07acc HTTP/1.1" 500 Internal Server Error
ERROR:    Exception in ASGI application
Traceback (most recent call last):
  File "/home/alexandre/Dev/Croo Digital Experience/croo-digital-experience-v.2.0/backend/venv/lib/python3.13/site-packages/sqlalchemy/engine/base.py", line 1967, in _exec_single_context
    self.dialect.do_execute(
    ~~~~~~~~~~~~~~~~~~~~~~~^
        cursor, str_statement, effective_parameters, context
        ^^^^^^^^^^^^^^^^^^^^^^^^^^^^^^^^^^^^^^^^^^^^^^^^^^^^
    )
    ^
  File "/home/alexandre/Dev/Croo Digital Experience/croo-digital-experience-v.2.0/backend/venv/lib/python3.13/site-packages/sqlalchemy/engine/default.py", line 952, in do_execute
    cursor.execute(statement, parameters)
    ~~~~~~~~~~~~~~^^^^^^^^^^^^^^^^^^^^^^^
psycopg2.errors.UndefinedColumn: column contacts.seniority does not exist
LINE 1: ...itle, contacts.department AS contacts_department, contacts.s...
                                                             ^


The above exception was the direct cause of the following exception:

Traceback (most recent call last):
  File "/home/alexandre/Dev/Croo Digital Experience/croo-digital-experience-v.2.0/backend/venv/lib/python3.13/site-packages/uvicorn/protocols/http/httptools_impl.py", line 416, in run_asgi
    result = await app(  # type: ignore[func-returns-value]
             ^^^^^^^^^^^^^^^^^^^^^^^^^^^^^^^^^^^^^^^^^^^^^^
        self.scope, self.receive, self.send
        ^^^^^^^^^^^^^^^^^^^^^^^^^^^^^^^^^^^
    )
    ^
  File "/home/alexandre/Dev/Croo Digital Experience/croo-digital-experience-v.2.0/backend/venv/lib/python3.13/site-packages/uvicorn/middleware/proxy_headers.py", line 60, in __call__
    return await self.app(scope, receive, send)
           ^^^^^^^^^^^^^^^^^^^^^^^^^^^^^^^^^^^^
  File "/home/alexandre/Dev/Croo Digital Experience/croo-digital-experience-v.2.0/backend/venv/lib/python3.13/site-packages/fastapi/applications.py", line 1135, in __call__
    await super().__call__(scope, receive, send)
  File "/home/alexandre/Dev/Croo Digital Experience/croo-digital-experience-v.2.0/backend/venv/lib/python3.13/site-packages/starlette/applications.py", line 107, in __call__
    await self.middleware_stack(scope, receive, send)
  File "/home/alexandre/Dev/Croo Digital Experience/croo-digital-experience-v.2.0/backend/venv/lib/python3.13/site-packages/starlette/middleware/errors.py", line 186, in __call__
    raise exc
  File "/home/alexandre/Dev/Croo Digital Experience/croo-digital-experience-v.2.0/backend/venv/lib/python3.13/site-packages/starlette/middleware/errors.py", line 164, in __call__
    await self.app(scope, receive, _send)
  File "/home/alexandre/Dev/Croo Digital Experience/croo-digital-experience-v.2.0/backend/venv/lib/python3.13/site-packages/starlette/middleware/cors.py", line 93, in __call__
    await self.simple_response(scope, receive, send, request_headers=headers)
  File "/home/alexandre/Dev/Croo Digital Experience/croo-digital-experience-v.2.0/backend/venv/lib/python3.13/site-packages/starlette/middleware/cors.py", line 144, in simple_response
    await self.app(scope, receive, send)
  File "/home/alexandre/Dev/Croo Digital Experience/croo-digital-experience-v.2.0/backend/venv/lib/python3.13/site-packages/starlette/middleware/exceptions.py", line 63, in __call__
    await wrap_app_handling_exceptions(self.app, conn)(scope, receive, send)
  File "/home/alexandre/Dev/Croo Digital Experience/croo-digital-experience-v.2.0/backend/venv/lib/python3.13/site-packages/starlette/_exception_handler.py", line 53, in wrapped_app
    raise exc
  File "/home/alexandre/Dev/Croo Digital Experience/croo-digital-experience-v.2.0/backend/venv/lib/python3.13/site-packages/starlette/_exception_handler.py", line 42, in wrapped_app
    await app(scope, receive, sender)
  File "/home/alexandre/Dev/Croo Digital Experience/croo-digital-experience-v.2.0/backend/venv/lib/python3.13/site-packages/fastapi/middleware/asyncexitstack.py", line 18, in __call__
    await self.app(scope, receive, send)
  File "/home/alexandre/Dev/Croo Digital Experience/croo-digital-experience-v.2.0/backend/venv/lib/python3.13/site-packages/starlette/routing.py", line 716, in __call__
    await self.middleware_stack(scope, receive, send)
  File "/home/alexandre/Dev/Croo Digital Experience/croo-digital-experience-v.2.0/backend/venv/lib/python3.13/site-packages/starlette/routing.py", line 736, in app
    await route.handle(scope, receive, send)
  File "/home/alexandre/Dev/Croo Digital Experience/croo-digital-experience-v.2.0/backend/venv/lib/python3.13/site-packages/starlette/routing.py", line 290, in handle
    await self.app(scope, receive, send)
  File "/home/alexandre/Dev/Croo Digital Experience/croo-digital-experience-v.2.0/backend/venv/lib/python3.13/site-packages/fastapi/routing.py", line 120, in app
    await wrap_app_handling_exceptions(app, request)(scope, receive, send)
  File "/home/alexandre/Dev/Croo Digital Experience/croo-digital-experience-v.2.0/backend/venv/lib/python3.13/site-packages/starlette/_exception_handler.py", line 53, in wrapped_app
    raise exc
  File "/home/alexandre/Dev/Croo Digital Experience/croo-digital-experience-v.2.0/backend/venv/lib/python3.13/site-packages/starlette/_exception_handler.py", line 42, in wrapped_app
    await app(scope, receive, sender)
  File "/home/alexandre/Dev/Croo Digital Experience/croo-digital-experience-v.2.0/backend/venv/lib/python3.13/site-packages/fastapi/routing.py", line 106, in app
    response = await f(request)
               ^^^^^^^^^^^^^^^^
  File "/home/alexandre/Dev/Croo Digital Experience/croo-digital-experience-v.2.0/backend/venv/lib/python3.13/site-packages/fastapi/routing.py", line 427, in app
    raw_response = await run_endpoint_function(
                   ^^^^^^^^^^^^^^^^^^^^^^^^^^^^
    ...<3 lines>...
    )
    ^
  File "/home/alexandre/Dev/Croo Digital Experience/croo-digital-experience-v.2.0/backend/venv/lib/python3.13/site-packages/fastapi/routing.py", line 313, in run_endpoint_function
    return await dependant.call(**values)
           ^^^^^^^^^^^^^^^^^^^^^^^^^^^^^^
  File "/home/alexandre/Dev/Croo Digital Experience/croo-digital-experience-v.2.0/backend/app/presentation/routes/contact_routes.py", line 30, in list_contacts
    items = repo.list_all(current_user["tenant_id"], skip, limit, search, organization_id)
  File "/home/alexandre/Dev/Croo Digital Experience/croo-digital-experience-v.2.0/backend/app/infrastructure/persistence/contact_repository.py", line 34, in list_all
    return query.order_by(Contact.last_name, Contact.first_name).offset(skip).limit(limit).all()
           ~~~~~~~~~~~~~~~~~~~~~~~~~~~~~~~~~~~~~~~~~~~~~~~~~~~~~~~~~~~~~~~~~~~~~~~~~~~~~~~~~~~^^
  File "/home/alexandre/Dev/Croo Digital Experience/croo-digital-experience-v.2.0/backend/venv/lib/python3.13/site-packages/sqlalchemy/orm/query.py", line 2704, in all
    return self._iter().all()  # type: ignore
           ~~~~~~~~~~^^
  File "/home/alexandre/Dev/Croo Digital Experience/croo-digital-experience-v.2.0/backend/venv/lib/python3.13/site-packages/sqlalchemy/orm/query.py", line 2857, in _iter
    result: Union[ScalarResult[_T], Result[_T]] = self.session.execute(
                                                  ~~~~~~~~~~~~~~~~~~~~^
        statement,
        ^^^^^^^^^^
        params,
        ^^^^^^^
        execution_options={"_sa_orm_load_options": self.load_options},
        ^^^^^^^^^^^^^^^^^^^^^^^^^^^^^^^^^^^^^^^^^^^^^^^^^^^^^^^^^^^^^^
    )
    ^
  File "/home/alexandre/Dev/Croo Digital Experience/croo-digital-experience-v.2.0/backend/venv/lib/python3.13/site-packages/sqlalchemy/orm/session.py", line 2351, in execute
    return self._execute_internal(
           ~~~~~~~~~~~~~~~~~~~~~~^
        statement,
        ^^^^^^^^^^
    ...<4 lines>...
        _add_event=_add_event,
        ^^^^^^^^^^^^^^^^^^^^^^
    )
    ^
  File "/home/alexandre/Dev/Croo Digital Experience/croo-digital-experience-v.2.0/backend/venv/lib/python3.13/site-packages/sqlalchemy/orm/session.py", line 2249, in _execute_internal
    result: Result[Any] = compile_state_cls.orm_execute_statement(
                          ~~~~~~~~~~~~~~~~~~~~~~~~~~~~~~~~~~~~~~~^
        self,
        ^^^^^
    ...<4 lines>...
        conn,
        ^^^^^
    )
    ^
  File "/home/alexandre/Dev/Croo Digital Experience/croo-digital-experience-v.2.0/backend/venv/lib/python3.13/site-packages/sqlalchemy/orm/context.py", line 306, in orm_execute_statement
    result = conn.execute(
        statement, params or {}, execution_options=execution_options
    )
  File "/home/alexandre/Dev/Croo Digital Experience/croo-digital-experience-v.2.0/backend/venv/lib/python3.13/site-packages/sqlalchemy/engine/base.py", line 1419, in execute
    return meth(
        self,
        distilled_parameters,
        execution_options or NO_OPTIONS,
    )
  File "/home/alexandre/Dev/Croo Digital Experience/croo-digital-experience-v.2.0/backend/venv/lib/python3.13/site-packages/sqlalchemy/sql/elements.py", line 527, in _execute_on_connection
    return connection._execute_clauseelement(
           ~~~~~~~~~~~~~~~~~~~~~~~~~~~~~~~~~^
        self, distilled_params, execution_options
        ^^^^^^^^^^^^^^^^^^^^^^^^^^^^^^^^^^^^^^^^^
    )
    ^
  File "/home/alexandre/Dev/Croo Digital Experience/croo-digital-experience-v.2.0/backend/venv/lib/python3.13/site-packages/sqlalchemy/engine/base.py", line 1641, in _execute_clauseelement
    ret = self._execute_context(
        dialect,
    ...<8 lines>...
        cache_hit=cache_hit,
    )
  File "/home/alexandre/Dev/Croo Digital Experience/croo-digital-experience-v.2.0/backend/venv/lib/python3.13/site-packages/sqlalchemy/engine/base.py", line 1846, in _execute_context
    return self._exec_single_context(
           ~~~~~~~~~~~~~~~~~~~~~~~~~^
        dialect, context, statement, parameters
        ^^^^^^^^^^^^^^^^^^^^^^^^^^^^^^^^^^^^^^^
    )
    ^
  File "/home/alexandre/Dev/Croo Digital Experience/croo-digital-experience-v.2.0/backend/venv/lib/python3.13/site-packages/sqlalchemy/engine/base.py", line 1986, in _exec_single_context
    self._handle_dbapi_exception(
    ~~~~~~~~~~~~~~~~~~~~~~~~~~~~^
        e, str_statement, effective_parameters, cursor, context
        ^^^^^^^^^^^^^^^^^^^^^^^^^^^^^^^^^^^^^^^^^^^^^^^^^^^^^^^
    )
    ^
  File "/home/alexandre/Dev/Croo Digital Experience/croo-digital-experience-v.2.0/backend/venv/lib/python3.13/site-packages/sqlalchemy/engine/base.py", line 2363, in _handle_dbapi_exception
    raise sqlalchemy_exception.with_traceback(exc_info[2]) from e
  File "/home/alexandre/Dev/Croo Digital Experience/croo-digital-experience-v.2.0/backend/venv/lib/python3.13/site-packages/sqlalchemy/engine/base.py", line 1967, in _exec_single_context
    self.dialect.do_execute(
    ~~~~~~~~~~~~~~~~~~~~~~~^
        cursor, str_statement, effective_parameters, context
        ^^^^^^^^^^^^^^^^^^^^^^^^^^^^^^^^^^^^^^^^^^^^^^^^^^^^
    )
    ^
  File "/home/alexandre/Dev/Croo Digital Experience/croo-digital-experience-v.2.0/backend/venv/lib/python3.13/site-packages/sqlalchemy/engine/default.py", line 952, in do_execute
    cursor.execute(statement, parameters)
    ~~~~~~~~~~~~~~^^^^^^^^^^^^^^^^^^^^^^^
sqlalchemy.exc.ProgrammingError: (psycopg2.errors.UndefinedColumn) column contacts.seniority does not exist
LINE 1: ...itle, contacts.department AS contacts_department, contacts.s...
                                                             ^

[SQL: SELECT contacts.id AS contacts_id, contacts.first_name AS contacts_first_name, contacts.last_name AS contacts_last_name, contacts.email AS contacts_email, contacts.phone AS contacts_phone, contacts.mobile AS contacts_mobile, contacts.job_title AS contacts_job_title, contacts.department AS contacts_department, contacts.seniority AS contacts_seniority, contacts.status AS contacts_status, contacts.linkedin_url AS contacts_linkedin_url, contacts.notes AS contacts_notes, contacts.contact_profile AS contacts_contact_profile, contacts.organization_id AS contacts_organization_id, contacts.owner_id AS contacts_owner_id, contacts.tenant_id AS contacts_tenant_id, contacts.created_at AS contacts_created_at, contacts.updated_at AS contacts_updated_at, contacts.created_by AS contacts_created_by, contacts.updated_by AS contacts_updated_by, contacts.version AS contacts_version, contacts.is_deleted AS contacts_is_deleted, contacts.deleted_at AS contacts_deleted_at, contacts.deleted_by AS contacts_deleted_by, contacts.deleted_reason AS contacts_deleted_reason 
FROM contacts 
WHERE contacts.tenant_id = %(tenant_id_1)s AND contacts.is_deleted = false AND contacts.organization_id = %(organization_id_1)s ORDER BY contacts.last_name, contacts.first_name 
 LIMIT %(param_1)s OFFSET %(param_2)s]
[parameters: {'tenant_id_1': 'default', 'organization_id_1': '277f3e40-b8ae-4b45-a96a-efd55ee07acc', 'param_1': 10, 'param_2': 0}]
(Background on this error at: https://sqlalche.me/e/20/f405)
2026-03-10 01:19:10 [info     ] scrape_ok                      chars=6000 url=https://baluchon.com/
2026-03-10 01:19:10 [info     ] internal_pages_found           count=2
2026-03-10 01:19:10 [info     ] scrape_internal_ok             chars=2666 url=https://baluchon.com/contactez-nous
2026-03-10 01:19:10 [info     ] scrape_internal_ok             chars=4000 url=https://baluchon.com/carrieres
2026-03-10 01:19:10 [info     ] scrape_complete                pages_scraped=3 regex_keys=['emails', 'phones', 'linkedin', 'facebook', 'instagram', 'tiktok', 'addresses']
2026-03-10 01:19:10 [info     ] extraction_start               organization='Le Baluchon Éco-villégiature' sources=3
2026-03-10 01:19:11 [info     ] llm_call                       model=llama-3.3-70b-versatile tokens_in=1711 tokens_out=206
2026-03-10 01:19:11 [info     ] usage_tracked_llm              cogs_usd=0.00117223 correlation_id=277f3e40-b8ae-4b45-a96a-efd55ee07acc input_tokens=1711 model=llama-3.3-70b-versatile output_tokens=206 tenant_id=default trigger=ENRICHMENT user_id=
2026-03-10 01:19:11 [info     ] flat_extraction_complete       fields_found=11 organization='Le Baluchon Éco-villégiature'
2026-03-10 01:19:13 [info     ] llm_call                       model=llama-3.3-70b-versatile tokens_in=3072 tokens_out=761
2026-03-10 01:19:13 [info     ] usage_tracked_llm              cogs_usd=0.00241367 correlation_id=277f3e40-b8ae-4b45-a96a-efd55ee07acc input_tokens=3072 model=llama-3.3-70b-versatile output_tokens=761 tenant_id=default trigger=ENRICHMENT user_id=
2026-03-10 01:19:13 [info     ] deep_extraction_complete       categories=['company_info', 'contact_info', 'social_media', 'key_people', 'services_products', 'business_details'] organization='Le Baluchon Éco-villégiature'
2026-03-10 01:19:13 [info     ] compound_start                 organization='Le Baluchon Éco-villégiature'
2026-03-10 01:20:44 [warning  ] compound_track_error           error="type object 'TriggerSource' has no attribute 'AI_AGENT'"
2026-03-10 01:20:44 [info     ] compound_done                  organization='Le Baluchon Éco-villégiature' section_ids=['recent_news', 'known_clients', 'competitors', 'online_presence', 'partnerships', 'recommendations', 'tech_stack', 'certifications'] sections_found=8
INFO:     ::1:34896 - "GET /api/v1/organizations/277f3e40-b8ae-4b45-a96a-efd55ee07acc HTTP/1.1" 401 Unauthorized
INFO:     ::1:54022 - "GET /health HTTP/1.1" 200 OK
2026-03-10 01:20:44 [info     ] enrichment_pipeline_complete   fields_extracted=11 hunter_contacts=0 intelligence_sections=8 organization='Le Baluchon Éco-villégiature' status=done
2026-03-10 01:20:44 [info     ] intelligence_sections_saved    org_id=277f3e40-b8ae-4b45-a96a-efd55ee07acc sections=['recent_news', 'known_clients', 'competitors', 'online_presence', 'partnerships', 'recommendations', 'tech_stack', 'certifications']
2026-03-10 01:20:44 [info     ] deep_profile_saved             categories=['company_info', 'contact_info', 'social_media', 'key_people', 'services_products', 'business_details', 'intelligence_sections'] org_id=277f3e40-b8ae-4b45-a96a-efd55ee07acc
2026-03-10 01:20:44 [info     ] enrichment_persisted           contacts_created=0 fields_updated=2 has_profile=True hunter_contacts=0 intelligence_sections=8 org_id=277f3e40-b8ae-4b45-a96a-efd55ee07acc org_name='Le Baluchon Éco-villégiature' pipeline_status=done
2026-03-10 01:20:44 [info     ] background_enrichment_done     fields_updated=2 org_id=277f3e40-b8ae-4b45-a96a-efd55ee07acc run_id=8402b47d-cd0c-4768-933b-d9ece839b324 status=done
INFO:     ::1:34896 - "GET /api/v1/organizations/277f3e40-b8ae-4b45-a96a-efd55ee07acc HTTP/1.1" 401 Unauthorized
INFO:     ::1:41552 - "GET /api/v1/organizations/277f3e40-b8ae-4b45-a96a-efd55ee07acc HTTP/1.1" 200 OK
INFO:     ::1:34904 - "GET /api/v1/organizations/277f3e40-b8ae-4b45-a96a-efd55ee07acc HTTP/1.1" 200 OK
INFO:     ::1:34894 - "GET /api/v1/organizations/277f3e40-b8ae-4b45-a96a-efd55ee07acc HTTP/1.1" 200 OK
INFO:     ::1:34896 - "GET /api/v1/organizations/277f3e40-b8ae-4b45-a96a-efd55ee07acc HTTP/1.1" 401 Unauthorized
INFO:     ::1:35232 - "GET /api/v1/organizations/277f3e40-b8ae-4b45-a96a-efd55ee07acc HTTP/1.1" 200 OK
INFO:     ::1:35246 - "GET /api/v1/organizations/277f3e40-b8ae-4b45-a96a-efd55ee07acc HTTP/1.1" 200 OK
INFO:     ::1:34894 - "POST /api/v1/organizations/277f3e40-b8ae-4b45-a96a-efd55ee07acc/enrich HTTP/1.1" 401 Unauthorized
INFO:     ::1:41552 - "GET /api/v1/organizations/277f3e40-b8ae-4b45-a96a-efd55ee07acc HTTP/1.1" 401 Unauthorized
INFO:     ::1:34896 - "GET /api/v1/organizations/277f3e40-b8ae-4b45-a96a-efd55ee07acc HTTP/1.1" 401 Unauthorized
INFO:     ::1:34904 - "GET /api/v1/organizations/277f3e40-b8ae-4b45-a96a-efd55ee07acc HTTP/1.1" 401 Unauthorized
INFO:     ::1:35246 - "GET /api/v1/organizations/277f3e40-b8ae-4b45-a96a-efd55ee07acc HTTP/1.1" 401 Unauthorized
INFO:     ::1:35232 - "GET /api/v1/organizations/277f3e40-b8ae-4b45-a96a-efd55ee07acc HTTP/1.1" 401 Unauthorized
INFO:     ::1:41552 - "GET /api/v1/organizations/277f3e40-b8ae-4b45-a96a-efd55ee07acc HTTP/1.1" 401 Unauthorized
INFO:     ::1:34904 - "OPTIONS /api/v1/auth/refresh HTTP/1.1" 200 OK
INFO:     ::1:34894 - "GET /api/v1/organizations/277f3e40-b8ae-4b45-a96a-efd55ee07acc HTTP/1.1" 401 Unauthorized
INFO:     ::1:41552 - "GET /api/v1/organizations/277f3e40-b8ae-4b45-a96a-efd55ee07acc HTTP/1.1" 401 Unauthorized
INFO:     ::1:34904 - "GET /api/v1/organizations/277f3e40-b8ae-4b45-a96a-efd55ee07acc HTTP/1.1" 401 Unauthorized
INFO:     ::1:34894 - "POST /api/v1/auth/refresh HTTP/1.1" 422 Unprocessable Content
INFO:     ::1:41552 - "GET /api/v1/organizations/277f3e40-b8ae-4b45-a96a-efd55ee07acc HTTP/1.1" 401 Unauthorized
INFO:     ::1:41552 - "POST /api/v1/auth/refresh HTTP/1.1" 422 Unprocessable Content
INFO:     ::1:37332 - "GET /health HTTP/1.1" 200 OK
INFO:     ::1:59182 - "POST /api/v1/auth/login HTTP/1.1" 200 OK
INFO:     ::1:59182 - "GET /api/v1/auth/me HTTP/1.1" 200 OK
INFO:     ::1:59224 - "GET /api/v1/opportunities?skip=0&limit=1 HTTP/1.1" 200 OK
INFO:     ::1:59192 - "GET /api/v1/bcc/organizations HTTP/1.1" 200 OK
INFO:     ::1:59182 - "GET /api/v1/auth/me HTTP/1.1" 200 OK
INFO:     ::1:59238 - "GET /api/v1/quotes?skip=0&limit=1 HTTP/1.1" 200 OK
INFO:     ::1:59208 - "GET /api/v1/organizations?skip=0&limit=1 HTTP/1.1" 200 OK
INFO:     ::1:59214 - "GET /api/v1/contacts?skip=0&limit=1 HTTP/1.1" 500 Internal Server Error
ERROR:    Exception in ASGI application
Traceback (most recent call last):
  File "/home/alexandre/Dev/Croo Digital Experience/croo-digital-experience-v.2.0/backend/venv/lib/python3.13/site-packages/sqlalchemy/engine/base.py", line 1967, in _exec_single_context
    self.dialect.do_execute(
    ~~~~~~~~~~~~~~~~~~~~~~~^
        cursor, str_statement, effective_parameters, context
        ^^^^^^^^^^^^^^^^^^^^^^^^^^^^^^^^^^^^^^^^^^^^^^^^^^^^
    )
    ^
  File "/home/alexandre/Dev/Croo Digital Experience/croo-digital-experience-v.2.0/backend/venv/lib/python3.13/site-packages/sqlalchemy/engine/default.py", line 952, in do_execute
    cursor.execute(statement, parameters)
    ~~~~~~~~~~~~~~^^^^^^^^^^^^^^^^^^^^^^^
psycopg2.errors.UndefinedColumn: column contacts.seniority does not exist
LINE 1: ...itle, contacts.department AS contacts_department, contacts.s...
                                                             ^


The above exception was the direct cause of the following exception:

Traceback (most recent call last):
  File "/home/alexandre/Dev/Croo Digital Experience/croo-digital-experience-v.2.0/backend/venv/lib/python3.13/site-packages/uvicorn/protocols/http/httptools_impl.py", line 416, in run_asgi
    result = await app(  # type: ignore[func-returns-value]
             ^^^^^^^^^^^^^^^^^^^^^^^^^^^^^^^^^^^^^^^^^^^^^^
        self.scope, self.receive, self.send
        ^^^^^^^^^^^^^^^^^^^^^^^^^^^^^^^^^^^
    )
    ^
  File "/home/alexandre/Dev/Croo Digital Experience/croo-digital-experience-v.2.0/backend/venv/lib/python3.13/site-packages/uvicorn/middleware/proxy_headers.py", line 60, in __call__
    return await self.app(scope, receive, send)
           ^^^^^^^^^^^^^^^^^^^^^^^^^^^^^^^^^^^^
  File "/home/alexandre/Dev/Croo Digital Experience/croo-digital-experience-v.2.0/backend/venv/lib/python3.13/site-packages/fastapi/applications.py", line 1135, in __call__
    await super().__call__(scope, receive, send)
  File "/home/alexandre/Dev/Croo Digital Experience/croo-digital-experience-v.2.0/backend/venv/lib/python3.13/site-packages/starlette/applications.py", line 107, in __call__
    await self.middleware_stack(scope, receive, send)
  File "/home/alexandre/Dev/Croo Digital Experience/croo-digital-experience-v.2.0/backend/venv/lib/python3.13/site-packages/starlette/middleware/errors.py", line 186, in __call__
    raise exc
  File "/home/alexandre/Dev/Croo Digital Experience/croo-digital-experience-v.2.0/backend/venv/lib/python3.13/site-packages/starlette/middleware/errors.py", line 164, in __call__
    await self.app(scope, receive, _send)
  File "/home/alexandre/Dev/Croo Digital Experience/croo-digital-experience-v.2.0/backend/venv/lib/python3.13/site-packages/starlette/middleware/cors.py", line 93, in __call__
    await self.simple_response(scope, receive, send, request_headers=headers)
  File "/home/alexandre/Dev/Croo Digital Experience/croo-digital-experience-v.2.0/backend/venv/lib/python3.13/site-packages/starlette/middleware/cors.py", line 144, in simple_response
    await self.app(scope, receive, send)
  File "/home/alexandre/Dev/Croo Digital Experience/croo-digital-experience-v.2.0/backend/venv/lib/python3.13/site-packages/starlette/middleware/exceptions.py", line 63, in __call__
    await wrap_app_handling_exceptions(self.app, conn)(scope, receive, send)
  File "/home/alexandre/Dev/Croo Digital Experience/croo-digital-experience-v.2.0/backend/venv/lib/python3.13/site-packages/starlette/_exception_handler.py", line 53, in wrapped_app
    raise exc
  File "/home/alexandre/Dev/Croo Digital Experience/croo-digital-experience-v.2.0/backend/venv/lib/python3.13/site-packages/starlette/_exception_handler.py", line 42, in wrapped_app
    await app(scope, receive, sender)
  File "/home/alexandre/Dev/Croo Digital Experience/croo-digital-experience-v.2.0/backend/venv/lib/python3.13/site-packages/fastapi/middleware/asyncexitstack.py", line 18, in __call__
    await self.app(scope, receive, send)
  File "/home/alexandre/Dev/Croo Digital Experience/croo-digital-experience-v.2.0/backend/venv/lib/python3.13/site-packages/starlette/routing.py", line 716, in __call__
    await self.middleware_stack(scope, receive, send)
  File "/home/alexandre/Dev/Croo Digital Experience/croo-digital-experience-v.2.0/backend/venv/lib/python3.13/site-packages/starlette/routing.py", line 736, in app
    await route.handle(scope, receive, send)
  File "/home/alexandre/Dev/Croo Digital Experience/croo-digital-experience-v.2.0/backend/venv/lib/python3.13/site-packages/starlette/routing.py", line 290, in handle
    await self.app(scope, receive, send)
  File "/home/alexandre/Dev/Croo Digital Experience/croo-digital-experience-v.2.0/backend/venv/lib/python3.13/site-packages/fastapi/routing.py", line 120, in app
    await wrap_app_handling_exceptions(app, request)(scope, receive, send)
  File "/home/alexandre/Dev/Croo Digital Experience/croo-digital-experience-v.2.0/backend/venv/lib/python3.13/site-packages/starlette/_exception_handler.py", line 53, in wrapped_app
    raise exc
  File "/home/alexandre/Dev/Croo Digital Experience/croo-digital-experience-v.2.0/backend/venv/lib/python3.13/site-packages/starlette/_exception_handler.py", line 42, in wrapped_app
    await app(scope, receive, sender)
  File "/home/alexandre/Dev/Croo Digital Experience/croo-digital-experience-v.2.0/backend/venv/lib/python3.13/site-packages/fastapi/routing.py", line 106, in app
    response = await f(request)
               ^^^^^^^^^^^^^^^^
  File "/home/alexandre/Dev/Croo Digital Experience/croo-digital-experience-v.2.0/backend/venv/lib/python3.13/site-packages/fastapi/routing.py", line 427, in app
    raw_response = await run_endpoint_function(
                   ^^^^^^^^^^^^^^^^^^^^^^^^^^^^
    ...<3 lines>...
    )
    ^
  File "/home/alexandre/Dev/Croo Digital Experience/croo-digital-experience-v.2.0/backend/venv/lib/python3.13/site-packages/fastapi/routing.py", line 313, in run_endpoint_function
    return await dependant.call(**values)
           ^^^^^^^^^^^^^^^^^^^^^^^^^^^^^^
  File "/home/alexandre/Dev/Croo Digital Experience/croo-digital-experience-v.2.0/backend/app/presentation/routes/contact_routes.py", line 30, in list_contacts
    items = repo.list_all(current_user["tenant_id"], skip, limit, search, organization_id)
  File "/home/alexandre/Dev/Croo Digital Experience/croo-digital-experience-v.2.0/backend/app/infrastructure/persistence/contact_repository.py", line 34, in list_all
    return query.order_by(Contact.last_name, Contact.first_name).offset(skip).limit(limit).all()
           ~~~~~~~~~~~~~~~~~~~~~~~~~~~~~~~~~~~~~~~~~~~~~~~~~~~~~~~~~~~~~~~~~~~~~~~~~~~~~~~~~~~^^
  File "/home/alexandre/Dev/Croo Digital Experience/croo-digital-experience-v.2.0/backend/venv/lib/python3.13/site-packages/sqlalchemy/orm/query.py", line 2704, in all
    return self._iter().all()  # type: ignore
           ~~~~~~~~~~^^
  File "/home/alexandre/Dev/Croo Digital Experience/croo-digital-experience-v.2.0/backend/venv/lib/python3.13/site-packages/sqlalchemy/orm/query.py", line 2857, in _iter
    result: Union[ScalarResult[_T], Result[_T]] = self.session.execute(
                                                  ~~~~~~~~~~~~~~~~~~~~^
        statement,
        ^^^^^^^^^^
        params,
        ^^^^^^^
        execution_options={"_sa_orm_load_options": self.load_options},
        ^^^^^^^^^^^^^^^^^^^^^^^^^^^^^^^^^^^^^^^^^^^^^^^^^^^^^^^^^^^^^^
    )
    ^
  File "/home/alexandre/Dev/Croo Digital Experience/croo-digital-experience-v.2.0/backend/venv/lib/python3.13/site-packages/sqlalchemy/orm/session.py", line 2351, in execute
    return self._execute_internal(
           ~~~~~~~~~~~~~~~~~~~~~~^
        statement,
        ^^^^^^^^^^
    ...<4 lines>...
        _add_event=_add_event,
        ^^^^^^^^^^^^^^^^^^^^^^
    )
    ^
  File "/home/alexandre/Dev/Croo Digital Experience/croo-digital-experience-v.2.0/backend/venv/lib/python3.13/site-packages/sqlalchemy/orm/session.py", line 2249, in _execute_internal
    result: Result[Any] = compile_state_cls.orm_execute_statement(
                          ~~~~~~~~~~~~~~~~~~~~~~~~~~~~~~~~~~~~~~~^
        self,
        ^^^^^
    ...<4 lines>...
        conn,
        ^^^^^
    )
    ^
  File "/home/alexandre/Dev/Croo Digital Experience/croo-digital-experience-v.2.0/backend/venv/lib/python3.13/site-packages/sqlalchemy/orm/context.py", line 306, in orm_execute_statement
    result = conn.execute(
        statement, params or {}, execution_options=execution_options
    )
  File "/home/alexandre/Dev/Croo Digital Experience/croo-digital-experience-v.2.0/backend/venv/lib/python3.13/site-packages/sqlalchemy/engine/base.py", line 1419, in execute
    return meth(
        self,
        distilled_parameters,
        execution_options or NO_OPTIONS,
    )
  File "/home/alexandre/Dev/Croo Digital Experience/croo-digital-experience-v.2.0/backend/venv/lib/python3.13/site-packages/sqlalchemy/sql/elements.py", line 527, in _execute_on_connection
    return connection._execute_clauseelement(
           ~~~~~~~~~~~~~~~~~~~~~~~~~~~~~~~~~^
        self, distilled_params, execution_options
        ^^^^^^^^^^^^^^^^^^^^^^^^^^^^^^^^^^^^^^^^^
    )
    ^
  File "/home/alexandre/Dev/Croo Digital Experience/croo-digital-experience-v.2.0/backend/venv/lib/python3.13/site-packages/sqlalchemy/engine/base.py", line 1641, in _execute_clauseelement
    ret = self._execute_context(
        dialect,
    ...<8 lines>...
        cache_hit=cache_hit,
    )
  File "/home/alexandre/Dev/Croo Digital Experience/croo-digital-experience-v.2.0/backend/venv/lib/python3.13/site-packages/sqlalchemy/engine/base.py", line 1846, in _execute_context
    return self._exec_single_context(
           ~~~~~~~~~~~~~~~~~~~~~~~~~^
        dialect, context, statement, parameters
        ^^^^^^^^^^^^^^^^^^^^^^^^^^^^^^^^^^^^^^^
    )
    ^
  File "/home/alexandre/Dev/Croo Digital Experience/croo-digital-experience-v.2.0/backend/venv/lib/python3.13/site-packages/sqlalchemy/engine/base.py", line 1986, in _exec_single_context
    self._handle_dbapi_exception(
    ~~~~~~~~~~~~~~~~~~~~~~~~~~~~^
        e, str_statement, effective_parameters, cursor, context
        ^^^^^^^^^^^^^^^^^^^^^^^^^^^^^^^^^^^^^^^^^^^^^^^^^^^^^^^
    )
    ^
  File "/home/alexandre/Dev/Croo Digital Experience/croo-digital-experience-v.2.0/backend/venv/lib/python3.13/site-packages/sqlalchemy/engine/base.py", line 2363, in _handle_dbapi_exception
    raise sqlalchemy_exception.with_traceback(exc_info[2]) from e
  File "/home/alexandre/Dev/Croo Digital Experience/croo-digital-experience-v.2.0/backend/venv/lib/python3.13/site-packages/sqlalchemy/engine/base.py", line 1967, in _exec_single_context
    self.dialect.do_execute(
    ~~~~~~~~~~~~~~~~~~~~~~~^
        cursor, str_statement, effective_parameters, context
        ^^^^^^^^^^^^^^^^^^^^^^^^^^^^^^^^^^^^^^^^^^^^^^^^^^^^
    )
    ^
  File "/home/alexandre/Dev/Croo Digital Experience/croo-digital-experience-v.2.0/backend/venv/lib/python3.13/site-packages/sqlalchemy/engine/default.py", line 952, in do_execute
    cursor.execute(statement, parameters)
    ~~~~~~~~~~~~~~^^^^^^^^^^^^^^^^^^^^^^^
sqlalchemy.exc.ProgrammingError: (psycopg2.errors.UndefinedColumn) column contacts.seniority does not exist
LINE 1: ...itle, contacts.department AS contacts_department, contacts.s...
                                                             ^

[SQL: SELECT contacts.id AS contacts_id, contacts.first_name AS contacts_first_name, contacts.last_name AS contacts_last_name, contacts.email AS contacts_email, contacts.phone AS contacts_phone, contacts.mobile AS contacts_mobile, contacts.job_title AS contacts_job_title, contacts.department AS contacts_department, contacts.seniority AS contacts_seniority, contacts.status AS contacts_status, contacts.linkedin_url AS contacts_linkedin_url, contacts.notes AS contacts_notes, contacts.contact_profile AS contacts_contact_profile, contacts.organization_id AS contacts_organization_id, contacts.owner_id AS contacts_owner_id, contacts.tenant_id AS contacts_tenant_id, contacts.created_at AS contacts_created_at, contacts.updated_at AS contacts_updated_at, contacts.created_by AS contacts_created_by, contacts.updated_by AS contacts_updated_by, contacts.version AS contacts_version, contacts.is_deleted AS contacts_is_deleted, contacts.deleted_at AS contacts_deleted_at, contacts.deleted_by AS contacts_deleted_by, contacts.deleted_reason AS contacts_deleted_reason 
FROM contacts 
WHERE contacts.tenant_id = %(tenant_id_1)s AND contacts.is_deleted = false ORDER BY contacts.last_name, contacts.first_name 
 LIMIT %(param_1)s OFFSET %(param_2)s]
[parameters: {'tenant_id_1': 'default', 'param_1': 1, 'param_2': 0}]
(Background on this error at: https://sqlalche.me/e/20/f405)
INFO:     ::1:59224 - "GET /api/v1/activities?skip=0&limit=1 HTTP/1.1" 500 Internal Server Error
ERROR:    Exception in ASGI application
Traceback (most recent call last):
  File "/home/alexandre/Dev/Croo Digital Experience/croo-digital-experience-v.2.0/backend/venv/lib/python3.13/site-packages/sqlalchemy/engine/base.py", line 1967, in _exec_single_context
    self.dialect.do_execute(
    ~~~~~~~~~~~~~~~~~~~~~~~^
        cursor, str_statement, effective_parameters, context
        ^^^^^^^^^^^^^^^^^^^^^^^^^^^^^^^^^^^^^^^^^^^^^^^^^^^^
    )
    ^
  File "/home/alexandre/Dev/Croo Digital Experience/croo-digital-experience-v.2.0/backend/venv/lib/python3.13/site-packages/sqlalchemy/engine/default.py", line 952, in do_execute
    cursor.execute(statement, parameters)
    ~~~~~~~~~~~~~~^^^^^^^^^^^^^^^^^^^^^^^
psycopg2.errors.UndefinedColumn: column contacts.seniority does not exist
LINE 1: ...itle, contacts.department AS contacts_department, contacts.s...
                                                             ^


The above exception was the direct cause of the following exception:

Traceback (most recent call last):
  File "/home/alexandre/Dev/Croo Digital Experience/croo-digital-experience-v.2.0/backend/venv/lib/python3.13/site-packages/uvicorn/protocols/http/httptools_impl.py", line 416, in run_asgi
    result = await app(  # type: ignore[func-returns-value]
             ^^^^^^^^^^^^^^^^^^^^^^^^^^^^^^^^^^^^^^^^^^^^^^
        self.scope, self.receive, self.send
        ^^^^^^^^^^^^^^^^^^^^^^^^^^^^^^^^^^^
    )
    ^
  File "/home/alexandre/Dev/Croo Digital Experience/croo-digital-experience-v.2.0/backend/venv/lib/python3.13/site-packages/uvicorn/middleware/proxy_headers.py", line 60, in __call__
    return await self.app(scope, receive, send)
           ^^^^^^^^^^^^^^^^^^^^^^^^^^^^^^^^^^^^
  File "/home/alexandre/Dev/Croo Digital Experience/croo-digital-experience-v.2.0/backend/venv/lib/python3.13/site-packages/fastapi/applications.py", line 1135, in __call__
    await super().__call__(scope, receive, send)
  File "/home/alexandre/Dev/Croo Digital Experience/croo-digital-experience-v.2.0/backend/venv/lib/python3.13/site-packages/starlette/applications.py", line 107, in __call__
    await self.middleware_stack(scope, receive, send)
  File "/home/alexandre/Dev/Croo Digital Experience/croo-digital-experience-v.2.0/backend/venv/lib/python3.13/site-packages/starlette/middleware/errors.py", line 186, in __call__
    raise exc
  File "/home/alexandre/Dev/Croo Digital Experience/croo-digital-experience-v.2.0/backend/venv/lib/python3.13/site-packages/starlette/middleware/errors.py", line 164, in __call__
    await self.app(scope, receive, _send)
  File "/home/alexandre/Dev/Croo Digital Experience/croo-digital-experience-v.2.0/backend/venv/lib/python3.13/site-packages/starlette/middleware/cors.py", line 93, in __call__
    await self.simple_response(scope, receive, send, request_headers=headers)
  File "/home/alexandre/Dev/Croo Digital Experience/croo-digital-experience-v.2.0/backend/venv/lib/python3.13/site-packages/starlette/middleware/cors.py", line 144, in simple_response
    await self.app(scope, receive, send)
  File "/home/alexandre/Dev/Croo Digital Experience/croo-digital-experience-v.2.0/backend/venv/lib/python3.13/site-packages/starlette/middleware/exceptions.py", line 63, in __call__
    await wrap_app_handling_exceptions(self.app, conn)(scope, receive, send)
  File "/home/alexandre/Dev/Croo Digital Experience/croo-digital-experience-v.2.0/backend/venv/lib/python3.13/site-packages/starlette/_exception_handler.py", line 53, in wrapped_app
    raise exc
  File "/home/alexandre/Dev/Croo Digital Experience/croo-digital-experience-v.2.0/backend/venv/lib/python3.13/site-packages/starlette/_exception_handler.py", line 42, in wrapped_app
    await app(scope, receive, sender)
  File "/home/alexandre/Dev/Croo Digital Experience/croo-digital-experience-v.2.0/backend/venv/lib/python3.13/site-packages/fastapi/middleware/asyncexitstack.py", line 18, in __call__
    await self.app(scope, receive, send)
  File "/home/alexandre/Dev/Croo Digital Experience/croo-digital-experience-v.2.0/backend/venv/lib/python3.13/site-packages/starlette/routing.py", line 716, in __call__
    await self.middleware_stack(scope, receive, send)
  File "/home/alexandre/Dev/Croo Digital Experience/croo-digital-experience-v.2.0/backend/venv/lib/python3.13/site-packages/starlette/routing.py", line 736, in app
    await route.handle(scope, receive, send)
  File "/home/alexandre/Dev/Croo Digital Experience/croo-digital-experience-v.2.0/backend/venv/lib/python3.13/site-packages/starlette/routing.py", line 290, in handle
    await self.app(scope, receive, send)
  File "/home/alexandre/Dev/Croo Digital Experience/croo-digital-experience-v.2.0/backend/venv/lib/python3.13/site-packages/fastapi/routing.py", line 120, in app
    await wrap_app_handling_exceptions(app, request)(scope, receive, send)
  File "/home/alexandre/Dev/Croo Digital Experience/croo-digital-experience-v.2.0/backend/venv/lib/python3.13/site-packages/starlette/_exception_handler.py", line 53, in wrapped_app
    raise exc
  File "/home/alexandre/Dev/Croo Digital Experience/croo-digital-experience-v.2.0/backend/venv/lib/python3.13/site-packages/starlette/_exception_handler.py", line 42, in wrapped_app
    await app(scope, receive, sender)
  File "/home/alexandre/Dev/Croo Digital Experience/croo-digital-experience-v.2.0/backend/venv/lib/python3.13/site-packages/fastapi/routing.py", line 106, in app
    response = await f(request)
               ^^^^^^^^^^^^^^^^
  File "/home/alexandre/Dev/Croo Digital Experience/croo-digital-experience-v.2.0/backend/venv/lib/python3.13/site-packages/fastapi/routing.py", line 427, in app
    raw_response = await run_endpoint_function(
                   ^^^^^^^^^^^^^^^^^^^^^^^^^^^^
    ...<3 lines>...
    )
    ^
  File "/home/alexandre/Dev/Croo Digital Experience/croo-digital-experience-v.2.0/backend/venv/lib/python3.13/site-packages/fastapi/routing.py", line 313, in run_endpoint_function
    return await dependant.call(**values)
           ^^^^^^^^^^^^^^^^^^^^^^^^^^^^^^
  File "/home/alexandre/Dev/Croo Digital Experience/croo-digital-experience-v.2.0/backend/app/presentation/routes/activity_routes.py", line 31, in list_activities
    items = repo.list_all(current_user["tenant_id"], skip, limit, organization_id, contact_id, opportunity_id, activity_status)
  File "/home/alexandre/Dev/Croo Digital Experience/croo-digital-experience-v.2.0/backend/app/infrastructure/persistence/activity_repository.py", line 72, in list_all
    return query.order_by(Activity.due_date.desc().nullslast()).offset(skip).limit(limit).all()
           ~~~~~~~~~~~~~~~~~~~~~~~~~~~~~~~~~~~~~~~~~~~~~~~~~~~~~~~~~~~~~~~~~~~~~~~~~~~~~~~~~~^^
  File "/home/alexandre/Dev/Croo Digital Experience/croo-digital-experience-v.2.0/backend/venv/lib/python3.13/site-packages/sqlalchemy/orm/query.py", line 2704, in all
    return self._iter().all()  # type: ignore
           ~~~~~~~~~~~~~~~~^^
  File "/home/alexandre/Dev/Croo Digital Experience/croo-digital-experience-v.2.0/backend/venv/lib/python3.13/site-packages/sqlalchemy/engine/result.py", line 1786, in all
    return self._allrows()
           ~~~~~~~~~~~~~^^
  File "/home/alexandre/Dev/Croo Digital Experience/croo-digital-experience-v.2.0/backend/venv/lib/python3.13/site-packages/sqlalchemy/engine/result.py", line 560, in _allrows
    rows = self._fetchall_impl()
  File "/home/alexandre/Dev/Croo Digital Experience/croo-digital-experience-v.2.0/backend/venv/lib/python3.13/site-packages/sqlalchemy/engine/result.py", line 1693, in _fetchall_impl
    return self._real_result._fetchall_impl()
           ~~~~~~~~~~~~~~~~~~~~~~~~~~~~~~~~^^
  File "/home/alexandre/Dev/Croo Digital Experience/croo-digital-experience-v.2.0/backend/venv/lib/python3.13/site-packages/sqlalchemy/engine/result.py", line 2287, in _fetchall_impl
    return list(self.iterator)
  File "/home/alexandre/Dev/Croo Digital Experience/croo-digital-experience-v.2.0/backend/venv/lib/python3.13/site-packages/sqlalchemy/orm/loading.py", line 247, in chunks
    post_load.invoke(context, path)
    ~~~~~~~~~~~~~~~~^^^^^^^^^^^^^^^
  File "/home/alexandre/Dev/Croo Digital Experience/croo-digital-experience-v.2.0/backend/venv/lib/python3.13/site-packages/sqlalchemy/orm/loading.py", line 1564, in invoke
    loader(
    ~~~~~~^
        effective_context, path, states, self.load_keys, *arg, **kw
        ^^^^^^^^^^^^^^^^^^^^^^^^^^^^^^^^^^^^^^^^^^^^^^^^^^^^^^^^^^^
    )
    ^
  File "/home/alexandre/Dev/Croo Digital Experience/croo-digital-experience-v.2.0/backend/venv/lib/python3.13/site-packages/sqlalchemy/orm/strategies.py", line 3338, in _load_for_path
    self._load_via_parent(
    ~~~~~~~~~~~~~~~~~~~~~^
        our_states, query_info, q, context, execution_options
        ^^^^^^^^^^^^^^^^^^^^^^^^^^^^^^^^^^^^^^^^^^^^^^^^^^^^^
    )
    ^
  File "/home/alexandre/Dev/Croo Digital Experience/croo-digital-experience-v.2.0/backend/venv/lib/python3.13/site-packages/sqlalchemy/orm/strategies.py", line 3414, in _load_via_parent
    context.session.execute(
    ~~~~~~~~~~~~~~~~~~~~~~~^
        q,
        ^^
        params={"primary_keys": primary_keys},
        ^^^^^^^^^^^^^^^^^^^^^^^^^^^^^^^^^^^^^^
        execution_options=execution_options,
        ^^^^^^^^^^^^^^^^^^^^^^^^^^^^^^^^^^^^
    ).unique(),
    ^
  File "/home/alexandre/Dev/Croo Digital Experience/croo-digital-experience-v.2.0/backend/venv/lib/python3.13/site-packages/sqlalchemy/orm/session.py", line 2351, in execute
    return self._execute_internal(
           ~~~~~~~~~~~~~~~~~~~~~~^
        statement,
        ^^^^^^^^^^
    ...<4 lines>...
        _add_event=_add_event,
        ^^^^^^^^^^^^^^^^^^^^^^
    )
    ^
  File "/home/alexandre/Dev/Croo Digital Experience/croo-digital-experience-v.2.0/backend/venv/lib/python3.13/site-packages/sqlalchemy/orm/session.py", line 2249, in _execute_internal
    result: Result[Any] = compile_state_cls.orm_execute_statement(
                          ~~~~~~~~~~~~~~~~~~~~~~~~~~~~~~~~~~~~~~~^
        self,
        ^^^^^
    ...<4 lines>...
        conn,
        ^^^^^
    )
    ^
  File "/home/alexandre/Dev/Croo Digital Experience/croo-digital-experience-v.2.0/backend/venv/lib/python3.13/site-packages/sqlalchemy/orm/context.py", line 306, in orm_execute_statement
    result = conn.execute(
        statement, params or {}, execution_options=execution_options
    )
  File "/home/alexandre/Dev/Croo Digital Experience/croo-digital-experience-v.2.0/backend/venv/lib/python3.13/site-packages/sqlalchemy/engine/base.py", line 1419, in execute
    return meth(
        self,
        distilled_parameters,
        execution_options or NO_OPTIONS,
    )
  File "/home/alexandre/Dev/Croo Digital Experience/croo-digital-experience-v.2.0/backend/venv/lib/python3.13/site-packages/sqlalchemy/sql/elements.py", line 527, in _execute_on_connection
    return connection._execute_clauseelement(
           ~~~~~~~~~~~~~~~~~~~~~~~~~~~~~~~~~^
        self, distilled_params, execution_options
        ^^^^^^^^^^^^^^^^^^^^^^^^^^^^^^^^^^^^^^^^^
    )
    ^
  File "/home/alexandre/Dev/Croo Digital Experience/croo-digital-experience-v.2.0/backend/venv/lib/python3.13/site-packages/sqlalchemy/engine/base.py", line 1641, in _execute_clauseelement
    ret = self._execute_context(
        dialect,
    ...<8 lines>...
        cache_hit=cache_hit,
    )
  File "/home/alexandre/Dev/Croo Digital Experience/croo-digital-experience-v.2.0/backend/venv/lib/python3.13/site-packages/sqlalchemy/engine/base.py", line 1846, in _execute_context
    return self._exec_single_context(
           ~~~~~~~~~~~~~~~~~~~~~~~~~^
        dialect, context, statement, parameters
        ^^^^^^^^^^^^^^^^^^^^^^^^^^^^^^^^^^^^^^^
    )
    ^
  File "/home/alexandre/Dev/Croo Digital Experience/croo-digital-experience-v.2.0/backend/venv/lib/python3.13/site-packages/sqlalchemy/engine/base.py", line 1986, in _exec_single_context
    self._handle_dbapi_exception(
    ~~~~~~~~~~~~~~~~~~~~~~~~~~~~^
        e, str_statement, effective_parameters, cursor, context
        ^^^^^^^^^^^^^^^^^^^^^^^^^^^^^^^^^^^^^^^^^^^^^^^^^^^^^^^
    )
    ^
  File "/home/alexandre/Dev/Croo Digital Experience/croo-digital-experience-v.2.0/backend/venv/lib/python3.13/site-packages/sqlalchemy/engine/base.py", line 2363, in _handle_dbapi_exception
    raise sqlalchemy_exception.with_traceback(exc_info[2]) from e
  File "/home/alexandre/Dev/Croo Digital Experience/croo-digital-experience-v.2.0/backend/venv/lib/python3.13/site-packages/sqlalchemy/engine/base.py", line 1967, in _exec_single_context
    self.dialect.do_execute(
    ~~~~~~~~~~~~~~~~~~~~~~~^
        cursor, str_statement, effective_parameters, context
        ^^^^^^^^^^^^^^^^^^^^^^^^^^^^^^^^^^^^^^^^^^^^^^^^^^^^
    )
    ^
  File "/home/alexandre/Dev/Croo Digital Experience/croo-digital-experience-v.2.0/backend/venv/lib/python3.13/site-packages/sqlalchemy/engine/default.py", line 952, in do_execute
    cursor.execute(statement, parameters)
    ~~~~~~~~~~~~~~^^^^^^^^^^^^^^^^^^^^^^^
sqlalchemy.exc.ProgrammingError: (psycopg2.errors.UndefinedColumn) column contacts.seniority does not exist
LINE 1: ...itle, contacts.department AS contacts_department, contacts.s...
                                                             ^

[SQL: SELECT activities_1.id AS activities_1_id, contacts.id AS contacts_id, contacts.first_name AS contacts_first_name, contacts.last_name AS contacts_last_name, contacts.email AS contacts_email, contacts.phone AS contacts_phone, contacts.mobile AS contacts_mobile, contacts.job_title AS contacts_job_title, contacts.department AS contacts_department, contacts.seniority AS contacts_seniority, contacts.status AS contacts_status, contacts.linkedin_url AS contacts_linkedin_url, contacts.notes AS contacts_notes, contacts.contact_profile AS contacts_contact_profile, contacts.organization_id AS contacts_organization_id, contacts.owner_id AS contacts_owner_id, contacts.tenant_id AS contacts_tenant_id, contacts.created_at AS contacts_created_at, contacts.updated_at AS contacts_updated_at, contacts.created_by AS contacts_created_by, contacts.updated_by AS contacts_updated_by, contacts.version AS contacts_version, contacts.is_deleted AS contacts_is_deleted, contacts.deleted_at AS contacts_deleted_at, contacts.deleted_by AS contacts_deleted_by, contacts.deleted_reason AS contacts_deleted_reason 
FROM activities AS activities_1 JOIN activity_contacts AS activity_contacts_1 ON activities_1.id = activity_contacts_1.activity_id JOIN contacts ON contacts.id = activity_contacts_1.contact_id 
WHERE activities_1.id IN (%(primary_keys_1)s)]
[parameters: {'primary_keys_1': '3955f19e-12e2-4a09-ae07-fe3727db7798'}]
(Background on this error at: https://sqlalche.me/e/20/f405)
INFO:     ::1:47866 - "GET /api/v1/organizations?skip=0&limit=50 HTTP/1.1" 200 OK
INFO:     ::1:43842 - "OPTIONS /api/v1/organizations/0f5342d9-1c5a-4859-8bd7-2eba5130c277 HTTP/1.1" 200 OK
INFO:     ::1:43842 - "GET /api/v1/organizations/0f5342d9-1c5a-4859-8bd7-2eba5130c277 HTTP/1.1" 200 OK
INFO:     ::1:43842 - "OPTIONS /api/v1/contacts?skip=0&limit=10&organization_id=0f5342d9-1c5a-4859-8bd7-2eba5130c277 HTTP/1.1" 200 OK
INFO:     ::1:43844 - "OPTIONS /api/v1/opportunities?skip=0&limit=10&organization_id=0f5342d9-1c5a-4859-8bd7-2eba5130c277 HTTP/1.1" 200 OK
INFO:     ::1:43856 - "OPTIONS /api/v1/activities?skip=0&limit=10&organization_id=0f5342d9-1c5a-4859-8bd7-2eba5130c277 HTTP/1.1" 200 OK
INFO:     ::1:43842 - "GET /api/v1/contacts?skip=0&limit=10&organization_id=0f5342d9-1c5a-4859-8bd7-2eba5130c277 HTTP/1.1" 500 Internal Server Error
ERROR:    Exception in ASGI application
Traceback (most recent call last):
  File "/home/alexandre/Dev/Croo Digital Experience/croo-digital-experience-v.2.0/backend/venv/lib/python3.13/site-packages/sqlalchemy/engine/base.py", line 1967, in _exec_single_context
    self.dialect.do_execute(
    ~~~~~~~~~~~~~~~~~~~~~~~^
        cursor, str_statement, effective_parameters, context
        ^^^^^^^^^^^^^^^^^^^^^^^^^^^^^^^^^^^^^^^^^^^^^^^^^^^^
    )
    ^
  File "/home/alexandre/Dev/Croo Digital Experience/croo-digital-experience-v.2.0/backend/venv/lib/python3.13/site-packages/sqlalchemy/engine/default.py", line 952, in do_execute
    cursor.execute(statement, parameters)
    ~~~~~~~~~~~~~~^^^^^^^^^^^^^^^^^^^^^^^
psycopg2.errors.UndefinedColumn: column contacts.seniority does not exist
LINE 1: ...itle, contacts.department AS contacts_department, contacts.s...
                                                             ^


The above exception was the direct cause of the following exception:

Traceback (most recent call last):
  File "/home/alexandre/Dev/Croo Digital Experience/croo-digital-experience-v.2.0/backend/venv/lib/python3.13/site-packages/uvicorn/protocols/http/httptools_impl.py", line 416, in run_asgi
    result = await app(  # type: ignore[func-returns-value]
             ^^^^^^^^^^^^^^^^^^^^^^^^^^^^^^^^^^^^^^^^^^^^^^
        self.scope, self.receive, self.send
        ^^^^^^^^^^^^^^^^^^^^^^^^^^^^^^^^^^^
    )
    ^
  File "/home/alexandre/Dev/Croo Digital Experience/croo-digital-experience-v.2.0/backend/venv/lib/python3.13/site-packages/uvicorn/middleware/proxy_headers.py", line 60, in __call__
    return await self.app(scope, receive, send)
           ^^^^^^^^^^^^^^^^^^^^^^^^^^^^^^^^^^^^
  File "/home/alexandre/Dev/Croo Digital Experience/croo-digital-experience-v.2.0/backend/venv/lib/python3.13/site-packages/fastapi/applications.py", line 1135, in __call__
    await super().__call__(scope, receive, send)
  File "/home/alexandre/Dev/Croo Digital Experience/croo-digital-experience-v.2.0/backend/venv/lib/python3.13/site-packages/starlette/applications.py", line 107, in __call__
    await self.middleware_stack(scope, receive, send)
  File "/home/alexandre/Dev/Croo Digital Experience/croo-digital-experience-v.2.0/backend/venv/lib/python3.13/site-packages/starlette/middleware/errors.py", line 186, in __call__
    raise exc
  File "/home/alexandre/Dev/Croo Digital Experience/croo-digital-experience-v.2.0/backend/venv/lib/python3.13/site-packages/starlette/middleware/errors.py", line 164, in __call__
    await self.app(scope, receive, _send)
  File "/home/alexandre/Dev/Croo Digital Experience/croo-digital-experience-v.2.0/backend/venv/lib/python3.13/site-packages/starlette/middleware/cors.py", line 93, in __call__
    await self.simple_response(scope, receive, send, request_headers=headers)
  File "/home/alexandre/Dev/Croo Digital Experience/croo-digital-experience-v.2.0/backend/venv/lib/python3.13/site-packages/starlette/middleware/cors.py", line 144, in simple_response
    await self.app(scope, receive, send)
  File "/home/alexandre/Dev/Croo Digital Experience/croo-digital-experience-v.2.0/backend/venv/lib/python3.13/site-packages/starlette/middleware/exceptions.py", line 63, in __call__
    await wrap_app_handling_exceptions(self.app, conn)(scope, receive, send)
  File "/home/alexandre/Dev/Croo Digital Experience/croo-digital-experience-v.2.0/backend/venv/lib/python3.13/site-packages/starlette/_exception_handler.py", line 53, in wrapped_app
    raise exc
  File "/home/alexandre/Dev/Croo Digital Experience/croo-digital-experience-v.2.0/backend/venv/lib/python3.13/site-packages/starlette/_exception_handler.py", line 42, in wrapped_app
    await app(scope, receive, sender)
  File "/home/alexandre/Dev/Croo Digital Experience/croo-digital-experience-v.2.0/backend/venv/lib/python3.13/site-packages/fastapi/middleware/asyncexitstack.py", line 18, in __call__
    await self.app(scope, receive, send)
  File "/home/alexandre/Dev/Croo Digital Experience/croo-digital-experience-v.2.0/backend/venv/lib/python3.13/site-packages/starlette/routing.py", line 716, in __call__
    await self.middleware_stack(scope, receive, send)
  File "/home/alexandre/Dev/Croo Digital Experience/croo-digital-experience-v.2.0/backend/venv/lib/python3.13/site-packages/starlette/routing.py", line 736, in app
    await route.handle(scope, receive, send)
  File "/home/alexandre/Dev/Croo Digital Experience/croo-digital-experience-v.2.0/backend/venv/lib/python3.13/site-packages/starlette/routing.py", line 290, in handle
    await self.app(scope, receive, send)
  File "/home/alexandre/Dev/Croo Digital Experience/croo-digital-experience-v.2.0/backend/venv/lib/python3.13/site-packages/fastapi/routing.py", line 120, in app
    await wrap_app_handling_exceptions(app, request)(scope, receive, send)
  File "/home/alexandre/Dev/Croo Digital Experience/croo-digital-experience-v.2.0/backend/venv/lib/python3.13/site-packages/starlette/_exception_handler.py", line 53, in wrapped_app
    raise exc
  File "/home/alexandre/Dev/Croo Digital Experience/croo-digital-experience-v.2.0/backend/venv/lib/python3.13/site-packages/starlette/_exception_handler.py", line 42, in wrapped_app
    await app(scope, receive, sender)
  File "/home/alexandre/Dev/Croo Digital Experience/croo-digital-experience-v.2.0/backend/venv/lib/python3.13/site-packages/fastapi/routing.py", line 106, in app
    response = await f(request)
               ^^^^^^^^^^^^^^^^
  File "/home/alexandre/Dev/Croo Digital Experience/croo-digital-experience-v.2.0/backend/venv/lib/python3.13/site-packages/fastapi/routing.py", line 427, in app
    raw_response = await run_endpoint_function(
                   ^^^^^^^^^^^^^^^^^^^^^^^^^^^^
    ...<3 lines>...
    )
    ^
  File "/home/alexandre/Dev/Croo Digital Experience/croo-digital-experience-v.2.0/backend/venv/lib/python3.13/site-packages/fastapi/routing.py", line 313, in run_endpoint_function
    return await dependant.call(**values)
           ^^^^^^^^^^^^^^^^^^^^^^^^^^^^^^
  File "/home/alexandre/Dev/Croo Digital Experience/croo-digital-experience-v.2.0/backend/app/presentation/routes/contact_routes.py", line 30, in list_contacts
    items = repo.list_all(current_user["tenant_id"], skip, limit, search, organization_id)
  File "/home/alexandre/Dev/Croo Digital Experience/croo-digital-experience-v.2.0/backend/app/infrastructure/persistence/contact_repository.py", line 34, in list_all
    return query.order_by(Contact.last_name, Contact.first_name).offset(skip).limit(limit).all()
           ~~~~~~~~~~~~~~~~~~~~~~~~~~~~~~~~~~~~~~~~~~~~~~~~~~~~~~~~~~~~~~~~~~~~~~~~~~~~~~~~~~~^^
  File "/home/alexandre/Dev/Croo Digital Experience/croo-digital-experience-v.2.0/backend/venv/lib/python3.13/site-packages/sqlalchemy/orm/query.py", line 2704, in all
    return self._iter().all()  # type: ignore
           ~~~~~~~~~~^^
  File "/home/alexandre/Dev/Croo Digital Experience/croo-digital-experience-v.2.0/backend/venv/lib/python3.13/site-packages/sqlalchemy/orm/query.py", line 2857, in _iter
    result: Union[ScalarResult[_T], Result[_T]] = self.session.execute(
                                                  ~~~~~~~~~~~~~~~~~~~~^
        statement,
        ^^^^^^^^^^
        params,
        ^^^^^^^
        execution_options={"_sa_orm_load_options": self.load_options},
        ^^^^^^^^^^^^^^^^^^^^^^^^^^^^^^^^^^^^^^^^^^^^^^^^^^^^^^^^^^^^^^
    )
    ^
  File "/home/alexandre/Dev/Croo Digital Experience/croo-digital-experience-v.2.0/backend/venv/lib/python3.13/site-packages/sqlalchemy/orm/session.py", line 2351, in execute
    return self._execute_internal(
           ~~~~~~~~~~~~~~~~~~~~~~^
        statement,
        ^^^^^^^^^^
    ...<4 lines>...
        _add_event=_add_event,
        ^^^^^^^^^^^^^^^^^^^^^^
    )
    ^
  File "/home/alexandre/Dev/Croo Digital Experience/croo-digital-experience-v.2.0/backend/venv/lib/python3.13/site-packages/sqlalchemy/orm/session.py", line 2249, in _execute_internal
    result: Result[Any] = compile_state_cls.orm_execute_statement(
                          ~~~~~~~~~~~~~~~~~~~~~~~~~~~~~~~~~~~~~~~^
        self,
        ^^^^^
    ...<4 lines>...
        conn,
        ^^^^^
    )
    ^
  File "/home/alexandre/Dev/Croo Digital Experience/croo-digital-experience-v.2.0/backend/venv/lib/python3.13/site-packages/sqlalchemy/orm/context.py", line 306, in orm_execute_statement
    result = conn.execute(
        statement, params or {}, execution_options=execution_options
    )
  File "/home/alexandre/Dev/Croo Digital Experience/croo-digital-experience-v.2.0/backend/venv/lib/python3.13/site-packages/sqlalchemy/engine/base.py", line 1419, in execute
    return meth(
        self,
        distilled_parameters,
        execution_options or NO_OPTIONS,
    )
  File "/home/alexandre/Dev/Croo Digital Experience/croo-digital-experience-v.2.0/backend/venv/lib/python3.13/site-packages/sqlalchemy/sql/elements.py", line 527, in _execute_on_connection
    return connection._execute_clauseelement(
           ~~~~~~~~~~~~~~~~~~~~~~~~~~~~~~~~~^
        self, distilled_params, execution_options
        ^^^^^^^^^^^^^^^^^^^^^^^^^^^^^^^^^^^^^^^^^
    )
    ^
  File "/home/alexandre/Dev/Croo Digital Experience/croo-digital-experience-v.2.0/backend/venv/lib/python3.13/site-packages/sqlalchemy/engine/base.py", line 1641, in _execute_clauseelement
    ret = self._execute_context(
        dialect,
    ...<8 lines>...
        cache_hit=cache_hit,
    )
  File "/home/alexandre/Dev/Croo Digital Experience/croo-digital-experience-v.2.0/backend/venv/lib/python3.13/site-packages/sqlalchemy/engine/base.py", line 1846, in _execute_context
    return self._exec_single_context(
           ~~~~~~~~~~~~~~~~~~~~~~~~~^
        dialect, context, statement, parameters
        ^^^^^^^^^^^^^^^^^^^^^^^^^^^^^^^^^^^^^^^
    )
    ^
  File "/home/alexandre/Dev/Croo Digital Experience/croo-digital-experience-v.2.0/backend/venv/lib/python3.13/site-packages/sqlalchemy/engine/base.py", line 1986, in _exec_single_context
    self._handle_dbapi_exception(
    ~~~~~~~~~~~~~~~~~~~~~~~~~~~~^
        e, str_statement, effective_parameters, cursor, context
        ^^^^^^^^^^^^^^^^^^^^^^^^^^^^^^^^^^^^^^^^^^^^^^^^^^^^^^^
    )
    ^
  File "/home/alexandre/Dev/Croo Digital Experience/croo-digital-experience-v.2.0/backend/venv/lib/python3.13/site-packages/sqlalchemy/engine/base.py", line 2363, in _handle_dbapi_exception
    raise sqlalchemy_exception.with_traceback(exc_info[2]) from e
  File "/home/alexandre/Dev/Croo Digital Experience/croo-digital-experience-v.2.0/backend/venv/lib/python3.13/site-packages/sqlalchemy/engine/base.py", line 1967, in _exec_single_context
    self.dialect.do_execute(
    ~~~~~~~~~~~~~~~~~~~~~~~^
        cursor, str_statement, effective_parameters, context
        ^^^^^^^^^^^^^^^^^^^^^^^^^^^^^^^^^^^^^^^^^^^^^^^^^^^^
    )
    ^
  File "/home/alexandre/Dev/Croo Digital Experience/croo-digital-experience-v.2.0/backend/venv/lib/python3.13/site-packages/sqlalchemy/engine/default.py", line 952, in do_execute
    cursor.execute(statement, parameters)
    ~~~~~~~~~~~~~~^^^^^^^^^^^^^^^^^^^^^^^
sqlalchemy.exc.ProgrammingError: (psycopg2.errors.UndefinedColumn) column contacts.seniority does not exist
LINE 1: ...itle, contacts.department AS contacts_department, contacts.s...
                                                             ^

[SQL: SELECT contacts.id AS contacts_id, contacts.first_name AS contacts_first_name, contacts.last_name AS contacts_last_name, contacts.email AS contacts_email, contacts.phone AS contacts_phone, contacts.mobile AS contacts_mobile, contacts.job_title AS contacts_job_title, contacts.department AS contacts_department, contacts.seniority AS contacts_seniority, contacts.status AS contacts_status, contacts.linkedin_url AS contacts_linkedin_url, contacts.notes AS contacts_notes, contacts.contact_profile AS contacts_contact_profile, contacts.organization_id AS contacts_organization_id, contacts.owner_id AS contacts_owner_id, contacts.tenant_id AS contacts_tenant_id, contacts.created_at AS contacts_created_at, contacts.updated_at AS contacts_updated_at, contacts.created_by AS contacts_created_by, contacts.updated_by AS contacts_updated_by, contacts.version AS contacts_version, contacts.is_deleted AS contacts_is_deleted, contacts.deleted_at AS contacts_deleted_at, contacts.deleted_by AS contacts_deleted_by, contacts.deleted_reason AS contacts_deleted_reason 
FROM contacts 
WHERE contacts.tenant_id = %(tenant_id_1)s AND contacts.is_deleted = false AND contacts.organization_id = %(organization_id_1)s ORDER BY contacts.last_name, contacts.first_name 
 LIMIT %(param_1)s OFFSET %(param_2)s]
[parameters: {'tenant_id_1': 'default', 'organization_id_1': '0f5342d9-1c5a-4859-8bd7-2eba5130c277', 'param_1': 10, 'param_2': 0}]
(Background on this error at: https://sqlalche.me/e/20/f405)
INFO:     ::1:43844 - "GET /api/v1/activities?skip=0&limit=10&organization_id=0f5342d9-1c5a-4859-8bd7-2eba5130c277 HTTP/1.1" 200 OK
INFO:     ::1:43856 - "GET /api/v1/opportunities?skip=0&limit=10&organization_id=0f5342d9-1c5a-4859-8bd7-2eba5130c277 HTTP/1.1" 200 OK
INFO:     ::1:53526 - "OPTIONS /api/v1/auth/login HTTP/1.1" 200 OK
INFO:     ::1:53526 - "POST /api/v1/auth/login HTTP/1.1" 200 OK
INFO:     ::1:53526 - "OPTIONS /api/v1/auth/me HTTP/1.1" 200 OK
INFO:     ::1:53526 - "GET /api/v1/auth/me HTTP/1.1" 200 OK
INFO:     ::1:53528 - "OPTIONS /api/v1/bcc/organizations HTTP/1.1" 200 OK
INFO:     ::1:53530 - "OPTIONS /api/v1/organizations?skip=0&limit=1 HTTP/1.1" 200 OK
INFO:     ::1:53542 - "OPTIONS /api/v1/contacts?skip=0&limit=1 HTTP/1.1" 200 OK
INFO:     ::1:53544 - "OPTIONS /api/v1/opportunities?skip=0&limit=1 HTTP/1.1" 200 OK
INFO:     ::1:53552 - "OPTIONS /api/v1/quotes?skip=0&limit=1 HTTP/1.1" 200 OK
INFO:     ::1:53552 - "OPTIONS /api/v1/activities?skip=0&limit=1 HTTP/1.1" 200 OK
INFO:     ::1:53542 - "GET /api/v1/opportunities?skip=0&limit=1 HTTP/1.1" 200 OK
INFO:     ::1:53526 - "GET /api/v1/auth/me HTTP/1.1" 200 OK
INFO:     ::1:53552 - "GET /api/v1/organizations?skip=0&limit=1 HTTP/1.1" 200 OK
INFO:     ::1:53530 - "GET /api/v1/quotes?skip=0&limit=1 HTTP/1.1" 200 OK
INFO:     ::1:53528 - "GET /api/v1/bcc/organizations HTTP/1.1" 200 OK
INFO:     ::1:53544 - "GET /api/v1/contacts?skip=0&limit=1 HTTP/1.1" 500 Internal Server Error
ERROR:    Exception in ASGI application
Traceback (most recent call last):
  File "/home/alexandre/Dev/Croo Digital Experience/croo-digital-experience-v.2.0/backend/venv/lib/python3.13/site-packages/sqlalchemy/engine/base.py", line 1967, in _exec_single_context
    self.dialect.do_execute(
    ~~~~~~~~~~~~~~~~~~~~~~~^
        cursor, str_statement, effective_parameters, context
        ^^^^^^^^^^^^^^^^^^^^^^^^^^^^^^^^^^^^^^^^^^^^^^^^^^^^
    )
    ^
  File "/home/alexandre/Dev/Croo Digital Experience/croo-digital-experience-v.2.0/backend/venv/lib/python3.13/site-packages/sqlalchemy/engine/default.py", line 952, in do_execute
    cursor.execute(statement, parameters)
    ~~~~~~~~~~~~~~^^^^^^^^^^^^^^^^^^^^^^^
psycopg2.errors.UndefinedColumn: column contacts.seniority does not exist
LINE 1: ...itle, contacts.department AS contacts_department, contacts.s...
                                                             ^


The above exception was the direct cause of the following exception:

Traceback (most recent call last):
  File "/home/alexandre/Dev/Croo Digital Experience/croo-digital-experience-v.2.0/backend/venv/lib/python3.13/site-packages/uvicorn/protocols/http/httptools_impl.py", line 416, in run_asgi
    result = await app(  # type: ignore[func-returns-value]
             ^^^^^^^^^^^^^^^^^^^^^^^^^^^^^^^^^^^^^^^^^^^^^^
        self.scope, self.receive, self.send
        ^^^^^^^^^^^^^^^^^^^^^^^^^^^^^^^^^^^
    )
    ^
  File "/home/alexandre/Dev/Croo Digital Experience/croo-digital-experience-v.2.0/backend/venv/lib/python3.13/site-packages/uvicorn/middleware/proxy_headers.py", line 60, in __call__
    return await self.app(scope, receive, send)
           ^^^^^^^^^^^^^^^^^^^^^^^^^^^^^^^^^^^^
  File "/home/alexandre/Dev/Croo Digital Experience/croo-digital-experience-v.2.0/backend/venv/lib/python3.13/site-packages/fastapi/applications.py", line 1135, in __call__
    await super().__call__(scope, receive, send)
  File "/home/alexandre/Dev/Croo Digital Experience/croo-digital-experience-v.2.0/backend/venv/lib/python3.13/site-packages/starlette/applications.py", line 107, in __call__
    await self.middleware_stack(scope, receive, send)
  File "/home/alexandre/Dev/Croo Digital Experience/croo-digital-experience-v.2.0/backend/venv/lib/python3.13/site-packages/starlette/middleware/errors.py", line 186, in __call__
    raise exc
  File "/home/alexandre/Dev/Croo Digital Experience/croo-digital-experience-v.2.0/backend/venv/lib/python3.13/site-packages/starlette/middleware/errors.py", line 164, in __call__
    await self.app(scope, receive, _send)
  File "/home/alexandre/Dev/Croo Digital Experience/croo-digital-experience-v.2.0/backend/venv/lib/python3.13/site-packages/starlette/middleware/cors.py", line 93, in __call__
    await self.simple_response(scope, receive, send, request_headers=headers)
  File "/home/alexandre/Dev/Croo Digital Experience/croo-digital-experience-v.2.0/backend/venv/lib/python3.13/site-packages/starlette/middleware/cors.py", line 144, in simple_response
    await self.app(scope, receive, send)
  File "/home/alexandre/Dev/Croo Digital Experience/croo-digital-experience-v.2.0/backend/venv/lib/python3.13/site-packages/starlette/middleware/exceptions.py", line 63, in __call__
    await wrap_app_handling_exceptions(self.app, conn)(scope, receive, send)
  File "/home/alexandre/Dev/Croo Digital Experience/croo-digital-experience-v.2.0/backend/venv/lib/python3.13/site-packages/starlette/_exception_handler.py", line 53, in wrapped_app
    raise exc
  File "/home/alexandre/Dev/Croo Digital Experience/croo-digital-experience-v.2.0/backend/venv/lib/python3.13/site-packages/starlette/_exception_handler.py", line 42, in wrapped_app
    await app(scope, receive, sender)
  File "/home/alexandre/Dev/Croo Digital Experience/croo-digital-experience-v.2.0/backend/venv/lib/python3.13/site-packages/fastapi/middleware/asyncexitstack.py", line 18, in __call__
    await self.app(scope, receive, send)
  File "/home/alexandre/Dev/Croo Digital Experience/croo-digital-experience-v.2.0/backend/venv/lib/python3.13/site-packages/starlette/routing.py", line 716, in __call__
    await self.middleware_stack(scope, receive, send)
  File "/home/alexandre/Dev/Croo Digital Experience/croo-digital-experience-v.2.0/backend/venv/lib/python3.13/site-packages/starlette/routing.py", line 736, in app
    await route.handle(scope, receive, send)
  File "/home/alexandre/Dev/Croo Digital Experience/croo-digital-experience-v.2.0/backend/venv/lib/python3.13/site-packages/starlette/routing.py", line 290, in handle
    await self.app(scope, receive, send)
  File "/home/alexandre/Dev/Croo Digital Experience/croo-digital-experience-v.2.0/backend/venv/lib/python3.13/site-packages/fastapi/routing.py", line 120, in app
    await wrap_app_handling_exceptions(app, request)(scope, receive, send)
  File "/home/alexandre/Dev/Croo Digital Experience/croo-digital-experience-v.2.0/backend/venv/lib/python3.13/site-packages/starlette/_exception_handler.py", line 53, in wrapped_app
    raise exc
  File "/home/alexandre/Dev/Croo Digital Experience/croo-digital-experience-v.2.0/backend/venv/lib/python3.13/site-packages/starlette/_exception_handler.py", line 42, in wrapped_app
    await app(scope, receive, sender)
  File "/home/alexandre/Dev/Croo Digital Experience/croo-digital-experience-v.2.0/backend/venv/lib/python3.13/site-packages/fastapi/routing.py", line 106, in app
    response = await f(request)
               ^^^^^^^^^^^^^^^^
  File "/home/alexandre/Dev/Croo Digital Experience/croo-digital-experience-v.2.0/backend/venv/lib/python3.13/site-packages/fastapi/routing.py", line 427, in app
    raw_response = await run_endpoint_function(
                   ^^^^^^^^^^^^^^^^^^^^^^^^^^^^
    ...<3 lines>...
    )
    ^
  File "/home/alexandre/Dev/Croo Digital Experience/croo-digital-experience-v.2.0/backend/venv/lib/python3.13/site-packages/fastapi/routing.py", line 313, in run_endpoint_function
    return await dependant.call(**values)
           ^^^^^^^^^^^^^^^^^^^^^^^^^^^^^^
  File "/home/alexandre/Dev/Croo Digital Experience/croo-digital-experience-v.2.0/backend/app/presentation/routes/contact_routes.py", line 30, in list_contacts
    items = repo.list_all(current_user["tenant_id"], skip, limit, search, organization_id)
  File "/home/alexandre/Dev/Croo Digital Experience/croo-digital-experience-v.2.0/backend/app/infrastructure/persistence/contact_repository.py", line 34, in list_all
    return query.order_by(Contact.last_name, Contact.first_name).offset(skip).limit(limit).all()
           ~~~~~~~~~~~~~~~~~~~~~~~~~~~~~~~~~~~~~~~~~~~~~~~~~~~~~~~~~~~~~~~~~~~~~~~~~~~~~~~~~~~^^
  File "/home/alexandre/Dev/Croo Digital Experience/croo-digital-experience-v.2.0/backend/venv/lib/python3.13/site-packages/sqlalchemy/orm/query.py", line 2704, in all
    return self._iter().all()  # type: ignore
           ~~~~~~~~~~^^
  File "/home/alexandre/Dev/Croo Digital Experience/croo-digital-experience-v.2.0/backend/venv/lib/python3.13/site-packages/sqlalchemy/orm/query.py", line 2857, in _iter
    result: Union[ScalarResult[_T], Result[_T]] = self.session.execute(
                                                  ~~~~~~~~~~~~~~~~~~~~^
        statement,
        ^^^^^^^^^^
        params,
        ^^^^^^^
        execution_options={"_sa_orm_load_options": self.load_options},
        ^^^^^^^^^^^^^^^^^^^^^^^^^^^^^^^^^^^^^^^^^^^^^^^^^^^^^^^^^^^^^^
    )
    ^
  File "/home/alexandre/Dev/Croo Digital Experience/croo-digital-experience-v.2.0/backend/venv/lib/python3.13/site-packages/sqlalchemy/orm/session.py", line 2351, in execute
    return self._execute_internal(
           ~~~~~~~~~~~~~~~~~~~~~~^
        statement,
        ^^^^^^^^^^
    ...<4 lines>...
        _add_event=_add_event,
        ^^^^^^^^^^^^^^^^^^^^^^
    )
    ^
  File "/home/alexandre/Dev/Croo Digital Experience/croo-digital-experience-v.2.0/backend/venv/lib/python3.13/site-packages/sqlalchemy/orm/session.py", line 2249, in _execute_internal
    result: Result[Any] = compile_state_cls.orm_execute_statement(
                          ~~~~~~~~~~~~~~~~~~~~~~~~~~~~~~~~~~~~~~~^
        self,
        ^^^^^
    ...<4 lines>...
        conn,
        ^^^^^
    )
    ^
  File "/home/alexandre/Dev/Croo Digital Experience/croo-digital-experience-v.2.0/backend/venv/lib/python3.13/site-packages/sqlalchemy/orm/context.py", line 306, in orm_execute_statement
    result = conn.execute(
        statement, params or {}, execution_options=execution_options
    )
  File "/home/alexandre/Dev/Croo Digital Experience/croo-digital-experience-v.2.0/backend/venv/lib/python3.13/site-packages/sqlalchemy/engine/base.py", line 1419, in execute
    return meth(
        self,
        distilled_parameters,
        execution_options or NO_OPTIONS,
    )
  File "/home/alexandre/Dev/Croo Digital Experience/croo-digital-experience-v.2.0/backend/venv/lib/python3.13/site-packages/sqlalchemy/sql/elements.py", line 527, in _execute_on_connection
    return connection._execute_clauseelement(
           ~~~~~~~~~~~~~~~~~~~~~~~~~~~~~~~~~^
        self, distilled_params, execution_options
        ^^^^^^^^^^^^^^^^^^^^^^^^^^^^^^^^^^^^^^^^^
    )
    ^
  File "/home/alexandre/Dev/Croo Digital Experience/croo-digital-experience-v.2.0/backend/venv/lib/python3.13/site-packages/sqlalchemy/engine/base.py", line 1641, in _execute_clauseelement
    ret = self._execute_context(
        dialect,
    ...<8 lines>...
        cache_hit=cache_hit,
    )
  File "/home/alexandre/Dev/Croo Digital Experience/croo-digital-experience-v.2.0/backend/venv/lib/python3.13/site-packages/sqlalchemy/engine/base.py", line 1846, in _execute_context
    return self._exec_single_context(
           ~~~~~~~~~~~~~~~~~~~~~~~~~^
        dialect, context, statement, parameters
        ^^^^^^^^^^^^^^^^^^^^^^^^^^^^^^^^^^^^^^^
    )
    ^
  File "/home/alexandre/Dev/Croo Digital Experience/croo-digital-experience-v.2.0/backend/venv/lib/python3.13/site-packages/sqlalchemy/engine/base.py", line 1986, in _exec_single_context
    self._handle_dbapi_exception(
    ~~~~~~~~~~~~~~~~~~~~~~~~~~~~^
        e, str_statement, effective_parameters, cursor, context
        ^^^^^^^^^^^^^^^^^^^^^^^^^^^^^^^^^^^^^^^^^^^^^^^^^^^^^^^
    )
    ^
  File "/home/alexandre/Dev/Croo Digital Experience/croo-digital-experience-v.2.0/backend/venv/lib/python3.13/site-packages/sqlalchemy/engine/base.py", line 2363, in _handle_dbapi_exception
    raise sqlalchemy_exception.with_traceback(exc_info[2]) from e
  File "/home/alexandre/Dev/Croo Digital Experience/croo-digital-experience-v.2.0/backend/venv/lib/python3.13/site-packages/sqlalchemy/engine/base.py", line 1967, in _exec_single_context
    self.dialect.do_execute(
    ~~~~~~~~~~~~~~~~~~~~~~~^
        cursor, str_statement, effective_parameters, context
        ^^^^^^^^^^^^^^^^^^^^^^^^^^^^^^^^^^^^^^^^^^^^^^^^^^^^
    )
    ^
  File "/home/alexandre/Dev/Croo Digital Experience/croo-digital-experience-v.2.0/backend/venv/lib/python3.13/site-packages/sqlalchemy/engine/default.py", line 952, in do_execute
    cursor.execute(statement, parameters)
    ~~~~~~~~~~~~~~^^^^^^^^^^^^^^^^^^^^^^^
sqlalchemy.exc.ProgrammingError: (psycopg2.errors.UndefinedColumn) column contacts.seniority does not exist
LINE 1: ...itle, contacts.department AS contacts_department, contacts.s...
                                                             ^

[SQL: SELECT contacts.id AS contacts_id, contacts.first_name AS contacts_first_name, contacts.last_name AS contacts_last_name, contacts.email AS contacts_email, contacts.phone AS contacts_phone, contacts.mobile AS contacts_mobile, contacts.job_title AS contacts_job_title, contacts.department AS contacts_department, contacts.seniority AS contacts_seniority, contacts.status AS contacts_status, contacts.linkedin_url AS contacts_linkedin_url, contacts.notes AS contacts_notes, contacts.contact_profile AS contacts_contact_profile, contacts.organization_id AS contacts_organization_id, contacts.owner_id AS contacts_owner_id, contacts.tenant_id AS contacts_tenant_id, contacts.created_at AS contacts_created_at, contacts.updated_at AS contacts_updated_at, contacts.created_by AS contacts_created_by, contacts.updated_by AS contacts_updated_by, contacts.version AS contacts_version, contacts.is_deleted AS contacts_is_deleted, contacts.deleted_at AS contacts_deleted_at, contacts.deleted_by AS contacts_deleted_by, contacts.deleted_reason AS contacts_deleted_reason 
FROM contacts 
WHERE contacts.tenant_id = %(tenant_id_1)s AND contacts.is_deleted = false ORDER BY contacts.last_name, contacts.first_name 
 LIMIT %(param_1)s OFFSET %(param_2)s]
[parameters: {'tenant_id_1': 'default', 'param_1': 1, 'param_2': 0}]
(Background on this error at: https://sqlalche.me/e/20/f405)
INFO:     ::1:53542 - "GET /api/v1/activities?skip=0&limit=1 HTTP/1.1" 500 Internal Server Error
ERROR:    Exception in ASGI application
Traceback (most recent call last):
  File "/home/alexandre/Dev/Croo Digital Experience/croo-digital-experience-v.2.0/backend/venv/lib/python3.13/site-packages/sqlalchemy/engine/base.py", line 1967, in _exec_single_context
    self.dialect.do_execute(
    ~~~~~~~~~~~~~~~~~~~~~~~^
        cursor, str_statement, effective_parameters, context
        ^^^^^^^^^^^^^^^^^^^^^^^^^^^^^^^^^^^^^^^^^^^^^^^^^^^^
    )
    ^
  File "/home/alexandre/Dev/Croo Digital Experience/croo-digital-experience-v.2.0/backend/venv/lib/python3.13/site-packages/sqlalchemy/engine/default.py", line 952, in do_execute
    cursor.execute(statement, parameters)
    ~~~~~~~~~~~~~~^^^^^^^^^^^^^^^^^^^^^^^
psycopg2.errors.UndefinedColumn: column contacts.seniority does not exist
LINE 1: ...itle, contacts.department AS contacts_department, contacts.s...
                                                             ^


The above exception was the direct cause of the following exception:

Traceback (most recent call last):
  File "/home/alexandre/Dev/Croo Digital Experience/croo-digital-experience-v.2.0/backend/venv/lib/python3.13/site-packages/uvicorn/protocols/http/httptools_impl.py", line 416, in run_asgi
    result = await app(  # type: ignore[func-returns-value]
             ^^^^^^^^^^^^^^^^^^^^^^^^^^^^^^^^^^^^^^^^^^^^^^
        self.scope, self.receive, self.send
        ^^^^^^^^^^^^^^^^^^^^^^^^^^^^^^^^^^^
    )
    ^
  File "/home/alexandre/Dev/Croo Digital Experience/croo-digital-experience-v.2.0/backend/venv/lib/python3.13/site-packages/uvicorn/middleware/proxy_headers.py", line 60, in __call__
    return await self.app(scope, receive, send)
           ^^^^^^^^^^^^^^^^^^^^^^^^^^^^^^^^^^^^
  File "/home/alexandre/Dev/Croo Digital Experience/croo-digital-experience-v.2.0/backend/venv/lib/python3.13/site-packages/fastapi/applications.py", line 1135, in __call__
    await super().__call__(scope, receive, send)
  File "/home/alexandre/Dev/Croo Digital Experience/croo-digital-experience-v.2.0/backend/venv/lib/python3.13/site-packages/starlette/applications.py", line 107, in __call__
    await self.middleware_stack(scope, receive, send)
  File "/home/alexandre/Dev/Croo Digital Experience/croo-digital-experience-v.2.0/backend/venv/lib/python3.13/site-packages/starlette/middleware/errors.py", line 186, in __call__
    raise exc
  File "/home/alexandre/Dev/Croo Digital Experience/croo-digital-experience-v.2.0/backend/venv/lib/python3.13/site-packages/starlette/middleware/errors.py", line 164, in __call__
    await self.app(scope, receive, _send)
  File "/home/alexandre/Dev/Croo Digital Experience/croo-digital-experience-v.2.0/backend/venv/lib/python3.13/site-packages/starlette/middleware/cors.py", line 93, in __call__
    await self.simple_response(scope, receive, send, request_headers=headers)
  File "/home/alexandre/Dev/Croo Digital Experience/croo-digital-experience-v.2.0/backend/venv/lib/python3.13/site-packages/starlette/middleware/cors.py", line 144, in simple_response
    await self.app(scope, receive, send)
  File "/home/alexandre/Dev/Croo Digital Experience/croo-digital-experience-v.2.0/backend/venv/lib/python3.13/site-packages/starlette/middleware/exceptions.py", line 63, in __call__
    await wrap_app_handling_exceptions(self.app, conn)(scope, receive, send)
  File "/home/alexandre/Dev/Croo Digital Experience/croo-digital-experience-v.2.0/backend/venv/lib/python3.13/site-packages/starlette/_exception_handler.py", line 53, in wrapped_app
    raise exc
  File "/home/alexandre/Dev/Croo Digital Experience/croo-digital-experience-v.2.0/backend/venv/lib/python3.13/site-packages/starlette/_exception_handler.py", line 42, in wrapped_app
    await app(scope, receive, sender)
  File "/home/alexandre/Dev/Croo Digital Experience/croo-digital-experience-v.2.0/backend/venv/lib/python3.13/site-packages/fastapi/middleware/asyncexitstack.py", line 18, in __call__
    await self.app(scope, receive, send)
  File "/home/alexandre/Dev/Croo Digital Experience/croo-digital-experience-v.2.0/backend/venv/lib/python3.13/site-packages/starlette/routing.py", line 716, in __call__
    await self.middleware_stack(scope, receive, send)
  File "/home/alexandre/Dev/Croo Digital Experience/croo-digital-experience-v.2.0/backend/venv/lib/python3.13/site-packages/starlette/routing.py", line 736, in app
    await route.handle(scope, receive, send)
  File "/home/alexandre/Dev/Croo Digital Experience/croo-digital-experience-v.2.0/backend/venv/lib/python3.13/site-packages/starlette/routing.py", line 290, in handle
    await self.app(scope, receive, send)
  File "/home/alexandre/Dev/Croo Digital Experience/croo-digital-experience-v.2.0/backend/venv/lib/python3.13/site-packages/fastapi/routing.py", line 120, in app
    await wrap_app_handling_exceptions(app, request)(scope, receive, send)
  File "/home/alexandre/Dev/Croo Digital Experience/croo-digital-experience-v.2.0/backend/venv/lib/python3.13/site-packages/starlette/_exception_handler.py", line 53, in wrapped_app
    raise exc
  File "/home/alexandre/Dev/Croo Digital Experience/croo-digital-experience-v.2.0/backend/venv/lib/python3.13/site-packages/starlette/_exception_handler.py", line 42, in wrapped_app
    await app(scope, receive, sender)
  File "/home/alexandre/Dev/Croo Digital Experience/croo-digital-experience-v.2.0/backend/venv/lib/python3.13/site-packages/fastapi/routing.py", line 106, in app
    response = await f(request)
               ^^^^^^^^^^^^^^^^
  File "/home/alexandre/Dev/Croo Digital Experience/croo-digital-experience-v.2.0/backend/venv/lib/python3.13/site-packages/fastapi/routing.py", line 427, in app
    raw_response = await run_endpoint_function(
                   ^^^^^^^^^^^^^^^^^^^^^^^^^^^^
    ...<3 lines>...
    )
    ^
  File "/home/alexandre/Dev/Croo Digital Experience/croo-digital-experience-v.2.0/backend/venv/lib/python3.13/site-packages/fastapi/routing.py", line 313, in run_endpoint_function
    return await dependant.call(**values)
           ^^^^^^^^^^^^^^^^^^^^^^^^^^^^^^
  File "/home/alexandre/Dev/Croo Digital Experience/croo-digital-experience-v.2.0/backend/app/presentation/routes/activity_routes.py", line 31, in list_activities
    items = repo.list_all(current_user["tenant_id"], skip, limit, organization_id, contact_id, opportunity_id, activity_status)
  File "/home/alexandre/Dev/Croo Digital Experience/croo-digital-experience-v.2.0/backend/app/infrastructure/persistence/activity_repository.py", line 72, in list_all
    return query.order_by(Activity.due_date.desc().nullslast()).offset(skip).limit(limit).all()
           ~~~~~~~~~~~~~~~~~~~~~~~~~~~~~~~~~~~~~~~~~~~~~~~~~~~~~~~~~~~~~~~~~~~~~~~~~~~~~~~~~~^^
  File "/home/alexandre/Dev/Croo Digital Experience/croo-digital-experience-v.2.0/backend/venv/lib/python3.13/site-packages/sqlalchemy/orm/query.py", line 2704, in all
    return self._iter().all()  # type: ignore
           ~~~~~~~~~~~~~~~~^^
  File "/home/alexandre/Dev/Croo Digital Experience/croo-digital-experience-v.2.0/backend/venv/lib/python3.13/site-packages/sqlalchemy/engine/result.py", line 1786, in all
    return self._allrows()
           ~~~~~~~~~~~~~^^
  File "/home/alexandre/Dev/Croo Digital Experience/croo-digital-experience-v.2.0/backend/venv/lib/python3.13/site-packages/sqlalchemy/engine/result.py", line 560, in _allrows
    rows = self._fetchall_impl()
  File "/home/alexandre/Dev/Croo Digital Experience/croo-digital-experience-v.2.0/backend/venv/lib/python3.13/site-packages/sqlalchemy/engine/result.py", line 1693, in _fetchall_impl
    return self._real_result._fetchall_impl()
           ~~~~~~~~~~~~~~~~~~~~~~~~~~~~~~~~^^
  File "/home/alexandre/Dev/Croo Digital Experience/croo-digital-experience-v.2.0/backend/venv/lib/python3.13/site-packages/sqlalchemy/engine/result.py", line 2287, in _fetchall_impl
    return list(self.iterator)
  File "/home/alexandre/Dev/Croo Digital Experience/croo-digital-experience-v.2.0/backend/venv/lib/python3.13/site-packages/sqlalchemy/orm/loading.py", line 247, in chunks
    post_load.invoke(context, path)
    ~~~~~~~~~~~~~~~~^^^^^^^^^^^^^^^
  File "/home/alexandre/Dev/Croo Digital Experience/croo-digital-experience-v.2.0/backend/venv/lib/python3.13/site-packages/sqlalchemy/orm/loading.py", line 1564, in invoke
    loader(
    ~~~~~~^
        effective_context, path, states, self.load_keys, *arg, **kw
        ^^^^^^^^^^^^^^^^^^^^^^^^^^^^^^^^^^^^^^^^^^^^^^^^^^^^^^^^^^^
    )
    ^
  File "/home/alexandre/Dev/Croo Digital Experience/croo-digital-experience-v.2.0/backend/venv/lib/python3.13/site-packages/sqlalchemy/orm/strategies.py", line 3338, in _load_for_path
    self._load_via_parent(
    ~~~~~~~~~~~~~~~~~~~~~^
        our_states, query_info, q, context, execution_options
        ^^^^^^^^^^^^^^^^^^^^^^^^^^^^^^^^^^^^^^^^^^^^^^^^^^^^^
    )
    ^
  File "/home/alexandre/Dev/Croo Digital Experience/croo-digital-experience-v.2.0/backend/venv/lib/python3.13/site-packages/sqlalchemy/orm/strategies.py", line 3414, in _load_via_parent
    context.session.execute(
    ~~~~~~~~~~~~~~~~~~~~~~~^
        q,
        ^^
        params={"primary_keys": primary_keys},
        ^^^^^^^^^^^^^^^^^^^^^^^^^^^^^^^^^^^^^^
        execution_options=execution_options,
        ^^^^^^^^^^^^^^^^^^^^^^^^^^^^^^^^^^^^
    ).unique(),
    ^
  File "/home/alexandre/Dev/Croo Digital Experience/croo-digital-experience-v.2.0/backend/venv/lib/python3.13/site-packages/sqlalchemy/orm/session.py", line 2351, in execute
    return self._execute_internal(
           ~~~~~~~~~~~~~~~~~~~~~~^
        statement,
        ^^^^^^^^^^
    ...<4 lines>...
        _add_event=_add_event,
        ^^^^^^^^^^^^^^^^^^^^^^
    )
    ^
  File "/home/alexandre/Dev/Croo Digital Experience/croo-digital-experience-v.2.0/backend/venv/lib/python3.13/site-packages/sqlalchemy/orm/session.py", line 2249, in _execute_internal
    result: Result[Any] = compile_state_cls.orm_execute_statement(
                          ~~~~~~~~~~~~~~~~~~~~~~~~~~~~~~~~~~~~~~~^
        self,
        ^^^^^
    ...<4 lines>...
        conn,
        ^^^^^
    )
    ^
  File "/home/alexandre/Dev/Croo Digital Experience/croo-digital-experience-v.2.0/backend/venv/lib/python3.13/site-packages/sqlalchemy/orm/context.py", line 306, in orm_execute_statement
    result = conn.execute(
        statement, params or {}, execution_options=execution_options
    )
  File "/home/alexandre/Dev/Croo Digital Experience/croo-digital-experience-v.2.0/backend/venv/lib/python3.13/site-packages/sqlalchemy/engine/base.py", line 1419, in execute
    return meth(
        self,
        distilled_parameters,
        execution_options or NO_OPTIONS,
    )
  File "/home/alexandre/Dev/Croo Digital Experience/croo-digital-experience-v.2.0/backend/venv/lib/python3.13/site-packages/sqlalchemy/sql/elements.py", line 527, in _execute_on_connection
    return connection._execute_clauseelement(
           ~~~~~~~~~~~~~~~~~~~~~~~~~~~~~~~~~^
        self, distilled_params, execution_options
        ^^^^^^^^^^^^^^^^^^^^^^^^^^^^^^^^^^^^^^^^^
    )
    ^
  File "/home/alexandre/Dev/Croo Digital Experience/croo-digital-experience-v.2.0/backend/venv/lib/python3.13/site-packages/sqlalchemy/engine/base.py", line 1641, in _execute_clauseelement
    ret = self._execute_context(
        dialect,
    ...<8 lines>...
        cache_hit=cache_hit,
    )
  File "/home/alexandre/Dev/Croo Digital Experience/croo-digital-experience-v.2.0/backend/venv/lib/python3.13/site-packages/sqlalchemy/engine/base.py", line 1846, in _execute_context
    return self._exec_single_context(
           ~~~~~~~~~~~~~~~~~~~~~~~~~^
        dialect, context, statement, parameters
        ^^^^^^^^^^^^^^^^^^^^^^^^^^^^^^^^^^^^^^^
    )
    ^
  File "/home/alexandre/Dev/Croo Digital Experience/croo-digital-experience-v.2.0/backend/venv/lib/python3.13/site-packages/sqlalchemy/engine/base.py", line 1986, in _exec_single_context
    self._handle_dbapi_exception(
    ~~~~~~~~~~~~~~~~~~~~~~~~~~~~^
        e, str_statement, effective_parameters, cursor, context
        ^^^^^^^^^^^^^^^^^^^^^^^^^^^^^^^^^^^^^^^^^^^^^^^^^^^^^^^
    )
    ^
  File "/home/alexandre/Dev/Croo Digital Experience/croo-digital-experience-v.2.0/backend/venv/lib/python3.13/site-packages/sqlalchemy/engine/base.py", line 2363, in _handle_dbapi_exception
    raise sqlalchemy_exception.with_traceback(exc_info[2]) from e
  File "/home/alexandre/Dev/Croo Digital Experience/croo-digital-experience-v.2.0/backend/venv/lib/python3.13/site-packages/sqlalchemy/engine/base.py", line 1967, in _exec_single_context
    self.dialect.do_execute(
    ~~~~~~~~~~~~~~~~~~~~~~~^
        cursor, str_statement, effective_parameters, context
        ^^^^^^^^^^^^^^^^^^^^^^^^^^^^^^^^^^^^^^^^^^^^^^^^^^^^
    )
    ^
  File "/home/alexandre/Dev/Croo Digital Experience/croo-digital-experience-v.2.0/backend/venv/lib/python3.13/site-packages/sqlalchemy/engine/default.py", line 952, in do_execute
    cursor.execute(statement, parameters)
    ~~~~~~~~~~~~~~^^^^^^^^^^^^^^^^^^^^^^^
sqlalchemy.exc.ProgrammingError: (psycopg2.errors.UndefinedColumn) column contacts.seniority does not exist
LINE 1: ...itle, contacts.department AS contacts_department, contacts.s...
                                                             ^

[SQL: SELECT activities_1.id AS activities_1_id, contacts.id AS contacts_id, contacts.first_name AS contacts_first_name, contacts.last_name AS contacts_last_name, contacts.email AS contacts_email, contacts.phone AS contacts_phone, contacts.mobile AS contacts_mobile, contacts.job_title AS contacts_job_title, contacts.department AS contacts_department, contacts.seniority AS contacts_seniority, contacts.status AS contacts_status, contacts.linkedin_url AS contacts_linkedin_url, contacts.notes AS contacts_notes, contacts.contact_profile AS contacts_contact_profile, contacts.organization_id AS contacts_organization_id, contacts.owner_id AS contacts_owner_id, contacts.tenant_id AS contacts_tenant_id, contacts.created_at AS contacts_created_at, contacts.updated_at AS contacts_updated_at, contacts.created_by AS contacts_created_by, contacts.updated_by AS contacts_updated_by, contacts.version AS contacts_version, contacts.is_deleted AS contacts_is_deleted, contacts.deleted_at AS contacts_deleted_at, contacts.deleted_by AS contacts_deleted_by, contacts.deleted_reason AS contacts_deleted_reason 
FROM activities AS activities_1 JOIN activity_contacts AS activity_contacts_1 ON activities_1.id = activity_contacts_1.activity_id JOIN contacts ON contacts.id = activity_contacts_1.contact_id 
WHERE activities_1.id IN (%(primary_keys_1)s)]
[parameters: {'primary_keys_1': '3955f19e-12e2-4a09-ae07-fe3727db7798'}]
(Background on this error at: https://sqlalche.me/e/20/f405)
INFO:     ::1:53528 - "OPTIONS /api/v1/organizations?skip=0&limit=50 HTTP/1.1" 200 OK
INFO:     ::1:53528 - "GET /api/v1/organizations?skip=0&limit=50 HTTP/1.1" 200 OK
INFO:     ::1:53528 - "OPTIONS /api/v1/search/maps HTTP/1.1" 200 OK
2026-03-10 01:32:18 [info     ] maps_search_start              query=baluchon user=admin@croo.digital
2026-03-10 01:32:20 [info     ] usage_tracked_search           cogs_usd=0.001 provider=serper tenant_id=default
2026-03-10 01:32:20 [info     ] maps_search_done               query=baluchon results=0
INFO:     ::1:53528 - "POST /api/v1/search/maps HTTP/1.1" 200 OK
2026-03-10 01:32:27 [info     ] maps_search_start              query='baluchon éco' user=admin@croo.digital
2026-03-10 01:32:28 [info     ] usage_tracked_search           cogs_usd=0.001 provider=serper tenant_id=default
2026-03-10 01:32:28 [info     ] maps_search_done               query='baluchon éco' results=1
INFO:     ::1:47464 - "POST /api/v1/search/maps HTTP/1.1" 200 OK
INFO:     ::1:47464 - "OPTIONS /api/v1/organizations HTTP/1.1" 200 OK
INFO:     ::1:47464 - "POST /api/v1/organizations HTTP/1.1" 201 Created
Task exception was never retrieved
future: <Task finished name='Task-118' coro=<EventBus.publish() done, defined at /home/alexandre/Dev/Croo Digital Experience/croo-digital-experience-v.2.0/backend/app/agents/event_bus.py:24> exception=TypeError("_make_filtering_bound_logger.<locals>.make_method.<locals>.meth() got multiple values for argument 'event'")>
Traceback (most recent call last):
  File "/home/alexandre/Dev/Croo Digital Experience/croo-digital-experience-v.2.0/backend/app/agents/event_bus.py", line 44, in publish
    logger.info("event_published", event=event_name, tenant=tenant_id)
    ~~~~~~~~~~~^^^^^^^^^^^^^^^^^^^^^^^^^^^^^^^^^^^^^^^^^^^^^^^^^^^^^^^
TypeError: _make_filtering_bound_logger.<locals>.make_method.<locals>.meth() got multiple values for argument 'event'
INFO:     ::1:47464 - "OPTIONS /api/v1/organizations/12a2ade0-e025-4cbe-93e9-8741d65ec8f6/enrich HTTP/1.1" 200 OK
INFO:     ::1:47464 - "POST /api/v1/organizations/12a2ade0-e025-4cbe-93e9-8741d65ec8f6/enrich HTTP/1.1" 200 OK
2026-03-10 01:32:30 [info     ] enrichment_pipeline_start      org_id=12a2ade0-e025-4cbe-93e9-8741d65ec8f6 organization='Le Baluchon Éco-villégiature' website=https://baluchon.com/
2026-03-10 01:32:30 [info     ] hunter_skip_no_api_key
2026-03-10 01:32:30 [info     ] scrape_start                   url_count=1
INFO:     ::1:47464 - "OPTIONS /api/v1/organizations/12a2ade0-e025-4cbe-93e9-8741d65ec8f6 HTTP/1.1" 200 OK
INFO:     ::1:47464 - "GET /api/v1/organizations/12a2ade0-e025-4cbe-93e9-8741d65ec8f6 HTTP/1.1" 200 OK
INFO:     ::1:47464 - "OPTIONS /api/v1/contacts?skip=0&limit=10&organization_id=12a2ade0-e025-4cbe-93e9-8741d65ec8f6 HTTP/1.1" 200 OK
INFO:     ::1:53890 - "OPTIONS /api/v1/opportunities?skip=0&limit=10&organization_id=12a2ade0-e025-4cbe-93e9-8741d65ec8f6 HTTP/1.1" 200 OK
INFO:     ::1:53900 - "OPTIONS /api/v1/activities?skip=0&limit=10&organization_id=12a2ade0-e025-4cbe-93e9-8741d65ec8f6 HTTP/1.1" 200 OK
INFO:     ::1:53890 - "GET /api/v1/activities?skip=0&limit=10&organization_id=12a2ade0-e025-4cbe-93e9-8741d65ec8f6 HTTP/1.1" 200 OK
INFO:     ::1:47464 - "GET /api/v1/contacts?skip=0&limit=10&organization_id=12a2ade0-e025-4cbe-93e9-8741d65ec8f6 HTTP/1.1" 500 Internal Server Error
ERROR:    Exception in ASGI application
Traceback (most recent call last):
  File "/home/alexandre/Dev/Croo Digital Experience/croo-digital-experience-v.2.0/backend/venv/lib/python3.13/site-packages/sqlalchemy/engine/base.py", line 1967, in _exec_single_context
    self.dialect.do_execute(
    ~~~~~~~~~~~~~~~~~~~~~~~^
        cursor, str_statement, effective_parameters, context
        ^^^^^^^^^^^^^^^^^^^^^^^^^^^^^^^^^^^^^^^^^^^^^^^^^^^^
    )
    ^
  File "/home/alexandre/Dev/Croo Digital Experience/croo-digital-experience-v.2.0/backend/venv/lib/python3.13/site-packages/sqlalchemy/engine/default.py", line 952, in do_execute
    cursor.execute(statement, parameters)
    ~~~~~~~~~~~~~~^^^^^^^^^^^^^^^^^^^^^^^
psycopg2.errors.UndefinedColumn: column contacts.seniority does not exist
LINE 1: ...itle, contacts.department AS contacts_department, contacts.s...
                                                             ^


The above exception was the direct cause of the following exception:

Traceback (most recent call last):
  File "/home/alexandre/Dev/Croo Digital Experience/croo-digital-experience-v.2.0/backend/venv/lib/python3.13/site-packages/uvicorn/protocols/http/httptools_impl.py", line 416, in run_asgi
    result = await app(  # type: ignore[func-returns-value]
             ^^^^^^^^^^^^^^^^^^^^^^^^^^^^^^^^^^^^^^^^^^^^^^
        self.scope, self.receive, self.send
        ^^^^^^^^^^^^^^^^^^^^^^^^^^^^^^^^^^^
    )
    ^
  File "/home/alexandre/Dev/Croo Digital Experience/croo-digital-experience-v.2.0/backend/venv/lib/python3.13/site-packages/uvicorn/middleware/proxy_headers.py", line 60, in __call__
    return await self.app(scope, receive, send)
           ^^^^^^^^^^^^^^^^^^^^^^^^^^^^^^^^^^^^
  File "/home/alexandre/Dev/Croo Digital Experience/croo-digital-experience-v.2.0/backend/venv/lib/python3.13/site-packages/fastapi/applications.py", line 1135, in __call__
    await super().__call__(scope, receive, send)
  File "/home/alexandre/Dev/Croo Digital Experience/croo-digital-experience-v.2.0/backend/venv/lib/python3.13/site-packages/starlette/applications.py", line 107, in __call__
    await self.middleware_stack(scope, receive, send)
  File "/home/alexandre/Dev/Croo Digital Experience/croo-digital-experience-v.2.0/backend/venv/lib/python3.13/site-packages/starlette/middleware/errors.py", line 186, in __call__
    raise exc
  File "/home/alexandre/Dev/Croo Digital Experience/croo-digital-experience-v.2.0/backend/venv/lib/python3.13/site-packages/starlette/middleware/errors.py", line 164, in __call__
    await self.app(scope, receive, _send)
  File "/home/alexandre/Dev/Croo Digital Experience/croo-digital-experience-v.2.0/backend/venv/lib/python3.13/site-packages/starlette/middleware/cors.py", line 93, in __call__
    await self.simple_response(scope, receive, send, request_headers=headers)
  File "/home/alexandre/Dev/Croo Digital Experience/croo-digital-experience-v.2.0/backend/venv/lib/python3.13/site-packages/starlette/middleware/cors.py", line 144, in simple_response
    await self.app(scope, receive, send)
  File "/home/alexandre/Dev/Croo Digital Experience/croo-digital-experience-v.2.0/backend/venv/lib/python3.13/site-packages/starlette/middleware/exceptions.py", line 63, in __call__
    await wrap_app_handling_exceptions(self.app, conn)(scope, receive, send)
  File "/home/alexandre/Dev/Croo Digital Experience/croo-digital-experience-v.2.0/backend/venv/lib/python3.13/site-packages/starlette/_exception_handler.py", line 53, in wrapped_app
    raise exc
  File "/home/alexandre/Dev/Croo Digital Experience/croo-digital-experience-v.2.0/backend/venv/lib/python3.13/site-packages/starlette/_exception_handler.py", line 42, in wrapped_app
    await app(scope, receive, sender)
  File "/home/alexandre/Dev/Croo Digital Experience/croo-digital-experience-v.2.0/backend/venv/lib/python3.13/site-packages/fastapi/middleware/asyncexitstack.py", line 18, in __call__
    await self.app(scope, receive, send)
  File "/home/alexandre/Dev/Croo Digital Experience/croo-digital-experience-v.2.0/backend/venv/lib/python3.13/site-packages/starlette/routing.py", line 716, in __call__
    await self.middleware_stack(scope, receive, send)
  File "/home/alexandre/Dev/Croo Digital Experience/croo-digital-experience-v.2.0/backend/venv/lib/python3.13/site-packages/starlette/routing.py", line 736, in app
    await route.handle(scope, receive, send)
  File "/home/alexandre/Dev/Croo Digital Experience/croo-digital-experience-v.2.0/backend/venv/lib/python3.13/site-packages/starlette/routing.py", line 290, in handle
    await self.app(scope, receive, send)
  File "/home/alexandre/Dev/Croo Digital Experience/croo-digital-experience-v.2.0/backend/venv/lib/python3.13/site-packages/fastapi/routing.py", line 120, in app
    await wrap_app_handling_exceptions(app, request)(scope, receive, send)
  File "/home/alexandre/Dev/Croo Digital Experience/croo-digital-experience-v.2.0/backend/venv/lib/python3.13/site-packages/starlette/_exception_handler.py", line 53, in wrapped_app
    raise exc
  File "/home/alexandre/Dev/Croo Digital Experience/croo-digital-experience-v.2.0/backend/venv/lib/python3.13/site-packages/starlette/_exception_handler.py", line 42, in wrapped_app
    await app(scope, receive, sender)
  File "/home/alexandre/Dev/Croo Digital Experience/croo-digital-experience-v.2.0/backend/venv/lib/python3.13/site-packages/fastapi/routing.py", line 106, in app
    response = await f(request)
               ^^^^^^^^^^^^^^^^
  File "/home/alexandre/Dev/Croo Digital Experience/croo-digital-experience-v.2.0/backend/venv/lib/python3.13/site-packages/fastapi/routing.py", line 427, in app
    raw_response = await run_endpoint_function(
                   ^^^^^^^^^^^^^^^^^^^^^^^^^^^^
    ...<3 lines>...
    )
    ^
  File "/home/alexandre/Dev/Croo Digital Experience/croo-digital-experience-v.2.0/backend/venv/lib/python3.13/site-packages/fastapi/routing.py", line 313, in run_endpoint_function
    return await dependant.call(**values)
           ^^^^^^^^^^^^^^^^^^^^^^^^^^^^^^
  File "/home/alexandre/Dev/Croo Digital Experience/croo-digital-experience-v.2.0/backend/app/presentation/routes/contact_routes.py", line 30, in list_contacts
    items = repo.list_all(current_user["tenant_id"], skip, limit, search, organization_id)
  File "/home/alexandre/Dev/Croo Digital Experience/croo-digital-experience-v.2.0/backend/app/infrastructure/persistence/contact_repository.py", line 34, in list_all
    return query.order_by(Contact.last_name, Contact.first_name).offset(skip).limit(limit).all()
           ~~~~~~~~~~~~~~~~~~~~~~~~~~~~~~~~~~~~~~~~~~~~~~~~~~~~~~~~~~~~~~~~~~~~~~~~~~~~~~~~~~~^^
  File "/home/alexandre/Dev/Croo Digital Experience/croo-digital-experience-v.2.0/backend/venv/lib/python3.13/site-packages/sqlalchemy/orm/query.py", line 2704, in all
    return self._iter().all()  # type: ignore
           ~~~~~~~~~~^^
  File "/home/alexandre/Dev/Croo Digital Experience/croo-digital-experience-v.2.0/backend/venv/lib/python3.13/site-packages/sqlalchemy/orm/query.py", line 2857, in _iter
    result: Union[ScalarResult[_T], Result[_T]] = self.session.execute(
                                                  ~~~~~~~~~~~~~~~~~~~~^
        statement,
        ^^^^^^^^^^
        params,
        ^^^^^^^
        execution_options={"_sa_orm_load_options": self.load_options},
        ^^^^^^^^^^^^^^^^^^^^^^^^^^^^^^^^^^^^^^^^^^^^^^^^^^^^^^^^^^^^^^
    )
    ^
  File "/home/alexandre/Dev/Croo Digital Experience/croo-digital-experience-v.2.0/backend/venv/lib/python3.13/site-packages/sqlalchemy/orm/session.py", line 2351, in execute
    return self._execute_internal(
           ~~~~~~~~~~~~~~~~~~~~~~^
        statement,
        ^^^^^^^^^^
    ...<4 lines>...
        _add_event=_add_event,
        ^^^^^^^^^^^^^^^^^^^^^^
    )
    ^
  File "/home/alexandre/Dev/Croo Digital Experience/croo-digital-experience-v.2.0/backend/venv/lib/python3.13/site-packages/sqlalchemy/orm/session.py", line 2249, in _execute_internal
    result: Result[Any] = compile_state_cls.orm_execute_statement(
                          ~~~~~~~~~~~~~~~~~~~~~~~~~~~~~~~~~~~~~~~^
        self,
        ^^^^^
    ...<4 lines>...
        conn,
        ^^^^^
    )
    ^
  File "/home/alexandre/Dev/Croo Digital Experience/croo-digital-experience-v.2.0/backend/venv/lib/python3.13/site-packages/sqlalchemy/orm/context.py", line 306, in orm_execute_statement
    result = conn.execute(
        statement, params or {}, execution_options=execution_options
    )
  File "/home/alexandre/Dev/Croo Digital Experience/croo-digital-experience-v.2.0/backend/venv/lib/python3.13/site-packages/sqlalchemy/engine/base.py", line 1419, in execute
    return meth(
        self,
        distilled_parameters,
        execution_options or NO_OPTIONS,
    )
  File "/home/alexandre/Dev/Croo Digital Experience/croo-digital-experience-v.2.0/backend/venv/lib/python3.13/site-packages/sqlalchemy/sql/elements.py", line 527, in _execute_on_connection
    return connection._execute_clauseelement(
           ~~~~~~~~~~~~~~~~~~~~~~~~~~~~~~~~~^
        self, distilled_params, execution_options
        ^^^^^^^^^^^^^^^^^^^^^^^^^^^^^^^^^^^^^^^^^
    )
    ^
  File "/home/alexandre/Dev/Croo Digital Experience/croo-digital-experience-v.2.0/backend/venv/lib/python3.13/site-packages/sqlalchemy/engine/base.py", line 1641, in _execute_clauseelement
    ret = self._execute_context(
        dialect,
    ...<8 lines>...
        cache_hit=cache_hit,
    )
  File "/home/alexandre/Dev/Croo Digital Experience/croo-digital-experience-v.2.0/backend/venv/lib/python3.13/site-packages/sqlalchemy/engine/base.py", line 1846, in _execute_context
    return self._exec_single_context(
           ~~~~~~~~~~~~~~~~~~~~~~~~~^
        dialect, context, statement, parameters
        ^^^^^^^^^^^^^^^^^^^^^^^^^^^^^^^^^^^^^^^
    )
    ^
  File "/home/alexandre/Dev/Croo Digital Experience/croo-digital-experience-v.2.0/backend/venv/lib/python3.13/site-packages/sqlalchemy/engine/base.py", line 1986, in _exec_single_context
    self._handle_dbapi_exception(
    ~~~~~~~~~~~~~~~~~~~~~~~~~~~~^
        e, str_statement, effective_parameters, cursor, context
        ^^^^^^^^^^^^^^^^^^^^^^^^^^^^^^^^^^^^^^^^^^^^^^^^^^^^^^^
    )
    ^
  File "/home/alexandre/Dev/Croo Digital Experience/croo-digital-experience-v.2.0/backend/venv/lib/python3.13/site-packages/sqlalchemy/engine/base.py", line 2363, in _handle_dbapi_exception
    raise sqlalchemy_exception.with_traceback(exc_info[2]) from e
  File "/home/alexandre/Dev/Croo Digital Experience/croo-digital-experience-v.2.0/backend/venv/lib/python3.13/site-packages/sqlalchemy/engine/base.py", line 1967, in _exec_single_context
    self.dialect.do_execute(
    ~~~~~~~~~~~~~~~~~~~~~~~^
        cursor, str_statement, effective_parameters, context
        ^^^^^^^^^^^^^^^^^^^^^^^^^^^^^^^^^^^^^^^^^^^^^^^^^^^^
    )
    ^
  File "/home/alexandre/Dev/Croo Digital Experience/croo-digital-experience-v.2.0/backend/venv/lib/python3.13/site-packages/sqlalchemy/engine/default.py", line 952, in do_execute
    cursor.execute(statement, parameters)
    ~~~~~~~~~~~~~~^^^^^^^^^^^^^^^^^^^^^^^
sqlalchemy.exc.ProgrammingError: (psycopg2.errors.UndefinedColumn) column contacts.seniority does not exist
LINE 1: ...itle, contacts.department AS contacts_department, contacts.s...
                                                             ^

[SQL: SELECT contacts.id AS contacts_id, contacts.first_name AS contacts_first_name, contacts.last_name AS contacts_last_name, contacts.email AS contacts_email, contacts.phone AS contacts_phone, contacts.mobile AS contacts_mobile, contacts.job_title AS contacts_job_title, contacts.department AS contacts_department, contacts.seniority AS contacts_seniority, contacts.status AS contacts_status, contacts.linkedin_url AS contacts_linkedin_url, contacts.notes AS contacts_notes, contacts.contact_profile AS contacts_contact_profile, contacts.organization_id AS contacts_organization_id, contacts.owner_id AS contacts_owner_id, contacts.tenant_id AS contacts_tenant_id, contacts.created_at AS contacts_created_at, contacts.updated_at AS contacts_updated_at, contacts.created_by AS contacts_created_by, contacts.updated_by AS contacts_updated_by, contacts.version AS contacts_version, contacts.is_deleted AS contacts_is_deleted, contacts.deleted_at AS contacts_deleted_at, contacts.deleted_by AS contacts_deleted_by, contacts.deleted_reason AS contacts_deleted_reason 
FROM contacts 
WHERE contacts.tenant_id = %(tenant_id_1)s AND contacts.is_deleted = false AND contacts.organization_id = %(organization_id_1)s ORDER BY contacts.last_name, contacts.first_name 
 LIMIT %(param_1)s OFFSET %(param_2)s]
[parameters: {'tenant_id_1': 'default', 'organization_id_1': '12a2ade0-e025-4cbe-93e9-8741d65ec8f6', 'param_1': 10, 'param_2': 0}]
(Background on this error at: https://sqlalche.me/e/20/f405)
INFO:     ::1:53900 - "GET /api/v1/opportunities?skip=0&limit=10&organization_id=12a2ade0-e025-4cbe-93e9-8741d65ec8f6 HTTP/1.1" 200 OK
2026-03-10 01:32:31 [info     ] scrape_ok                      chars=6000 url=https://baluchon.com/
2026-03-10 01:32:31 [info     ] internal_pages_found           count=2
2026-03-10 01:32:31 [info     ] scrape_internal_ok             chars=2666 url=https://baluchon.com/contactez-nous
2026-03-10 01:32:31 [info     ] scrape_internal_ok             chars=4000 url=https://baluchon.com/carrieres
2026-03-10 01:32:31 [info     ] scrape_complete                pages_scraped=3 regex_keys=['emails', 'phones', 'linkedin', 'facebook', 'instagram', 'tiktok', 'addresses']
2026-03-10 01:32:31 [info     ] extraction_start               organization='Le Baluchon Éco-villégiature' sources=3
2026-03-10 01:32:32 [info     ] llm_call                       model=llama-3.3-70b-versatile tokens_in=1711 tokens_out=222
2026-03-10 01:32:32 [info     ] usage_tracked_llm              cogs_usd=0.00118487 correlation_id=12a2ade0-e025-4cbe-93e9-8741d65ec8f6 input_tokens=1711 model=llama-3.3-70b-versatile output_tokens=222 tenant_id=default trigger=ENRICHMENT user_id=
2026-03-10 01:32:32 [info     ] flat_extraction_complete       fields_found=11 organization='Le Baluchon Éco-villégiature'
2026-03-10 01:32:34 [info     ] llm_call                       model=llama-3.3-70b-versatile tokens_in=3072 tokens_out=769
2026-03-10 01:32:34 [info     ] usage_tracked_llm              cogs_usd=0.00241999 correlation_id=12a2ade0-e025-4cbe-93e9-8741d65ec8f6 input_tokens=3072 model=llama-3.3-70b-versatile output_tokens=769 tenant_id=default trigger=ENRICHMENT user_id=
2026-03-10 01:32:34 [info     ] deep_extraction_complete       categories=['company_info', 'contact_info', 'social_media', 'key_people', 'services_products', 'business_details'] organization='Le Baluchon Éco-villégiature'
2026-03-10 01:32:34 [info     ] compound_start                 organization='Le Baluchon Éco-villégiature'
2026-03-10 01:32:58 [warning  ] compound_track_error           error="type object 'TriggerSource' has no attribute 'AI_AGENT'"
2026-03-10 01:32:58 [info     ] compound_done                  organization='Le Baluchon Éco-villégiature' section_ids=['recent_news', 'known_clients', 'competitors', 'online_presence', 'partnerships', 'recommendations', 'tech_stack', 'certifications'] sections_found=8
2026-03-10 01:32:58 [info     ] enrichment_pipeline_complete   fields_extracted=11 hunter_contacts=0 intelligence_sections=8 organization='Le Baluchon Éco-villégiature' status=done
2026-03-10 01:32:58 [info     ] intelligence_sections_saved    org_id=12a2ade0-e025-4cbe-93e9-8741d65ec8f6 sections=['recent_news', 'known_clients', 'competitors', 'online_presence', 'partnerships', 'recommendations', 'tech_stack', 'certifications']
2026-03-10 01:32:58 [info     ] deep_profile_saved             categories=['company_info', 'contact_info', 'social_media', 'key_people', 'services_products', 'business_details', 'intelligence_sections'] org_id=12a2ade0-e025-4cbe-93e9-8741d65ec8f6
2026-03-10 01:32:58 [info     ] enrichment_persisted           contacts_created=0 fields_updated=2 has_profile=True hunter_contacts=0 intelligence_sections=8 org_id=12a2ade0-e025-4cbe-93e9-8741d65ec8f6 org_name='Le Baluchon Éco-villégiature' pipeline_status=done
2026-03-10 01:32:58 [info     ] background_enrichment_done     fields_updated=2 org_id=12a2ade0-e025-4cbe-93e9-8741d65ec8f6 run_id=8e5960ea-9eb9-4869-83c1-aa90e743e7de status=done
INFO:     ::1:53900 - "GET /api/v1/organizations/12a2ade0-e025-4cbe-93e9-8741d65ec8f6 HTTP/1.1" 200 OK
INFO:     ::1:34244 - "GET /api/v1/organizations/12a2ade0-e025-4cbe-93e9-8741d65ec8f6 HTTP/1.1" 200 OK
INFO:     ::1:53900 - "GET /api/v1/organizations/12a2ade0-e025-4cbe-93e9-8741d65ec8f6 HTTP/1.1" 200 OK
INFO:     ::1:34244 - "GET /api/v1/organizations/12a2ade0-e025-4cbe-93e9-8741d65ec8f6 HTTP/1.1" 200 OK
INFO:     ::1:53900 - "GET /api/v1/organizations/12a2ade0-e025-4cbe-93e9-8741d65ec8f6 HTTP/1.1" 200 OK
INFO:     Shutting down
INFO:     Waiting for application shutdown.
2026-03-10 01:35:50 [info     ] api_shutdown
INFO:     Application shutdown complete.
INFO:     Finished server process [624186]
INFO:     Stopping reloader process [384521]
